0,1,0.4455986022949219,257.9343566894531,141.0618896484375,470.5375671386719,0.9004201889038086
0,2,267.68408203125,112.55493927001953,518.3968505859375,246.26055908203125,0.8938612341880798
0,3,0.34238433837890625,120.22904205322266,267.41778564453125,221.1265106201172,0.8695515990257263
0,4,1677.7298583984375,34.97748565673828,1726.2095947265625,197.3031463623047,0.6676604747772217
0,5,1214.87548828125,71.58048248291016,1264.8167724609375,190.21041870117188,0.5517257452011108
0,6,1116.8043212890625,30.951702117919922,1304.0260009765625,84.29290008544922,0.5505483150482178
0,7,1305.428955078125,42.07062530517578,1490.6331787109375,176.21974182128906,0.5208371877670288
0,8,953.0337524414062,40.03879165649414,1124.9569091796875,86.6683120727539,0.5061971545219421
0,9,951.4015502929688,174.50189208984375,988.2306518554688,221.56512451171875,0.4853457808494568
0,10,1084.7896728515625,174.4054412841797,1178.73779296875,298.84381103515625,0.4616048336029053
0,11,1097.0003662109375,80.97193908691406,1126.74658203125,172.62657165527344,0.4494381248950958
0,12,1117.010498046875,32.023582458496094,1304.059326171875,194.12965393066406,0.43088018894195557
0,13,1855.302978515625,10.815155982971191,1912.30517578125,42.496822357177734,0.4038713276386261
0,14,1067.46484375,81.75093841552734,1103.738037109375,174.27041625976562,0.3935728371143341
0,15,1306.83837890625,42.51905822753906,1490.3092041015625,87.53995513916016,0.3899325430393219
0,16,1067.9044189453125,81.00604248046875,1104.081298828125,147.08047485351562,0.388501912355423
1,1,0.471038818359375,258.7895812988281,140.97314453125,470.6387634277344,0.9084299802780151
1,2,267.341796875,113.00679016113281,518.7485961914062,246.0215606689453,0.8981555104255676
1,3,0.279052734375,119.76615905761719,268.14605712890625,222.37994384765625,0.8696056008338928
1,4,1676.5140380859375,34.61890411376953,1726.8585205078125,198.56973266601562,0.69464510679245
1,6,1117.95263671875,31.195632934570312,1303.1383056640625,84.30551147460938,0.5679354071617126
1,9,953.1011352539062,175.31703186035156,987.9552612304688,223.54005432128906,0.557063102722168
1,14,1067.284423828125,80.3840103149414,1105.3505859375,173.011474609375,0.5422155857086182
1,5,1213.5703125,70.67578125,1265.849853515625,189.22691345214844,0.5378427505493164
1,8,953.178955078125,39.73297119140625,1124.079345703125,86.58922576904297,0.5300682187080383
1,7,1304.4654541015625,41.98917770385742,1491.1290283203125,177.85617065429688,0.5063979029655457
1,10,1083.3575439453125,174.3698272705078,1180.7359619140625,298.117431640625,0.4824424982070923
1,11,1096.93505859375,80.62994384765625,1126.713134765625,172.42791748046875,0.41657963395118713
1,12,1117.8599853515625,32.102210998535156,1303.238525390625,192.8971405029297,0.41377928853034973
1,15,1306.10009765625,42.508975982666016,1490.6572265625,87.82585906982422,0.39424070715904236
1,13,1853.625732421875,10.502806663513184,1913.17529296875,42.26778030395508,0.33263617753982544
2,1,0.47142791748046875,258.89886474609375,141.03768920898438,470.72515869140625,0.907591700553894
2,2,267.3328857421875,112.9124755859375,518.6748657226562,245.99317932128906,0.8979153633117676
2,3,0.3523406982421875,119.58907318115234,268.2506103515625,222.2380828857422,0.8706759214401245
2,4,1676.42578125,34.58747863769531,1726.70068359375,198.8015899658203,0.694837749004364
2,6,1118.1053466796875,31.281692504882812,1303.127197265625,84.27003479003906,0.5663374662399292
2,9,953.0505981445312,175.25962829589844,987.9340209960938,223.67367553710938,0.5572813749313354
2,5,1213.563232421875,70.70281219482422,1265.8275146484375,189.3296356201172,0.5394598245620728
2,8,953.4334716796875,39.66727066040039,1124.2847900390625,86.38115692138672,0.5248849391937256
2,7,1304.4556884765625,42.088523864746094,1491.140625,177.80625915527344,0.5043781995773315
2,10,1083.39990234375,174.24098205566406,1180.784912109375,298.37481689453125,0.48381370306015015
2,14,1067.1607666015625,80.2411880493164,1105.842041015625,176.7607421875,0.4775104820728302
2,12,1118.0830078125,32.24370574951172,1303.24072265625,193.0387725830078,0.414434015750885
2,15,1306.083251953125,42.603416442871094,1490.6865234375,87.78378295898438,0.39756545424461365
2,11,1096.9453125,80.5396728515625,1126.7684326171875,172.3802032470703,0.3715817332267761
2,13,1853.1126708984375,10.06087589263916,1913.7513427734375,42.26871871948242,0.36591559648513794
3,1,0.4736480712890625,258.8801574707031,141.03790283203125,470.71856689453125,0.9073907732963562
3,2,267.3269348144531,112.93270874023438,518.7145385742188,245.8256378173828,0.8973778486251831
3,3,0.348175048828125,119.55693817138672,268.2753601074219,222.28395080566406,0.8710669279098511
3,4,1676.432861328125,34.55717849731445,1726.6572265625,198.31114196777344,0.6962369084358215
3,9,953.0355834960938,175.3413543701172,988.0153198242188,223.6107940673828,0.5647525787353516
3,6,1118.05859375,31.321735382080078,1303.1368408203125,84.21144104003906,0.5580020546913147
3,8,953.0297241210938,39.53767013549805,1124.6068115234375,86.47734832763672,0.5236515402793884
3,5,1213.5802001953125,70.75735473632812,1265.794677734375,189.3308868408203,0.5222100019454956
3,7,1304.4412841796875,42.037628173828125,1491.131591796875,177.24261474609375,0.5027622580528259
3,14,1067.193603515625,80.16570281982422,1105.6046142578125,176.50341796875,0.4891412556171417
3,10,1083.40478515625,174.31983947753906,1180.8392333984375,298.1596374511719,0.4872073829174042
3,12,1118.0443115234375,32.30218505859375,1303.1859130859375,193.02772521972656,0.42020323872566223
3,15,1306.0587158203125,42.54743957519531,1490.6905517578125,87.81015014648438,0.3970544636249542
3,11,1096.9765625,80.45654296875,1127.226318359375,172.3651885986328,0.387102872133255
3,13,1853.01708984375,9.805183410644531,1914.46728515625,42.693328857421875,0.3632625341415405
4,1,0.47321319580078125,259.0446472167969,141.0501708984375,470.7456970214844,0.9071907997131348
4,2,267.3529357910156,112.9059066772461,518.7874145507812,245.8953094482422,0.896497905254364
4,3,0.305511474609375,119.51665496826172,268.25555419921875,222.21620178222656,0.8707826733589172
4,4,1676.6788330078125,34.44281768798828,1726.7742919921875,197.95303344726562,0.7021791338920593
4,6,1118.0953369140625,31.355484008789062,1303.134033203125,84.18907928466797,0.5647192001342773
4,9,953.048095703125,175.27706909179688,988.0595092773438,223.61810302734375,0.5577417016029358
4,5,1213.4879150390625,70.28485107421875,1265.79931640625,189.35037231445312,0.5372161269187927
4,8,953.2183227539062,39.45402145385742,1124.4925537109375,86.52958679199219,0.5239211320877075
4,7,1304.395263671875,41.89741516113281,1491.169189453125,177.000244140625,0.49914923310279846
4,10,1083.2083740234375,174.23739624023438,1180.742431640625,298.4815979003906,0.4848564565181732
4,14,1067.1961669921875,80.9901123046875,1104.83203125,176.7409210205078,0.46876034140586853
4,12,1117.9857177734375,32.36128234863281,1303.2034912109375,193.01495361328125,0.41449809074401855
4,13,1852.6256103515625,9.809040069580078,1914.4075927734375,42.316349029541016,0.4062936007976532
4,11,1097.3604736328125,80.18751525878906,1127.603271484375,172.21563720703125,0.3999492824077606
4,15,1306.0064697265625,42.47766876220703,1490.75146484375,87.85386657714844,0.3983762860298157
5,1,0.4739112854003906,259.1283874511719,141.0584259033203,470.7542724609375,0.907343327999115
5,2,267.32244873046875,112.8949203491211,518.8020629882812,245.8722381591797,0.8964855670928955
5,3,0.25799560546875,119.4462890625,268.24365234375,222.2545166015625,0.8696284294128418
5,4,1676.7158203125,34.516021728515625,1726.6962890625,196.71194458007812,0.7096354365348816
5,6,1117.929931640625,31.31268310546875,1303.2432861328125,84.23211669921875,0.563266396522522
5,9,952.994384765625,175.14944458007812,987.96533203125,223.01138305664062,0.5322097539901733
5,5,1213.401611328125,69.91349029541016,1265.7880859375,189.7705078125,0.5296393632888794
5,8,953.4552612304688,39.58542251586914,1124.5445556640625,86.50042724609375,0.5192453861236572
5,14,1067.2001953125,81.35856628417969,1104.5296630859375,176.65773010253906,0.5047115683555603
5,7,1304.3104248046875,41.882484436035156,1491.206787109375,176.65090942382812,0.4979645907878876
5,10,1083.1578369140625,174.37380981445312,1180.61572265625,298.345458984375,0.48263970017433167
5,11,1097.6319580078125,80.2532958984375,1127.649169921875,172.573974609375,0.42917025089263916
5,12,1117.886474609375,32.35960388183594,1303.302734375,193.33599853515625,0.41906648874282837
5,13,1852.146728515625,9.826086044311523,1914.8079833984375,42.30726623535156,0.41479694843292236
5,15,1305.9420166015625,42.38070297241211,1490.7437744140625,87.81218719482422,0.40472152829170227
6,1,0.4729270935058594,259.1414794921875,140.84751892089844,470.7424621582031,0.9076638221740723
6,2,267.29571533203125,112.93341827392578,518.7540893554688,245.81039428710938,0.8976850509643555
6,3,0.3551788330078125,120.1237564086914,267.93194580078125,222.1898956298828,0.8699824213981628
6,4,1676.726806640625,34.63980484008789,1726.4644775390625,195.88375854492188,0.713530957698822
6,6,1118.057373046875,31.360496520996094,1303.0733642578125,84.03406524658203,0.5590202808380127
6,9,953.0114135742188,175.5562744140625,988.0156860351562,223.0362548828125,0.5380459427833557
6,5,1213.4263916015625,69.81985473632812,1265.7974853515625,189.7568817138672,0.5294886827468872
6,8,953.5823364257812,39.55087661743164,1124.48046875,86.60623168945312,0.5120570063591003
6,10,1083.1630859375,174.41908264160156,1180.6746826171875,297.5721435546875,0.4987807869911194
6,7,1304.4134521484375,41.94071960449219,1491.1978759765625,176.51133728027344,0.497118204832077
6,14,1067.211669921875,81.31084442138672,1104.638427734375,176.66305541992188,0.4859064221382141
6,11,1097.522216796875,80.35137176513672,1127.569091796875,172.46559143066406,0.42727017402648926
6,12,1118.0662841796875,32.429901123046875,1303.1126708984375,193.2812957763672,0.425415575504303
6,15,1306.0140380859375,42.422367095947266,1490.7470703125,87.8255844116211,0.40588873624801636
6,13,1852.035400390625,9.769291877746582,1915.8941650390625,42.42798614501953,0.3971240222454071
7,1,0.475433349609375,259.16607666015625,141.04330444335938,470.7433776855469,0.9075149297714233
7,2,267.3192138671875,112.89216613769531,518.6895141601562,245.7586212158203,0.8979812860488892
7,3,0.25431060791015625,119.42855834960938,268.1133117675781,222.3190155029297,0.8708091378211975
7,4,1676.5645751953125,34.52522277832031,1726.42822265625,195.826171875,0.7107741832733154
7,14,1067.3829345703125,80.52129364013672,1104.971923828125,170.09336853027344,0.5576974749565125
7,6,1118.09228515625,31.303504943847656,1303.0595703125,84.24211883544922,0.5529385805130005
7,9,953.272705078125,175.6730499267578,988.02685546875,223.09242248535156,0.5361475944519043
7,8,953.662353515625,39.44007110595703,1124.6444091796875,86.60089874267578,0.5141641497612
7,10,1082.8795166015625,174.50587463378906,1180.8402099609375,297.2930908203125,0.49838992953300476
7,7,1304.442626953125,41.827903747558594,1491.1851806640625,176.1840362548828,0.4890553951263428
7,5,1213.486572265625,69.700927734375,1265.4874267578125,189.8323974609375,0.4865257143974304
7,11,1097.2291259765625,80.31855010986328,1127.359130859375,173.2410888671875,0.4376543164253235
7,12,1118.109130859375,32.38970947265625,1303.0921630859375,193.05967712402344,0.42324426770210266
7,15,1306.0162353515625,42.45368194580078,1490.7359619140625,87.78854370117188,0.40902620553970337
7,13,1852.18408203125,10.019688606262207,1914.5728759765625,41.86592102050781,0.39012354612350464
8,1,0.47124481201171875,259.16278076171875,141.04014587402344,470.6858825683594,0.9073927402496338
8,2,267.319091796875,112.91402435302734,518.6663818359375,245.7509002685547,0.8985574245452881
8,3,0.36820220947265625,120.04740142822266,268.0626525878906,222.16627502441406,0.8709770441055298
8,4,1676.4814453125,34.54847717285156,1726.552001953125,195.78842163085938,0.7066495418548584
8,14,1067.33251953125,80.17215728759766,1105.17822265625,174.27801513671875,0.6303421854972839
8,6,1118.0845947265625,31.318817138671875,1303.482177734375,84.35530090332031,0.5535114407539368
8,9,953.496826171875,175.57498168945312,988.0651245117188,223.285400390625,0.537265956401825
8,8,953.4063720703125,39.25239944458008,1124.7132568359375,86.67327880859375,0.5193383097648621
8,10,1082.9466552734375,174.44668579101562,1180.7520751953125,297.4607849121094,0.5056466460227966
8,7,1304.4049072265625,41.963623046875,1491.1693115234375,176.5285186767578,0.4986875057220459
8,5,1213.5142822265625,69.58401489257812,1265.5048828125,189.8571319580078,0.4922012686729431
8,11,1097.1654052734375,80.23617553710938,1127.47412109375,173.35089111328125,0.4456605911254883
8,12,1118.119873046875,32.397789001464844,1303.5260009765625,193.12001037597656,0.42335939407348633
8,15,1306.02880859375,42.492279052734375,1490.6602783203125,87.77279663085938,0.40712517499923706
8,13,1852.2161865234375,9.419071197509766,1913.8670654296875,41.48976516723633,0.35663676261901855
9,1,0.479278564453125,259.17877197265625,141.12232971191406,470.62127685546875,0.9077630043029785
9,2,267.28619384765625,112.81607055664062,518.7921752929688,245.72373962402344,0.8980301022529602
9,3,0.2039337158203125,119.3704605102539,268.3457336425781,222.3196258544922,0.8713151216506958
9,4,1676.2723388671875,34.65751647949219,1726.7135009765625,196.11849975585938,0.699659526348114
9,14,1067.5146484375,79.8233871459961,1105.43359375,173.96466064453125,0.6125534772872925
9,9,953.3816528320312,174.94216918945312,988.2980346679688,223.11392211914062,0.5623405575752258
9,6,1118.281982421875,31.20919418334961,1303.510009765625,84.33338928222656,0.5622754693031311
9,8,954.1549072265625,39.33161926269531,1124.8060302734375,86.70160675048828,0.5172100067138672
9,5,1213.510009765625,69.7485580444336,1265.5155029296875,189.9593505859375,0.5043249130249023
9,7,1304.276123046875,42.08148193359375,1491.0784912109375,177.09841918945312,0.4998627007007599
9,10,1082.631591796875,174.30148315429688,1180.532958984375,297.9700012207031,0.49420034885406494
9,11,1097.2218017578125,79.90402221679688,1127.2265625,173.1171112060547,0.4341965913772583
9,12,1118.3255615234375,32.28710174560547,1303.52978515625,193.34481811523438,0.417891263961792
9,15,1305.93798828125,42.553001403808594,1490.57666015625,87.76293182373047,0.4060503840446472
9,13,1851.7239990234375,8.884929656982422,1915.2374267578125,42.137306213378906,0.3948984444141388
10,1,0.4782829284667969,259.17095947265625,141.15463256835938,470.60028076171875,0.9075379967689514
10,2,267.2837219238281,112.95733642578125,518.6489868164062,245.6732940673828,0.898871123790741
10,3,0.21366119384765625,119.2507553100586,268.36505126953125,222.53797912597656,0.8715854287147522
10,4,1676.16357421875,34.663238525390625,1726.951171875,196.0341033935547,0.6932190656661987
10,14,1067.3173828125,79.82945251464844,1105.1502685546875,175.2305145263672,0.6420336365699768
10,9,953.2198486328125,174.74876403808594,988.283447265625,222.98153686523438,0.5700486302375793
10,6,1118.4239501953125,31.19487762451172,1303.2659912109375,84.28519439697266,0.564202606678009
10,8,953.3272705078125,39.451698303222656,1124.4412841796875,86.68341064453125,0.519146740436554
10,7,1304.220947265625,42.0548095703125,1491.123291015625,177.49032592773438,0.5037351846694946
10,5,1213.5184326171875,69.71674346923828,1265.5584716796875,190.47708129882812,0.4958319664001465
10,10,1082.71435546875,174.16012573242188,1180.6385498046875,297.4864196777344,0.4909099340438843
10,11,1096.989990234375,80.05238342285156,1127.4437255859375,173.57945251464844,0.4714840352535248
10,12,1118.58544921875,32.31425094604492,1303.337158203125,193.61070251464844,0.41432034969329834
10,15,1305.940185546875,42.49990463256836,1490.606689453125,87.7679672241211,0.406628280878067
10,13,1850.9560546875,9.159873962402344,1915.557861328125,42.29758071899414,0.3478694260120392
11,1,0.4730644226074219,258.8546142578125,141.06051635742188,470.4579162597656,0.9077316522598267
11,2,267.2558898925781,112.97592163085938,518.5525512695312,245.7307891845703,0.897901713848114
11,3,0.274200439453125,119.38607788085938,268.409423828125,222.6258087158203,0.8714610934257507
11,4,1676.072021484375,34.595664978027344,1727.31298828125,195.816650390625,0.6970276832580566
11,14,1067.080810546875,79.78997039794922,1105.1846923828125,175.9844512939453,0.6456351280212402
11,9,953.212646484375,174.75311279296875,988.38427734375,223.03399658203125,0.5750786066055298
11,6,1117.97705078125,31.191158294677734,1303.317138671875,84.3513412475586,0.5695428848266602
11,8,952.8863525390625,39.422767639160156,1124.246337890625,86.53129577636719,0.5235407948493958
11,10,1082.69677734375,174.4596405029297,1180.44580078125,297.0111999511719,0.5089515447616577
11,7,1304.2244873046875,41.902931213378906,1491.171142578125,177.02743530273438,0.5024580359458923
11,5,1213.74072265625,69.95684051513672,1265.659912109375,190.8895263671875,0.48421743512153625
11,11,1097.1551513671875,79.96808624267578,1127.55615234375,173.79859924316406,0.47009003162384033
11,12,1118.1285400390625,32.318138122558594,1303.3641357421875,194.30758666992188,0.4168979823589325
11,15,1305.8994140625,42.34614181518555,1490.62939453125,87.8155288696289,0.4066600501537323
11,13,1851.540283203125,9.083109855651855,1914.9639892578125,42.28193664550781,0.3967749774456024
12,1,0.45311737060546875,259.0216369628906,141.0032196044922,470.208984375,0.9068007469177246
12,2,267.1629638671875,113.05529022216797,518.7169189453125,246.0043182373047,0.9016522169113159
12,3,0.465362548828125,119.43596649169922,268.65869140625,222.27764892578125,0.875328004360199
12,4,1677.190185546875,34.297393798828125,1727.7939453125,194.75299072265625,0.713273823261261
12,14,1067.075439453125,79.72112274169922,1105.0478515625,175.802490234375,0.6303895115852356
12,6,1118.2420654296875,30.63852310180664,1303.555419921875,84.0139389038086,0.5749952793121338
12,9,953.4058227539062,175.1513671875,988.7085571289062,223.2176513671875,0.5507031679153442
12,8,953.7086791992188,39.5888786315918,1123.3162841796875,86.08209991455078,0.5372902154922485
12,7,1304.14794921875,41.731201171875,1490.685546875,176.44570922851562,0.5110678672790527
12,11,1096.7645263671875,80.46185302734375,1127.422119140625,173.49295043945312,0.5061987638473511
12,5,1213.833740234375,69.22265625,1265.49462890625,190.32138061523438,0.5059494376182556
12,10,1081.8519287109375,173.3455810546875,1181.7696533203125,297.4413757324219,0.42568692564964294
12,12,1118.2589111328125,31.53009796142578,1303.530517578125,193.66270446777344,0.40425556898117065
12,15,1305.8585205078125,42.12462615966797,1490.283447265625,87.63697814941406,0.3967728316783905
12,13,1851.79150390625,9.345986366271973,1914.855224609375,42.00944137573242,0.3667370080947876
13,1,0.4518013000488281,259.0597229003906,141.0161895751953,470.2222595214844,0.9069211483001709
13,2,267.1515197753906,112.98866271972656,518.7125854492188,245.95367431640625,0.9015374779701233
13,3,0.46977996826171875,119.29875183105469,268.71484375,222.23675537109375,0.8764780163764954
13,4,1677.0780029296875,34.281028747558594,1727.7462158203125,194.83282470703125,0.7155507802963257
13,14,1067.03466796875,79.72837829589844,1104.98876953125,175.9108428955078,0.6385399699211121
13,6,1117.9241943359375,30.684894561767578,1303.7000732421875,84.12712860107422,0.5697296261787415
13,9,953.3865966796875,175.22914123535156,988.6611328125,223.2344512939453,0.5446159839630127
13,8,953.7885131835938,39.68605041503906,1123.482177734375,86.1360855102539,0.5363644361495972
13,5,1213.791259765625,69.17138671875,1265.5206298828125,190.08425903320312,0.5110466480255127
13,7,1304.104736328125,41.69171905517578,1490.70166015625,176.58705139160156,0.50935298204422
13,11,1096.9510498046875,80.24871826171875,1127.5516357421875,173.6465606689453,0.5015789866447449
13,10,1082.02587890625,173.21612548828125,1181.5546875,297.6129455566406,0.4253540635108948
13,12,1118.033935546875,31.6175537109375,1303.6640625,193.54042053222656,0.41273561120033264
13,15,1305.8251953125,42.10121154785156,1490.2969970703125,87.61910247802734,0.39856645464897156
13,13,1852.11328125,9.645858764648438,1912.770263671875,41.394081115722656,0.3808543384075165
13,17,974.9632568359375,186.89141845703125,1049.600830078125,285.7508239746094,0.35059985518455505
14,1,0.45755767822265625,259.0450744628906,141.02857971191406,470.2013854980469,0.9068773984909058
14,2,267.1839294433594,112.95437622070312,518.6979370117188,245.9703826904297,0.9018681049346924
14,3,0.51123046875,119.23635864257812,268.9314880371094,222.36785888671875,0.8770834803581238
14,4,1677.352294921875,34.24394989013672,1727.4613037109375,193.8757781982422,0.7200161814689636
14,14,1066.9576416015625,79.68356323242188,1105.068115234375,175.78221130371094,0.6248782277107239
14,6,1117.8582763671875,30.646499633789062,1303.4935302734375,84.10281372070312,0.5671443939208984
14,9,953.0945434570312,175.45266723632812,988.5459594726562,223.08535766601562,0.5592803359031677
14,8,953.9533081054688,39.60662841796875,1123.8238525390625,86.10948944091797,0.5375398993492126
14,7,1303.920166015625,41.796730041503906,1490.6763916015625,176.73936462402344,0.5046101212501526
14,5,1213.76318359375,69.22029876708984,1265.5596923828125,190.06027221679688,0.4979223906993866
14,11,1097.378173828125,80.25178527832031,1127.5223388671875,173.5169677734375,0.4733714163303375
14,10,1082.1031494140625,173.33221435546875,1181.52587890625,297.5906066894531,0.424702912569046
14,12,1117.9498291015625,31.62688636779785,1303.499755859375,193.67047119140625,0.41704532504081726
14,15,1305.6387939453125,42.2354850769043,1490.26513671875,87.64888763427734,0.40378400683403015
14,17,975.0089721679688,186.8230743408203,1049.7012939453125,285.8179931640625,0.3404879868030548
14,13,1852.281005859375,9.720030784606934,1913.385498046875,41.3294792175293,0.3396470248699188
15,1,0.45650482177734375,259.1091613769531,141.0651092529297,470.1998291015625,0.9069803953170776
15,2,267.2254943847656,112.95767211914062,518.74169921875,245.95147705078125,0.9014795422554016
15,3,0.4695281982421875,119.2188491821289,268.98193359375,222.31134033203125,0.8772178292274475
15,4,1677.732421875,34.297760009765625,1727.2613525390625,193.604736328125,0.7266656756401062
15,14,1066.97607421875,79.92860412597656,1104.8909912109375,175.30897521972656,0.6264386177062988
15,6,1117.925537109375,30.66126251220703,1303.5655517578125,84.07264709472656,0.5608565211296082
15,9,952.9273681640625,175.7775421142578,988.5558471679688,223.0078582763672,0.5575439929962158
15,8,954.0809326171875,39.75589370727539,1123.4520263671875,86.11544799804688,0.5361416339874268
15,7,1303.8798828125,41.72239303588867,1490.652587890625,176.70709228515625,0.5039455890655518
15,11,1097.1527099609375,80.08168029785156,1127.197998046875,173.19534301757812,0.48927590250968933
15,5,1213.7838134765625,69.14769744873047,1265.7568359375,190.05514526367188,0.467741459608078
15,10,1082.2215576171875,173.23178100585938,1181.4013671875,297.5811767578125,0.42444783449172974
15,12,1118.110595703125,31.688232421875,1303.55322265625,193.53282165527344,0.41774535179138184
15,15,1305.6512451171875,42.15273666381836,1490.227783203125,87.5808334350586,0.4048059284687042
15,13,1852.5816650390625,9.807600975036621,1914.5394287109375,42.0047721862793,0.3687569200992584
15,17,975.0379638671875,186.9004669189453,1049.7801513671875,285.89990234375,0.33937111496925354
16,1,0.45847320556640625,259.14971923828125,141.09613037109375,470.2154846191406,0.9072603583335876
16,2,267.1719665527344,112.90184783935547,518.6373901367188,245.95066833496094,0.9020501375198364
16,3,0.483123779296875,119.31526184082031,268.9940490722656,222.32601928710938,0.8770676851272583
16,4,1678.029052734375,34.188358306884766,1726.9453125,193.29794311523438,0.7276201248168945
16,14,1066.9739990234375,79.85565948486328,1104.7940673828125,175.88214111328125,0.644349217414856
16,6,1118.079833984375,30.687171936035156,1303.9044189453125,84.03254699707031,0.5668594837188721
16,9,952.916748046875,175.7929229736328,988.519775390625,222.7808074951172,0.551772952079773
16,8,953.5226440429688,39.56248092651367,1123.8729248046875,86.03583526611328,0.5353399515151978
16,7,1304.0277099609375,41.82014465332031,1490.5164794921875,175.8522186279297,0.507077693939209
16,5,1213.6195068359375,69.11144256591797,1265.728759765625,190.08990478515625,0.48976290225982666
16,11,1096.469482421875,80.27412414550781,1126.8555908203125,173.68373107910156,0.48018261790275574
16,12,1118.3193359375,31.733367919921875,1303.835205078125,193.2952880859375,0.41910433769226074
16,10,1082.5235595703125,172.92933654785156,1181.388427734375,297.38433837890625,0.40345847606658936
16,15,1305.7452392578125,42.24648666381836,1490.1427001953125,87.55977630615234,0.40089133381843567
16,17,974.7756958007812,186.98464965820312,1049.57666015625,285.9813537597656,0.3323187530040741
16,13,1852.3463134765625,9.880971908569336,1914.8262939453125,42.20192337036133,0.30218926072120667
17,1,0.46002960205078125,259.1069641113281,141.0469207763672,470.2713317871094,0.9074927568435669
17,2,267.18841552734375,112.81741333007812,518.6724853515625,245.7937774658203,0.9013190269470215
17,3,0.5053024291992188,119.27135467529297,269.0908203125,222.4356689453125,0.8770402669906616
17,4,1678.0484619140625,34.300140380859375,1727.0159912109375,192.3907928466797,0.7319855690002441
17,14,1067.0006103515625,79.85076141357422,1105.028564453125,175.6161346435547,0.6365875601768494
17,6,1118.00390625,30.735557556152344,1304.0760498046875,84.03192901611328,0.5633849501609802
17,9,952.7274169921875,175.17074584960938,988.505126953125,222.71426391601562,0.5631190538406372
17,8,952.9910888671875,39.456932067871094,1124.081298828125,85.95162963867188,0.534561812877655
17,7,1304.046875,41.744384765625,1490.5723876953125,176.38101196289062,0.5019547939300537
17,5,1213.5059814453125,69.05690002441406,1265.76123046875,190.30247497558594,0.4609934687614441
17,11,1096.2923583984375,80.55226135253906,1126.999755859375,173.72232055664062,0.4606319069862366
17,12,1118.1478271484375,31.80919647216797,1304.0101318359375,193.35887145996094,0.4256671369075775
17,15,1305.75537109375,42.1655387878418,1490.2965087890625,87.6427993774414,0.40441200137138367
17,10,1082.2841796875,172.92864990234375,1181.6943359375,298.078857421875,0.37706032395362854
17,17,974.9031982421875,187.0880126953125,1049.321044921875,286.0326232910156,0.32473495602607727
17,13,1852.653076171875,10.200599670410156,1914.73388671875,42.671024322509766,0.32193344831466675
18,1,0.4575462341308594,259.13055419921875,141.03602600097656,470.2790222167969,0.9077385663986206
18,2,267.04254150390625,112.89668273925781,518.796630859375,245.74795532226562,0.9027636647224426
18,3,0.5592041015625,119.24254608154297,269.0780029296875,222.4779510498047,0.875433087348938
18,4,1677.9737548828125,34.32158660888672,1727.0262451171875,192.8246612548828,0.731762707233429
18,14,1066.951171875,79.8541259765625,1105.043701171875,176.01626586914062,0.6429901719093323
18,6,1117.8809814453125,30.72754669189453,1304.0321044921875,83.99781036376953,0.5759578943252563
18,9,952.8059692382812,175.14431762695312,988.4756469726562,222.5870361328125,0.5750522613525391
18,8,952.8999633789062,39.63844299316406,1123.9013671875,86.06270599365234,0.5285629630088806
18,7,1303.908447265625,41.80948257446289,1490.49658203125,176.33299255371094,0.5037438273429871
18,11,1096.5908203125,80.58226776123047,1127.2059326171875,173.7425994873047,0.48321714997291565
18,5,1213.34814453125,69.04142761230469,1265.83349609375,189.91355895996094,0.4659343659877777
18,12,1117.9140625,31.735748291015625,1303.99951171875,193.00437927246094,0.4091508090496063
18,15,1305.6302490234375,42.17571258544922,1490.16943359375,87.73503112792969,0.4048943817615509
18,10,1082.091064453125,173.29217529296875,1182.1285400390625,297.771240234375,0.39690712094306946
18,17,974.7324829101562,186.89263916015625,1049.143798828125,286.4848937988281,0.33489707112312317
19,1,0.4607963562011719,258.9833068847656,140.91943359375,470.2706298828125,0.907757580280304
19,2,267.0684814453125,112.78968048095703,518.7279663085938,245.73834228515625,0.9033066034317017
19,3,0.5784759521484375,119.12382507324219,269.02783203125,222.5006103515625,0.8767063021659851
19,4,1677.8507080078125,34.34248352050781,1726.9844970703125,194.4052734375,0.7268917560577393
19,14,1066.861572265625,79.9972915649414,1105.1412353515625,175.88284301757812,0.6603500247001648
19,6,1118.077880859375,30.709945678710938,1303.92041015625,84.02323913574219,0.5977687239646912
19,9,952.7378540039062,175.17088317871094,988.4765625,222.59474182128906,0.5596872568130493
19,8,953.0994873046875,39.57769775390625,1124.1485595703125,86.02677154541016,0.5320063233375549
19,7,1304.047607421875,41.77051544189453,1490.3720703125,176.53390502929688,0.5046389102935791
19,5,1213.58544921875,68.76519012451172,1265.892822265625,190.13746643066406,0.4944947063922882
19,11,1096.5467529296875,81.218994140625,1127.1173095703125,173.4064178466797,0.4220259487628937
19,15,1305.7144775390625,42.1701774597168,1490.0504150390625,87.76856231689453,0.4037210941314697
19,10,1082.050537109375,173.35255432128906,1181.8323974609375,297.8085021972656,0.4021894335746765
19,12,1117.9986572265625,31.637712478637695,1303.9581298828125,193.34593200683594,0.3966718912124634
19,17,974.7894287109375,186.91566467285156,1049.2880859375,286.67938232421875,0.33502858877182007
20,1,0.46469879150390625,259.0196228027344,140.88592529296875,470.3504333496094,0.9074907898902893
20,2,267.06597900390625,112.41934967041016,518.5880737304688,245.73001098632812,0.9031568765640259
20,3,0.5111160278320312,119.0196533203125,268.9633483886719,222.48463439941406,0.8754696846008301
20,4,1677.8603515625,34.38701629638672,1727.0545654296875,193.82395935058594,0.725654125213623
20,14,1066.8350830078125,80.18534088134766,1105.0859375,176.0485382080078,0.645601749420166
20,6,1117.9168701171875,30.67551040649414,1304.0501708984375,83.92223358154297,0.595795214176178
20,9,952.8133544921875,174.91864013671875,988.5859375,222.62965393066406,0.5527829527854919
20,8,954.3590698242188,39.54693603515625,1124.126708984375,85.9530258178711,0.5367721319198608
20,7,1304.0347900390625,41.74196243286133,1490.403564453125,176.96200561523438,0.5028731226921082
20,5,1213.7398681640625,68.7286148071289,1265.883544921875,189.96450805664062,0.45514875650405884
20,11,1096.820556640625,80.89588165283203,1127.3424072265625,173.2671661376953,0.44812050461769104
20,15,1305.7130126953125,42.148223876953125,1490.1038818359375,87.77925109863281,0.40483731031417847
20,12,1117.7373046875,31.644424438476562,1304.0372314453125,193.1513214111328,0.3938775062561035
20,10,1082.3404541015625,173.43777465820312,1181.865234375,297.96185302734375,0.38811731338500977
20,17,974.4867553710938,186.88247680664062,1049.3292236328125,286.8183288574219,0.3475094139575958
20,13,1852.0693359375,10.142626762390137,1914.70166015625,42.86521911621094,0.31610772013664246
21,1,0.4659233093261719,259.03289794921875,140.90887451171875,470.3317565917969,0.907414436340332
21,2,267.0867919921875,112.33980560302734,518.5799560546875,245.682373046875,0.9031315445899963
21,3,0.46895599365234375,119.06271362304688,268.9312438964844,222.4691619873047,0.876406192779541
21,4,1677.90087890625,34.42833709716797,1727.061767578125,193.49075317382812,0.7255399823188782
21,14,1066.81640625,80.06352996826172,1105.1131591796875,175.51708984375,0.6116675138473511
21,6,1118.003662109375,30.70492172241211,1304.1241455078125,83.9729232788086,0.5905635356903076
21,9,953.1505737304688,175.15773010253906,988.5529174804688,222.7755889892578,0.5467960834503174
21,8,954.5487670898438,39.65445327758789,1124.03955078125,85.86425018310547,0.5322582125663757
21,7,1304.0723876953125,41.702476501464844,1490.36474609375,176.8849334716797,0.5016493201255798
21,11,1096.976806640625,80.5085678100586,1127.2869873046875,172.96652221679688,0.48388081789016724
21,5,1213.777587890625,68.58192443847656,1265.8800048828125,190.1070556640625,0.43167370557785034
21,12,1118.026611328125,31.727210998535156,1304.071533203125,193.20022583007812,0.4043281078338623
21,15,1305.7371826171875,42.12179946899414,1490.0772705078125,87.723388671875,0.4036981761455536
21,10,1082.2943115234375,173.3518524169922,1181.923095703125,298.1899108886719,0.3784276843070984
21,13,1852.6776123046875,10.428142547607422,1913.9761962890625,42.650917053222656,0.35453829169273376
21,17,974.3406982421875,186.77137756347656,1049.272705078125,286.92291259765625,0.3346516489982605
22,1,0.46730804443359375,259.084716796875,140.97337341308594,470.3075866699219,0.9078397154808044
22,2,267.0747375488281,112.49677276611328,518.6873779296875,245.70718383789062,0.9025839567184448
22,3,0.47248077392578125,119.02348327636719,268.89398193359375,222.53521728515625,0.876545250415802
22,4,1678.048095703125,34.46202850341797,1726.995849609375,193.07191467285156,0.7323247194290161
22,14,1066.9154052734375,80.11761474609375,1104.997314453125,176.11495971679688,0.6319727897644043
22,6,1118.069580078125,30.73088836669922,1304.1197509765625,83.97029113769531,0.5943574905395508
22,9,953.1572265625,175.38107299804688,988.5408935546875,222.9846954345703,0.5421037077903748
22,8,954.322998046875,39.56396484375,1124.10498046875,85.87619018554688,0.5306342840194702
22,7,1304.0877685546875,41.70655059814453,1490.373046875,176.75344848632812,0.4980670213699341
22,11,1097.0311279296875,80.20149993896484,1126.72314453125,172.9931182861328,0.48499757051467896
22,5,1213.7135009765625,68.58386993408203,1265.82861328125,190.3629608154297,0.4464084804058075
22,13,1852.7772216796875,10.124959945678711,1915.0330810546875,43.3211669921875,0.4035510718822479
22,15,1305.7452392578125,42.1529541015625,1490.0828857421875,87.69005584716797,0.4030412435531616
22,12,1118.04052734375,31.753143310546875,1304.1033935546875,193.44644165039062,0.40295401215553284
22,10,1082.244140625,173.09739685058594,1181.860107421875,298.1805725097656,0.3621421158313751
22,17,974.22802734375,186.65890502929688,1049.354736328125,287.1339111328125,0.328545480966568
23,1,0.4541473388671875,259.2645263671875,140.98388671875,470.29302978515625,0.9078968167304993
23,2,267.0539855957031,112.55319213867188,518.8566284179688,245.77761840820312,0.902678370475769
23,3,0.540985107421875,119.06826782226562,268.816162109375,222.514892578125,0.8764873743057251
23,4,1678.52197265625,34.35255813598633,1726.9127197265625,192.56922912597656,0.7331594228744507
23,14,1067.043212890625,79.78971862792969,1104.917724609375,176.53822326660156,0.6353998184204102
23,6,1118.103515625,30.68130111694336,1304.0225830078125,83.9873275756836,0.6084060072898865
23,9,953.23681640625,175.72572326660156,988.4410400390625,223.2805938720703,0.5405404567718506
23,8,954.2037963867188,39.71141052246094,1124.2589111328125,85.87733459472656,0.525112509727478
23,7,1304.0811767578125,41.62367248535156,1490.3385009765625,177.22409057617188,0.5001406669616699
23,11,1096.8111572265625,80.01679229736328,1126.3651123046875,173.3648681640625,0.49418216943740845
23,5,1213.4326171875,68.58313751220703,1265.9241943359375,190.02719116210938,0.46726012229919434
23,13,1852.893310546875,10.129852294921875,1914.93896484375,43.38069534301758,0.40685468912124634
23,15,1305.8104248046875,42.07585144042969,1490.0692138671875,87.74658966064453,0.40321797132492065
23,12,1117.911376953125,31.63385009765625,1304.06005859375,193.09927368164062,0.38897261023521423
23,10,1082.4100341796875,173.1239776611328,1181.640380859375,298.3971862792969,0.34828656911849976
23,17,974.3514404296875,186.93960571289062,1049.2877197265625,286.61407470703125,0.3358096778392792
24,1,0.4591484069824219,258.92596435546875,141.17074584960938,470.4418029785156,0.9083251357078552
24,2,267.0740661621094,112.29705810546875,518.6874389648438,245.73033142089844,0.9016649127006531
24,3,0.6975860595703125,118.9395980834961,269.0208435058594,222.5013885498047,0.875525176525116
24,4,1677.9691162109375,34.47065734863281,1727.1376953125,191.18299865722656,0.737945556640625
24,14,1067.143798828125,79.95039367675781,1104.9300537109375,177.7697296142578,0.68463134765625
24,6,1118.1304931640625,30.725933074951172,1303.6937255859375,84.01799774169922,0.6068617701530457
24,9,953.3997802734375,176.62078857421875,988.390869140625,223.38455200195312,0.5880535840988159
24,5,1212.817138671875,68.56377410888672,1265.9327392578125,191.7008056640625,0.5390564203262329
24,8,953.7391357421875,39.54030227661133,1124.505126953125,86.19754028320312,0.5251539945602417
24,7,1304.2406005859375,41.33475875854492,1490.4705810546875,177.37643432617188,0.5052280426025391
24,11,1097.02197265625,79.56257629394531,1126.3165283203125,174.03407287597656,0.48717963695526123
24,13,1852.306640625,9.971766471862793,1914.126708984375,43.91748046875,0.4500204026699066
24,12,1117.81201171875,31.5948486328125,1303.780517578125,194.58261108398438,0.3985230028629303
24,15,1305.9881591796875,41.8134880065918,1490.2314453125,87.73876190185547,0.3868817389011383
24,10,1082.76953125,173.46762084960938,1181.083251953125,296.89178466796875,0.33577054738998413
25,1,0.4584617614746094,259.00811767578125,141.19290161132812,470.4256286621094,0.9088404178619385
25,2,267.04901123046875,112.2939453125,518.7366333007812,245.7261199951172,0.9017413854598999
25,3,0.6984100341796875,118.97541809082031,268.9849548339844,222.533203125,0.8744961023330688
25,4,1678.17919921875,34.49317932128906,1727.1650390625,191.09010314941406,0.736096978187561
25,14,1067.1265869140625,80.038330078125,1104.8946533203125,177.9884490966797,0.679099440574646
25,6,1118.0130615234375,30.760208129882812,1303.732177734375,83.96981048583984,0.6097264289855957
25,9,953.4642333984375,176.63832092285156,988.3564453125,223.4092254638672,0.5788826942443848
25,5,1212.7210693359375,68.64527893066406,1265.983154296875,191.7329864501953,0.5423348546028137
25,8,953.4605712890625,39.614688873291016,1124.69677734375,86.17547607421875,0.5226796269416809
25,7,1304.239013671875,41.30815887451172,1490.4578857421875,177.52084350585938,0.507123589515686
25,11,1097.0672607421875,79.48356628417969,1126.3905029296875,174.4068145751953,0.4546974003314972
25,13,1852.1671142578125,10.285446166992188,1914.0465087890625,43.615013122558594,0.42526623606681824
25,12,1117.6585693359375,31.63715171813965,1303.812744140625,194.5755157470703,0.39885836839675903
25,15,1305.9703369140625,41.764949798583984,1490.232666015625,87.77580261230469,0.38674575090408325
25,10,1082.9073486328125,173.58169555664062,1180.96435546875,296.8912353515625,0.336538165807724
26,1,0.4563102722167969,259.167236328125,141.18978881835938,470.4486999511719,0.9086421728134155
26,2,267.0267028808594,112.42918395996094,518.657958984375,245.7069854736328,0.9019313454627991
26,3,0.6974029541015625,119.03800964355469,268.8975830078125,222.56666564941406,0.8755760788917542
26,4,1678.2352294921875,34.49107360839844,1727.3074951171875,191.79698181152344,0.7288569211959839
26,14,1067.1826171875,80.02983856201172,1104.8192138671875,177.73692321777344,0.6633086204528809
26,6,1117.7493896484375,30.762130737304688,1303.727294921875,83.87723541259766,0.6151542067527771
26,9,953.4869384765625,176.55514526367188,988.35498046875,223.3444061279297,0.5706794857978821
26,5,1212.5087890625,68.66773223876953,1266.11181640625,191.48558044433594,0.5550700426101685
26,8,953.7715454101562,39.575592041015625,1124.706298828125,86.10726928710938,0.5249401926994324
26,7,1304.210205078125,41.29511260986328,1490.4486083984375,177.70181274414062,0.5069447755813599
26,11,1096.8951416015625,79.51492309570312,1126.1824951171875,173.86903381347656,0.43312782049179077
26,13,1850.66357421875,10.042041778564453,1914.588623046875,43.54151916503906,0.4152883291244507
26,12,1117.30810546875,31.628705978393555,1303.869873046875,194.2590789794922,0.38875794410705566
26,15,1305.948486328125,41.766014099121094,1490.211181640625,87.77227020263672,0.38541749119758606
26,10,1082.896240234375,173.61672973632812,1181.143798828125,296.78704833984375,0.3481946587562561
27,1,0.4644012451171875,258.91656494140625,141.12510681152344,470.6292419433594,0.9078285098075867
27,2,266.97821044921875,112.36665344238281,518.6543579101562,245.54525756835938,0.8979195952415466
27,3,0.5092620849609375,119.03826141357422,268.57415771484375,222.3689727783203,0.8749820590019226
27,4,1678.0533447265625,34.4218864440918,1727.2523193359375,192.37950134277344,0.7263780236244202
27,14,1067.195068359375,80.10706329345703,1104.856201171875,177.44229125976562,0.6882355213165283
27,6,1117.9249267578125,30.819786071777344,1303.5831298828125,83.7685317993164,0.6016772389411926
27,9,953.6634521484375,176.78421020507812,988.6343994140625,223.19760131835938,0.5745216012001038
27,8,954.1257934570312,39.573280334472656,1124.7734375,86.20637512207031,0.5272643566131592
27,5,1212.712646484375,68.59181213378906,1266.18896484375,190.9420166015625,0.5232222080230713
27,7,1304.235595703125,41.29948425292969,1490.49267578125,177.15074157714844,0.5076570510864258
27,11,1096.6890869140625,79.50544738769531,1126.130126953125,174.15953063964844,0.4069006145000458
27,12,1117.6883544921875,31.70592498779297,1303.7110595703125,193.75503540039062,0.395673006772995
27,13,1848.870849609375,10.470050811767578,1914.173583984375,43.328338623046875,0.38184139132499695
27,15,1305.9847412109375,41.74611282348633,1490.29150390625,87.73384857177734,0.3792669475078583
27,10,1082.4296875,173.8026580810547,1180.948974609375,295.68212890625,0.3198792040348053
27,17,974.29833984375,186.7158203125,1049.3988037109375,286.87738037109375,0.3003915846347809
28,1,0.4693450927734375,259.0052795410156,141.18692016601562,470.4925537109375,0.908159077167511
28,2,266.96722412109375,112.73397064208984,518.7125244140625,245.7839813232422,0.8991397619247437
28,3,0.44721221923828125,119.11421203613281,268.5992736816406,222.29351806640625,0.8748793005943298
28,4,1678.0833740234375,34.56031036376953,1727.2080078125,191.95895385742188,0.72986900806427
28,14,1067.2413330078125,79.8658676147461,1105.1451416015625,177.40550231933594,0.7021473050117493
28,6,1117.833251953125,30.77918243408203,1303.571533203125,83.87640380859375,0.5925413370132446
28,9,953.5880126953125,176.54750061035156,988.4950561523438,223.4878692626953,0.5900477170944214
28,8,954.1133422851562,39.596229553222656,1124.9437255859375,86.37181091308594,0.5263903141021729
28,5,1212.804931640625,68.46302032470703,1266.0848388671875,190.68896484375,0.5087633728981018
28,7,1304.217041015625,41.41413116455078,1490.4327392578125,177.1504669189453,0.50264573097229
28,11,1096.722900390625,79.39205932617188,1126.1502685546875,174.3936309814453,0.4117937684059143
28,12,1117.6439208984375,31.749916076660156,1303.6259765625,193.6087646484375,0.40941891074180603
28,15,1305.9766845703125,41.91325759887695,1490.1072998046875,87.64471435546875,0.3836848735809326
28,13,1850.455810546875,11.191901206970215,1914.8580322265625,43.87063980102539,0.3793121874332428
28,10,1082.5301513671875,173.80943298339844,1181.1602783203125,296.26092529296875,0.36429670453071594
28,17,974.7237548828125,186.80804443359375,1049.2802734375,286.9558410644531,0.3140372335910797
29,1,0.4657630920410156,258.9964904785156,141.20761108398438,470.5120544433594,0.908341109752655
29,2,267.0104064941406,112.76354217529297,518.6229858398438,245.72804260253906,0.9007510542869568
29,3,0.432586669921875,119.1390609741211,268.6772766113281,222.33340454101562,0.8749039769172668
29,4,1677.970458984375,34.61475372314453,1727.31591796875,191.7440185546875,0.7289578914642334
29,14,1067.22119140625,79.83224487304688,1104.960693359375,177.34478759765625,0.7099012136459351
29,9,953.5244750976562,176.8217010498047,988.5250854492188,223.5275115966797,0.5871571898460388
29,6,1117.8131103515625,30.870277404785156,1303.1689453125,83.8337631225586,0.5848327279090881
29,8,952.9698486328125,39.64324188232422,1124.908203125,86.48831176757812,0.5313737392425537
29,7,1304.18017578125,41.43727493286133,1490.365478515625,177.2958526611328,0.49859941005706787
29,5,1212.6322021484375,68.51921081542969,1265.9862060546875,190.58193969726562,0.4955205023288727
29,11,1096.706787109375,79.30471801757812,1126.423095703125,174.39385986328125,0.42690637707710266
29,12,1117.645751953125,31.878250122070312,1303.2030029296875,193.491943359375,0.4135065972805023
29,13,1848.7760009765625,10.86870002746582,1915.13818359375,44.73738479614258,0.39559611678123474
29,15,1305.896728515625,41.93559646606445,1490.010498046875,87.73516845703125,0.3854406177997589
29,10,1082.645263671875,173.98109436035156,1181.243896484375,296.29461669921875,0.3678401708602905
29,17,975.0961303710938,186.7573699951172,1049.2801513671875,286.9843444824219,0.30409863591194153
30,1,0.46511077880859375,259.2972106933594,141.12008666992188,470.43603515625,0.9096777439117432
30,2,267.0396728515625,112.58873748779297,518.2582397460938,246.00221252441406,0.9021377563476562
30,3,0.35245513916015625,118.9809799194336,268.7875061035156,222.2196807861328,0.8769205808639526
30,4,1676.9036865234375,34.819908142089844,1727.21337890625,192.6519012451172,0.707831621170044
30,14,1067.1177978515625,80.24359130859375,1104.90380859375,177.2219696044922,0.6833541393280029
30,9,953.2529296875,176.0075225830078,988.1846923828125,223.3805694580078,0.6418672204017639
30,6,1117.41357421875,30.84033966064453,1303.414306640625,83.94514465332031,0.5728573203086853
30,8,953.7867431640625,39.5731201171875,1125.3746337890625,86.31967163085938,0.5281503200531006
30,7,1304.240234375,41.58631896972656,1490.513427734375,177.890625,0.4964890778064728
30,12,1117.48095703125,31.924306869506836,1303.3575439453125,194.18275451660156,0.4173557162284851
30,10,1081.68798828125,173.5766143798828,1181.19482421875,296.20159912109375,0.38986608386039734
30,11,1097.02587890625,79.45120239257812,1126.1854248046875,173.92529296875,0.3887045383453369
30,13,1848.341796875,10.470932006835938,1914.9112548828125,44.51792907714844,0.3864549696445465
30,5,1212.7811279296875,68.2042236328125,1265.8465576171875,190.96627807617188,0.38404569029808044
30,15,1305.9132080078125,42.20145034790039,1490.274169921875,87.92121124267578,0.38134315609931946
30,17,974.7182006835938,186.64260864257812,1049.0146484375,287.3059387207031,0.31359153985977173
31,1,0.4602928161621094,259.35076904296875,141.1051025390625,470.3912658691406,0.9092652201652527
31,2,267.0230712890625,112.58157348632812,518.2542724609375,246.16378784179688,0.902865469455719
31,3,0.3146209716796875,118.85353088378906,268.734619140625,222.2379913330078,0.8761619329452515
31,4,1676.84912109375,34.835472106933594,1727.3214111328125,192.2135467529297,0.7084333300590515
31,14,1067.1376953125,80.39396667480469,1104.7340087890625,177.20553588867188,0.6915590167045593
31,9,953.281494140625,175.90127563476562,988.14404296875,223.2073516845703,0.6484127044677734
31,6,1117.505859375,30.83822250366211,1303.3306884765625,83.92205047607422,0.5752217769622803
31,8,954.7835083007812,39.517093658447266,1125.2176513671875,86.21420288085938,0.532127857208252
31,7,1304.290283203125,41.597572326660156,1490.5269775390625,178.1275177001953,0.5025895237922668
31,13,1849.1597900390625,10.781338691711426,1912.6636962890625,43.214195251464844,0.44065988063812256
31,12,1117.603759765625,31.88591766357422,1303.271240234375,194.34393310546875,0.41624560952186584
31,10,1081.7667236328125,173.5283203125,1181.0611572265625,296.2737121582031,0.3994874954223633
31,5,1212.5830078125,68.07295989990234,1265.9168701171875,191.1056365966797,0.3933049142360687
31,15,1305.9755859375,42.1351203918457,1490.2752685546875,87.93482971191406,0.38158953189849854
31,11,1097.21484375,79.57269287109375,1125.6383056640625,173.83612060546875,0.3759027421474457
31,17,974.7096557617188,186.67080688476562,1048.9625244140625,287.2755432128906,0.3079150915145874
32,1,0.4617118835449219,259.4627380371094,141.10446166992188,470.4148864746094,0.9094035029411316
32,2,267.0857238769531,112.7077407836914,518.2953491210938,246.1527099609375,0.901178777217865
32,3,0.31899261474609375,118.82039642333984,268.8059997558594,222.2615203857422,0.8757302761077881
32,4,1676.961181640625,34.79922103881836,1727.203857421875,192.00880432128906,0.7118603587150574
32,14,1067.45068359375,80.72959899902344,1104.400634765625,177.20399475097656,0.7026510238647461
32,9,953.3552856445312,175.8474578857422,988.1742553710938,223.00677490234375,0.6477659344673157
32,6,1117.647216796875,30.88564682006836,1303.3480224609375,83.9957275390625,0.5732014775276184
32,8,954.9671630859375,39.65814208984375,1124.627197265625,86.34111785888672,0.5267505049705505
32,7,1304.3431396484375,41.59996032714844,1490.540771484375,178.58395385742188,0.5053424835205078
32,11,1097.7196044921875,79.73389434814453,1125.6505126953125,173.37969970703125,0.49165380001068115
32,13,1850.076171875,10.898992538452148,1914.3062744140625,44.11240005493164,0.472066193819046
32,12,1117.880126953125,31.93091583251953,1303.298583984375,194.36192321777344,0.41696488857269287
32,10,1081.6209716796875,173.292724609375,1181.0299072265625,296.16656494140625,0.40259450674057007
32,15,1306.0396728515625,42.07088851928711,1490.257080078125,88.17684173583984,0.3849571645259857
32,5,1212.6397705078125,68.11246490478516,1265.8148193359375,191.0635986328125,0.37229230999946594
32,17,974.6149291992188,186.62054443359375,1048.9725341796875,287.5229187011719,0.3041790723800659
33,1,0.460235595703125,259.4561462402344,141.14822387695312,470.38238525390625,0.9089192748069763
33,2,267.0613098144531,112.6285400390625,518.3485107421875,246.28111267089844,0.9012315273284912
33,3,0.35044097900390625,118.79720306396484,268.730224609375,222.31289672851562,0.876107931137085
33,4,1677.02197265625,34.728084564208984,1727.083740234375,191.6897430419922,0.7083892226219177
33,14,1067.427001953125,80.53662872314453,1104.512451171875,176.53555297851562,0.684080183506012
33,9,953.3311157226562,175.90292358398438,988.181396484375,222.94876098632812,0.6428644061088562
33,6,1117.7325439453125,30.993690490722656,1303.5670166015625,84.07930755615234,0.5646857023239136
33,8,954.6470947265625,39.569664001464844,1124.8048095703125,86.2419662475586,0.5256781578063965
33,7,1304.19873046875,41.75914764404297,1490.6568603515625,179.8116455078125,0.51971834897995
33,11,1097.5106201171875,79.82052612304688,1126.0311279296875,173.01351928710938,0.4857983887195587
33,13,1848.8486328125,10.36014461517334,1913.673828125,43.94731521606445,0.45662766695022583
33,12,1118.052978515625,32.08277893066406,1303.37109375,194.3816680908203,0.42328935861587524
33,10,1081.658935546875,173.35446166992188,1181.00830078125,296.556884765625,0.40999722480773926
33,15,1305.99462890625,42.142181396484375,1490.354736328125,88.2656478881836,0.38660410046577454
33,17,974.8634033203125,186.7800750732422,1048.8359375,287.353759765625,0.32528650760650635
34,1,0.46799468994140625,259.53082275390625,141.1564178466797,470.4004211425781,0.9090700149536133
34,2,267.0339660644531,112.69937896728516,518.4600219726562,246.217041015625,0.9027459621429443
34,3,0.36126708984375,118.81320190429688,268.73583984375,222.43844604492188,0.8756073117256165
34,4,1676.9703369140625,34.762908935546875,1727.098388671875,191.53396606445312,0.7075035572052002
34,14,1067.34423828125,80.82527160644531,1104.6475830078125,176.2587127685547,0.6802994012832642
34,9,953.4833374023438,176.03448486328125,987.9580688476562,223.08370971679688,0.6284061670303345
34,6,1117.6708984375,30.945201873779297,1303.591796875,83.99948120117188,0.5704482197761536
34,8,955.1515502929688,39.47557067871094,1124.897216796875,85.93146514892578,0.5301855802536011
34,7,1304.2288818359375,41.72943878173828,1490.812255859375,179.96676635742188,0.5207535624504089
34,11,1097.5078125,79.9471664428711,1126.35302734375,172.86476135253906,0.47749999165534973
34,12,1117.933349609375,32.008872985839844,1303.419921875,194.7135772705078,0.4213915467262268
34,13,1848.106201171875,9.745665550231934,1913.085205078125,43.6142463684082,0.4169076085090637
34,10,1081.7779541015625,173.4139404296875,1180.753662109375,295.81683349609375,0.41577136516571045
34,15,1306.008544921875,42.11366653442383,1490.5667724609375,88.30160522460938,0.3920723795890808
34,17,975.3087158203125,186.7925262451172,1048.833984375,286.8927001953125,0.3271649479866028
35,1,0.464080810546875,259.4903869628906,141.11627197265625,470.3553771972656,0.9090731739997864
35,2,267.0955505371094,112.6557846069336,518.4166259765625,246.3285369873047,0.9029379487037659
35,3,0.34746551513671875,118.92272186279297,268.830322265625,222.4525604248047,0.8755236268043518
35,4,1676.94287109375,34.82066345214844,1727.24267578125,191.01637268066406,0.7068496346473694
35,14,1067.1961669921875,80.53520965576172,1104.645263671875,176.04722595214844,0.6779948472976685
35,9,953.4240112304688,176.01402282714844,987.95458984375,223.02291870117188,0.6300961971282959
35,6,1117.8270263671875,30.838794708251953,1303.4241943359375,84.0678939819336,0.5583117008209229
35,8,955.7007446289062,39.56168746948242,1124.9197998046875,85.92366790771484,0.5299356579780579
35,7,1304.180419921875,41.77111053466797,1490.720947265625,180.46307373046875,0.5169251561164856
35,11,1097.79931640625,79.64254760742188,1126.1605224609375,172.81454467773438,0.4709342122077942
35,12,1118.1109619140625,31.890884399414062,1303.152587890625,194.443603515625,0.4278290271759033
35,10,1081.805908203125,173.39918518066406,1180.5872802734375,295.7856750488281,0.4183270335197449
35,13,1846.7215576171875,9.570545196533203,1914.2999267578125,44.48158264160156,0.40151670575141907
35,15,1305.9649658203125,42.15510177612305,1490.49462890625,88.33280944824219,0.3918320834636688
35,17,975.1690063476562,186.719970703125,1048.7110595703125,287.1792297363281,0.32654058933258057
36,1,0.4918212890625,259.2780456542969,141.04568481445312,470.34649658203125,0.9098657369613647
36,2,267.38580322265625,112.41492462158203,519.224365234375,245.8273468017578,0.8998856544494629
36,3,0.5326309204101562,119.96223449707031,268.53033447265625,221.91050720214844,0.8654366135597229
36,4,1677.648193359375,34.216827392578125,1727.17236328125,191.3595428466797,0.6977676749229431
36,14,1067.1021728515625,79.89630889892578,1105.1341552734375,176.18826293945312,0.6893547177314758
36,9,952.188720703125,175.5417022705078,988.166015625,223.1865234375,0.6445395946502686
36,8,955.653076171875,39.62126541137695,1125.1358642578125,86.1194076538086,0.5378565192222595
36,6,1117.9090576171875,31.336933135986328,1302.9254150390625,84.31816864013672,0.5358425378799438
36,7,1303.9342041015625,41.62200164794922,1489.941162109375,182.06771850585938,0.498747855424881
36,11,1098.14453125,79.64348602294922,1126.3253173828125,173.6831817626953,0.47855144739151
36,12,1118.2490234375,32.29199981689453,1302.962890625,194.61740112304688,0.426332950592041
36,10,1081.7657470703125,174.35647583007812,1180.330322265625,295.2532653808594,0.41791683435440063
36,15,1305.6025390625,41.945709228515625,1489.4620361328125,88.28624725341797,0.39697015285491943
36,13,1846.0345458984375,9.8056640625,1914.8748779296875,45.58443832397461,0.37866076827049255
36,5,1212.9195556640625,68.13720703125,1265.1258544921875,190.5355682373047,0.3646529018878937
36,17,975.4414672851562,187.24600219726562,1048.5521240234375,286.6739196777344,0.3160339891910553
37,1,0.49362945556640625,259.28466796875,141.0266876220703,470.44207763671875,0.9100534915924072
37,2,267.3346252441406,112.70086669921875,519.272705078125,245.81103515625,0.9007962346076965
37,3,0.2118072509765625,119.28007507324219,268.5618896484375,223.2454376220703,0.8667190670967102
37,4,1677.5877685546875,34.23862075805664,1727.1895751953125,191.37693786621094,0.7025462985038757
37,14,1067.0926513671875,79.96227264404297,1105.14306640625,176.0938720703125,0.661412239074707
37,9,952.4855346679688,175.95968627929688,988.1885375976562,223.60496520996094,0.6399482488632202
37,6,1117.664306640625,31.338695526123047,1302.8756103515625,84.3478775024414,0.5441961884498596
37,8,956.073486328125,39.52616500854492,1125.0675048828125,86.11439514160156,0.540975034236908
37,7,1303.8670654296875,41.696044921875,1490.0479736328125,182.81959533691406,0.5065888166427612
37,11,1097.8037109375,79.4674301147461,1126.3974609375,173.7002716064453,0.4622254967689514
37,12,1117.9820556640625,32.257049560546875,1302.968017578125,194.91180419921875,0.42883455753326416
37,10,1081.5391845703125,174.5598907470703,1180.5648193359375,295.09039306640625,0.41960108280181885
37,15,1305.5703125,42.00541305541992,1489.5404052734375,88.33349609375,0.3947615921497345
37,13,1845.7972412109375,9.976349830627441,1916.2474365234375,46.661075592041016,0.3914628028869629
37,5,1212.8543701171875,68.19591522216797,1265.3023681640625,190.83697509765625,0.38089266419410706
37,17,975.4649047851562,187.30274963378906,1048.5052490234375,286.6151123046875,0.3186023533344269
38,1,0.48740386962890625,259.1807556152344,141.02125549316406,470.3778991699219,0.910140335559845
38,2,267.3739318847656,112.72748565673828,519.2838134765625,245.76527404785156,0.9007358551025391
38,3,0.5244369506835938,119.93497467041016,268.74298095703125,221.97689819335938,0.8674046397209167
38,4,1677.4599609375,34.25861358642578,1727.1474609375,191.04364013671875,0.7096561193466187
38,14,1067.262451171875,80.20065307617188,1104.6962890625,176.3265838623047,0.6679965257644653
38,9,952.727783203125,175.98248291015625,988.26708984375,223.21961975097656,0.6518830060958862
38,6,1117.55322265625,31.36911392211914,1302.9541015625,84.25912475585938,0.5414081811904907
38,8,955.5089721679688,39.525630950927734,1124.9224853515625,86.1965103149414,0.532254695892334
38,7,1304.0152587890625,41.69614028930664,1490.1690673828125,182.82078552246094,0.5074145793914795
38,11,1097.124267578125,79.58885192871094,1126.1114501953125,173.4158935546875,0.4756949245929718
38,10,1081.5047607421875,174.2933349609375,1180.5963134765625,295.0533447265625,0.44149261713027954
38,13,1847.8634033203125,10.439929962158203,1915.2498779296875,44.124481201171875,0.4302194118499756
38,12,1117.93115234375,32.30284881591797,1303.05078125,194.96714782714844,0.4279978573322296
38,15,1305.6483154296875,42.020877838134766,1489.6678466796875,88.36614990234375,0.3971638083457947
38,5,1212.6666259765625,68.33830261230469,1265.2603759765625,190.80935668945312,0.37400734424591064
38,17,975.439697265625,187.27725219726562,1048.605712890625,286.6985778808594,0.32888826727867126
39,1,0.4866371154785156,259.2062072753906,141.08804321289062,470.38970947265625,0.9103435277938843
39,2,267.39532470703125,112.69340515136719,519.311279296875,245.79776000976562,0.899832546710968
39,3,0.5139083862304688,119.7729263305664,268.7682800292969,221.9479217529297,0.8680141568183899
39,4,1677.547607421875,34.45024108886719,1727.2325439453125,191.22853088378906,0.7094361186027527
39,14,1067.276123046875,80.24260711669922,1104.8138427734375,176.77589416503906,0.6751505732536316
39,9,952.8395385742188,175.97845458984375,988.301025390625,223.4285888671875,0.6424567699432373
39,6,1117.47216796875,31.335079193115234,1303.0872802734375,84.430419921875,0.5369033217430115
39,8,955.4705810546875,39.532127380371094,1124.8740234375,86.30149841308594,0.5247941613197327
39,7,1303.9300537109375,41.66082000732422,1490.30322265625,182.4547576904297,0.5111100673675537
39,11,1097.0361328125,79.50814819335938,1125.7322998046875,173.66331481933594,0.45593684911727905
39,12,1117.9105224609375,32.31784439086914,1303.1978759765625,194.50579833984375,0.43436720967292786
39,13,1843.7689208984375,10.631781578063965,1914.7490234375,43.93891525268555,0.4298363924026489
39,10,1081.496337890625,174.30052185058594,1180.702880859375,293.9873962402344,0.4110436737537384
39,15,1305.5789794921875,41.94747543334961,1489.7515869140625,88.5142593383789,0.40038713812828064
39,5,1212.89990234375,68.31793212890625,1265.1424560546875,190.55813598632812,0.3225659728050232
39,17,975.3143920898438,187.16075134277344,1048.6231689453125,286.5613708496094,0.30601370334625244
40,1,0.48918914794921875,259.2404479980469,141.14178466796875,470.3056640625,0.910640299320221
40,2,267.389404296875,112.70645904541016,519.3679809570312,245.88665771484375,0.8998746275901794
40,3,0.499969482421875,119.75995635986328,268.5191650390625,222.72271728515625,0.8677162528038025
40,4,1677.6383056640625,34.37471008300781,1727.2708740234375,190.76931762695312,0.7136718034744263
40,14,1067.282958984375,80.2558822631836,1105.23193359375,176.4429168701172,0.6710838079452515
40,9,952.7508544921875,175.64181518554688,988.3048095703125,223.42250061035156,0.6345213055610657
40,6,1117.455322265625,31.31356430053711,1303.0390625,84.30428314208984,0.5400356650352478
40,8,954.9629516601562,39.47457504272461,1125.02392578125,86.28978729248047,0.5257768034934998
40,7,1303.8486328125,41.63573455810547,1490.3455810546875,182.68263244628906,0.509317934513092
40,12,1117.8743896484375,32.28080749511719,1303.142333984375,194.3407745361328,0.4304151237010956
40,13,1843.20751953125,10.684673309326172,1914.53076171875,43.83388137817383,0.40757644176483154
40,10,1081.35107421875,174.25794982910156,1180.664794921875,294.2539978027344,0.4056532680988312
40,15,1305.46435546875,41.90133285522461,1489.7926025390625,88.54850006103516,0.40135085582733154
40,11,1097.0509033203125,79.57820892333984,1125.5174560546875,173.77511596679688,0.38650476932525635
40,5,1212.8922119140625,68.04837799072266,1265.23876953125,190.44970703125,0.32478317618370056
40,17,975.326904296875,187.31533813476562,1048.8184814453125,286.4913024902344,0.3098529577255249
41,1,0.49655914306640625,259.4248046875,141.11953735351562,470.2467956542969,0.9104413390159607
41,2,267.3731689453125,112.77299499511719,519.3484497070312,245.82806396484375,0.8989313244819641
41,3,0.943359375,120.1216812133789,268.3772277832031,222.07186889648438,0.8676732182502747
41,4,1677.28759765625,34.32838439941406,1727.3486328125,191.25775146484375,0.7206767201423645
41,14,1067.284423828125,80.51962280273438,1105.4017333984375,176.3566131591797,0.6683070659637451
41,9,952.7583618164062,175.61581420898438,988.1914672851562,223.40304565429688,0.6439894437789917
41,6,1117.3070068359375,31.345722198486328,1303.1304931640625,84.33275604248047,0.5340972542762756
41,8,954.8525390625,39.42506790161133,1125.179443359375,86.3724594116211,0.5226898193359375
41,7,1303.9783935546875,41.592384338378906,1490.254150390625,182.44468688964844,0.504978358745575
41,12,1117.718017578125,32.34183120727539,1303.176025390625,194.30612182617188,0.4326119124889374
41,10,1081.434814453125,174.30702209472656,1180.390869140625,294.4208984375,0.4113774299621582
41,15,1305.5345458984375,41.96643829345703,1489.699462890625,88.80734252929688,0.40302151441574097
41,13,1841.3375244140625,10.587896347045898,1915.0308837890625,44.066497802734375,0.3662831485271454
41,11,1097.2503662109375,79.5205078125,1125.8621826171875,173.9381561279297,0.3466658592224121
41,17,975.3555908203125,187.41757202148438,1048.78564453125,286.4515686035156,0.3220476508140564
42,1,0.4919700622558594,259.4823303222656,141.13238525390625,470.2636413574219,0.9096264839172363
42,2,267.33966064453125,112.67891693115234,519.3267211914062,245.82029724121094,0.9001765847206116
42,3,0.477996826171875,119.63218688964844,268.4978942871094,222.7126007080078,0.8686063885688782
42,4,1677.3358154296875,34.33237075805664,1727.3785400390625,191.37428283691406,0.7221589088439941
42,14,1067.28369140625,80.53651428222656,1105.6666259765625,176.8262939453125,0.6837946176528931
42,9,952.6549682617188,175.8259735107422,988.151611328125,223.1802520751953,0.6503551006317139
42,6,1117.2452392578125,31.34817123413086,1303.258056640625,84.49755096435547,0.532349169254303
42,8,954.9633178710938,39.26255416870117,1125.3388671875,86.41861724853516,0.5308670997619629
42,7,1304.0325927734375,41.63019561767578,1490.31640625,182.1940155029297,0.5057802200317383
42,12,1117.6993408203125,32.380523681640625,1303.2620849609375,194.2158203125,0.4342306852340698
42,10,1081.4263916015625,174.20059204101562,1180.4310302734375,294.2994689941406,0.4011189937591553
42,15,1305.5712890625,42.000389099121094,1489.7344970703125,88.93384552001953,0.4007759690284729
42,11,1098.1966552734375,79.66387939453125,1125.709228515625,174.2056427001953,0.36389291286468506
42,13,1842.0157470703125,10.513426780700684,1913.7791748046875,43.86306381225586,0.33839714527130127
42,17,975.3239135742188,187.4713134765625,1048.79345703125,286.3697814941406,0.3243441581726074
43,1,0.4850578308105469,259.59716796875,141.1477813720703,470.1443786621094,0.909257709980011
43,2,267.1847839355469,112.66336059570312,519.1419067382812,245.8583221435547,0.9006763100624084
43,3,0.442291259765625,119.66871643066406,268.6785583496094,222.67977905273438,0.8670332431793213
43,4,1677.2464599609375,34.303016662597656,1727.1968994140625,192.79705810546875,0.6968863606452942
43,14,1067.2698974609375,80.19900512695312,1105.3865966796875,177.3746795654297,0.6939072012901306
43,9,952.4430541992188,175.74984741210938,988.1980590820312,223.023193359375,0.657084047794342
43,6,1117.2515869140625,31.36465072631836,1302.853271484375,84.32354736328125,0.5413251519203186
43,8,955.0025024414062,39.16672897338867,1125.0499267578125,86.37383270263672,0.5401715636253357
43,7,1303.9801025390625,41.75603485107422,1490.06982421875,179.73573303222656,0.5075708031654358
43,12,1117.675048828125,32.3726806640625,1302.7923583984375,195.04742431640625,0.43197259306907654
43,10,1081.4639892578125,174.2376708984375,1179.85791015625,295.02374267578125,0.41635754704475403
43,15,1305.5,42.16066360473633,1489.4268798828125,88.68867492675781,0.391044557094574
43,11,1097.9774169921875,78.94354248046875,1126.8358154296875,173.9990997314453,0.38667792081832886
43,13,1846.154296875,10.474471092224121,1910.101318359375,43.2345085144043,0.312065988779068
43,17,975.3590698242188,187.42576599121094,1047.7640380859375,286.1997985839844,0.3018278181552887
44,1,0.4948883056640625,259.6619567871094,141.1997833251953,470.24285888671875,0.9094583988189697
44,2,267.1529846191406,112.57933044433594,519.1353149414062,245.73573303222656,0.9009895920753479
44,3,0.9067840576171875,120.00718688964844,268.52838134765625,222.05918884277344,0.8677807450294495
44,4,1677.2960205078125,34.19975280761719,1727.3870849609375,192.69187927246094,0.7000818848609924
44,14,1067.2669677734375,80.29646301269531,1105.5279541015625,176.700439453125,0.6642382144927979
44,9,952.421630859375,175.90101623535156,988.055419921875,222.8721923828125,0.6587352752685547
44,8,955.21142578125,39.12757873535156,1125.0106201171875,86.22257995605469,0.5469766855239868
44,6,1117.2271728515625,31.335010528564453,1303.2022705078125,84.20535278320312,0.5434203743934631
44,7,1304.260986328125,41.658966064453125,1490.0653076171875,180.64109802246094,0.5037320256233215
44,12,1117.679931640625,32.282318115234375,1303.1884765625,194.77313232421875,0.4262849688529968
44,10,1081.367431640625,173.94305419921875,1179.936767578125,295.2159423828125,0.41388899087905884
44,15,1305.7156982421875,42.15717315673828,1489.496826171875,88.84627532958984,0.39515194296836853
44,11,1097.990966796875,78.98357391357422,1126.8131103515625,173.90338134765625,0.3345635235309601
44,13,1845.9349365234375,10.786296844482422,1913.1075439453125,43.56836700439453,0.30608275532722473
44,17,975.3693237304688,187.27272033691406,1047.3116455078125,286.1866455078125,0.3033079504966736
45,1,0.5003700256347656,259.70703125,141.16143798828125,470.2172546386719,0.9094541072845459
45,2,267.15478515625,112.52984619140625,519.1051635742188,245.79437255859375,0.9011985063552856
45,3,0.9345245361328125,120.19647216796875,268.5248107910156,221.99061584472656,0.867486298084259
45,4,1677.3819580078125,34.1700439453125,1727.385498046875,192.92323303222656,0.7000908851623535
45,9,952.4154052734375,175.7380828857422,987.992431640625,222.8613739013672,0.6509402990341187
45,14,1067.3421630859375,80.55619812011719,1105.06201171875,176.02793884277344,0.6496748924255371
45,8,955.4771118164062,39.14483642578125,1124.7410888671875,86.28760528564453,0.5385285019874573
45,6,1116.8734130859375,31.47674560546875,1303.2437744140625,84.30022430419922,0.5372262597084045
45,7,1304.2335205078125,41.62476348876953,1490.0592041015625,180.95333862304688,0.5037914514541626
45,12,1117.396240234375,32.43925476074219,1303.2406005859375,194.8797607421875,0.4330460727214813
45,10,1081.4217529296875,173.9183807373047,1179.7354736328125,295.1510925292969,0.41374772787094116
45,11,1098.6143798828125,79.21410369873047,1128.995361328125,173.53875732421875,0.41083332896232605
45,15,1305.7021484375,42.10385513305664,1489.48388671875,88.89290618896484,0.3952854871749878
45,13,1846.231201171875,10.98387336730957,1912.93798828125,43.08323287963867,0.3256644308567047
45,17,975.3799438476562,187.3439483642578,1047.390869140625,286.1574401855469,0.3131764531135559
46,1,0.50299072265625,259.7457275390625,141.10076904296875,470.2705078125,0.9095965027809143
46,2,267.1529846191406,112.7019271850586,519.1185302734375,245.8582305908203,0.9001414179801941
46,3,0.90618896484375,120.34076690673828,268.4841613769531,221.95367431640625,0.8659160733222961
46,4,1677.3238525390625,34.082611083984375,1727.5390625,192.95907592773438,0.7018135786056519
46,9,952.1260986328125,175.6852264404297,988.055419921875,223.11141967773438,0.6599225997924805
46,14,1067.318603515625,80.56331634521484,1104.777587890625,175.39256286621094,0.6120639443397522
46,8,955.6435546875,39.129112243652344,1125.1494140625,86.21092987060547,0.5421252846717834
46,6,1117.1429443359375,31.509658813476562,1303.1968994140625,84.36699676513672,0.540744960308075
46,7,1304.235595703125,41.67066192626953,1490.0330810546875,181.09036254882812,0.5010635852813721
46,12,1117.648681640625,32.49341583251953,1303.175537109375,194.50653076171875,0.4332609474658966
46,11,1098.251708984375,79.45552825927734,1128.0755615234375,173.2598114013672,0.4234853684902191
46,10,1081.581787109375,173.80764770507812,1179.5106201171875,295.05047607421875,0.406582236289978
46,15,1305.7034912109375,42.174739837646484,1489.435791015625,88.92694091796875,0.39710289239883423
46,17,975.4107055664062,187.62831115722656,1047.7547607421875,286.3868713378906,0.3366735279560089
46,13,1845.9986572265625,10.79377555847168,1913.3653564453125,43.187740325927734,0.31097739934921265
47,1,0.494659423828125,259.7071228027344,141.09266662597656,470.3555908203125,0.9094328880310059
47,2,267.3770446777344,112.49880981445312,519.2923583984375,245.91993713378906,0.9006723165512085
47,3,0.48232269287109375,119.70874786376953,268.5242004394531,222.52928161621094,0.865487813949585
47,4,1677.346435546875,34.03253173828125,1727.8447265625,193.3999786376953,0.7081419229507446
47,9,951.993896484375,175.2107391357422,988.0599975585938,222.98094177246094,0.6541252136230469
47,14,1067.172607421875,80.48478698730469,1104.6236572265625,175.2107391357422,0.611758828163147
47,8,956.6163940429688,39.254722595214844,1124.8529052734375,86.11917114257812,0.5466183423995972
47,6,1117.294189453125,31.52072525024414,1303.0693359375,84.38797760009766,0.5437091588973999
47,7,1304.21923828125,41.695518493652344,1489.9765625,180.3281707763672,0.5041965246200562
47,11,1098.53173828125,79.29721069335938,1128.1922607421875,173.21224975585938,0.4494108557701111
47,12,1117.736572265625,32.49723815917969,1303.0994873046875,193.79566955566406,0.4264470636844635
47,10,1081.72314453125,173.75143432617188,1179.4736328125,295.1902770996094,0.4005812406539917
47,15,1305.709716796875,42.20122146606445,1489.4501953125,88.77963256835938,0.3938843905925751
47,17,975.4173583984375,187.494873046875,1047.977783203125,286.412841796875,0.36354923248291016
47,13,1845.020263671875,10.8294038772583,1912.3192138671875,42.89387512207031,0.30628523230552673
48,1,0.4897727966308594,259.615234375,141.05540466308594,470.5221862792969,0.9091687202453613
48,2,267.16705322265625,112.40142822265625,519.010498046875,245.62596130371094,0.8983683586120605
48,3,0.8534088134765625,119.48754119873047,268.5135192871094,221.76841735839844,0.8630417585372925
48,4,1677.4573974609375,34.212677001953125,1728.0849609375,192.8169403076172,0.7126855254173279
48,9,952.969482421875,175.04617309570312,988.32861328125,222.0516357421875,0.6494574546813965
48,14,1067.1661376953125,80.5722885131836,1104.4625244140625,175.97755432128906,0.5964456796646118
48,6,1117.1380615234375,31.377777099609375,1303.2581787109375,84.48383331298828,0.5581939816474915
48,8,955.9963989257812,39.43882751464844,1124.2757568359375,86.30046844482422,0.5260806679725647
48,7,1305.092041015625,41.3389892578125,1490.398681640625,179.6663360595703,0.4858044981956482
48,10,1081.695556640625,173.62435913085938,1178.87109375,297.1641540527344,0.4629899859428406
48,11,1097.972900390625,79.30872344970703,1127.357421875,174.2050018310547,0.44941335916519165
48,12,1117.3905029296875,32.327842712402344,1303.418701171875,194.40147399902344,0.4172368049621582
48,17,975.4447631835938,187.0288848876953,1047.6461181640625,285.8889465332031,0.4026790261268616
48,15,1306.34423828125,42.199405670166016,1489.9163818359375,88.70516967773438,0.40234023332595825
48,5,1212.6944580078125,68.87720489501953,1265.3543701171875,190.25299072265625,0.36509913206100464
48,13,1844.225830078125,10.466777801513672,1911.66650390625,43.47395324707031,0.3286222815513611
49,1,0.4843597412109375,259.67852783203125,141.06455993652344,470.53033447265625,0.9092326760292053
49,2,267.1405334472656,112.36019897460938,519.0018310546875,245.63539123535156,0.8992339968681335
49,3,0.39255523681640625,118.99214172363281,268.76910400390625,222.6715850830078,0.8651022911071777
49,4,1677.4425048828125,34.27434539794922,1728.1531982421875,192.74913024902344,0.7192635536193848
49,9,953.20263671875,175.2638397216797,988.3533935546875,222.0395050048828,0.643654465675354
49,14,1067.2230224609375,80.46150970458984,1104.727783203125,175.6276397705078,0.5738670825958252
49,6,1117.2333984375,31.275352478027344,1303.1796875,84.40855407714844,0.5617322325706482
49,8,955.9755249023438,39.575191497802734,1124.1259765625,86.27117919921875,0.5163411498069763
49,7,1305.10400390625,41.38554382324219,1489.8043212890625,179.69151306152344,0.4836365282535553
49,10,1081.83984375,173.46986389160156,1178.977294921875,297.048828125,0.4664480984210968
49,11,1097.549560546875,79.16395568847656,1127.124755859375,174.21656799316406,0.4472517967224121
49,5,1212.6094970703125,68.89842224121094,1265.6214599609375,190.29086303710938,0.415016233921051
49,12,1117.3802490234375,32.15851593017578,1303.3692626953125,194.46615600585938,0.4113561809062958
49,17,975.42333984375,187.0238494873047,1047.621826171875,285.9261474609375,0.40593743324279785
49,15,1306.3282470703125,42.23897933959961,1489.2432861328125,88.73018646240234,0.40360021591186523
49,13,1843.6923828125,9.791247367858887,1912.1383056640625,43.12298583984375,0.3427313268184662
50,1,0.48740386962890625,259.660400390625,141.09498596191406,470.4861145019531,0.909403920173645
50,2,267.1936340332031,112.30096435546875,519.0236206054688,245.67237854003906,0.8996677994728088
50,3,0.37593841552734375,119.00344848632812,268.8215637207031,222.6836700439453,0.8697288632392883
50,4,1677.3641357421875,34.23692321777344,1728.1531982421875,193.2279052734375,0.7188140749931335
50,9,953.1923217773438,175.3827667236328,988.3474731445312,221.8868865966797,0.6353970170021057
50,14,1067.1397705078125,80.52182006835938,1104.5511474609375,175.94537353515625,0.598508894443512
50,6,1117.1619873046875,31.43939208984375,1303.1044921875,84.43256378173828,0.5585697889328003
50,8,955.0799560546875,39.5079345703125,1124.8876953125,86.20088195800781,0.5212177634239197
50,7,1305.1376953125,41.30541229248047,1489.6962890625,179.55999755859375,0.47453516721725464
50,10,1081.739501953125,173.91961669921875,1178.9180908203125,296.82000732421875,0.45729735493659973
50,11,1097.7496337890625,79.3267822265625,1127.4306640625,174.17431640625,0.4529470205307007
50,12,1117.354248046875,32.388427734375,1303.30419921875,194.66812133789062,0.41673633456230164
50,15,1306.34228515625,42.21260070800781,1489.10498046875,88.6208724975586,0.408768892288208
50,5,1212.63330078125,68.88661193847656,1265.5894775390625,190.4952850341797,0.40868493914604187
50,17,975.3810424804688,187.12669372558594,1047.4267578125,285.9362487792969,0.3912968635559082
50,13,1841.655029296875,9.281988143920898,1913.4906005859375,43.94533920288086,0.3118719756603241
51,1,0.49564361572265625,259.5686950683594,141.1107940673828,470.4448547363281,0.9094406962394714
51,2,267.19610595703125,112.44766235351562,519.05419921875,245.5462188720703,0.8979552388191223
51,3,0.45009613037109375,119.3038101196289,268.7857666015625,222.59117126464844,0.872212827205658
51,4,1677.400634765625,34.08885955810547,1728.23876953125,193.61537170410156,0.7137808203697205
51,9,953.1990966796875,175.37319946289062,988.461181640625,222.05030822753906,0.6412926316261292
51,14,1067.19189453125,80.71847534179688,1104.2197265625,176.11582946777344,0.6368107795715332
51,6,1116.997314453125,31.318359375,1303.05517578125,84.22940826416016,0.5633040070533752
51,8,955.1028442382812,39.62094497680664,1124.8001708984375,86.17124938964844,0.5248839259147644
51,11,1097.9942626953125,79.46475219726562,1127.4024658203125,173.90162658691406,0.49664145708084106
51,7,1305.1661376953125,41.27434539794922,1489.8922119140625,180.4145050048828,0.4688924551010132
51,10,1081.8270263671875,173.82582092285156,1179.0853271484375,296.7104187011719,0.4508969783782959
51,5,1212.549560546875,68.82410430908203,1265.6290283203125,190.4346466064453,0.43112713098526
51,12,1117.1273193359375,32.235538482666016,1303.25,194.51820373535156,0.4106502830982208
51,15,1306.306640625,42.23228454589844,1489.2816162109375,88.72020721435547,0.40686848759651184
51,17,975.1895141601562,187.02195739746094,1047.6336669921875,286.0063781738281,0.3933551013469696
51,13,1840.9676513671875,9.704340934753418,1913.690185546875,44.382545471191406,0.3056485652923584
52,1,0.49138641357421875,259.5682678222656,141.0464324951172,470.47613525390625,0.908912181854248
52,2,267.18035888671875,112.41389465332031,519.1697998046875,245.3793182373047,0.9002198576927185
52,3,0.4356536865234375,119.5975570678711,268.620849609375,222.45741271972656,0.873074471950531
52,4,1677.3948974609375,33.951717376708984,1728.3465576171875,193.1340789794922,0.7127286195755005
52,14,1067.2354736328125,80.69966125488281,1104.4302978515625,175.9163360595703,0.646767795085907
52,9,953.0335693359375,175.25021362304688,988.4774780273438,221.95602416992188,0.623455286026001
52,6,1117.01123046875,31.28561782836914,1303.02294921875,84.32527160644531,0.5590906143188477
52,8,955.4338989257812,39.63874435424805,1125.1048583984375,86.1415786743164,0.5284069776535034
52,11,1098.51220703125,79.72476196289062,1127.496826171875,173.6522979736328,0.5250608921051025
52,7,1305.0989990234375,41.27998352050781,1490.09033203125,180.01153564453125,0.47191381454467773
52,10,1081.7242431640625,173.84373474121094,1179.2041015625,296.99127197265625,0.4413062036037445
52,12,1117.228271484375,32.24638748168945,1303.1455078125,194.61309814453125,0.421019583940506
52,15,1306.3470458984375,42.233768463134766,1489.4710693359375,88.78173828125,0.41080135107040405
52,5,1212.6156005859375,68.58847045898438,1265.2225341796875,190.5143280029297,0.3757173418998718
52,17,975.17724609375,186.71456909179688,1048.0023193359375,285.97137451171875,0.37355872988700867
52,13,1840.721923828125,9.900283813476562,1913.937744140625,44.50016784667969,0.34380587935447693
53,1,0.50042724609375,259.5126647949219,141.03970336914062,470.3752746582031,0.9084177017211914
53,2,267.1982116699219,112.34305572509766,519.083740234375,245.28384399414062,0.9006636142730713
53,3,0.4686126708984375,119.61865997314453,268.65869140625,222.43804931640625,0.8734673857688904
53,4,1677.520751953125,33.96134948730469,1728.1549072265625,193.02442932128906,0.7106416821479797
53,14,1067.3638916015625,80.9245834350586,1104.218994140625,175.87039184570312,0.6445324420928955
53,9,953.02294921875,175.15333557128906,988.5791015625,221.70982360839844,0.6328102946281433
53,6,1116.9317626953125,31.16147232055664,1302.899169921875,84.28374481201172,0.5572735667228699
53,11,1098.3394775390625,79.89179992675781,1127.501220703125,173.8201141357422,0.5314270853996277
53,8,955.3956298828125,39.62229537963867,1125.191162109375,86.21244812011719,0.5170178413391113
53,7,1305.0067138671875,41.29900360107422,1490.1317138671875,179.83419799804688,0.4730394780635834
53,10,1081.9385986328125,174.0586395263672,1179.017578125,296.69305419921875,0.4448070824146271
53,12,1117.1151123046875,32.118736267089844,1302.9832763671875,194.75518798828125,0.4261495769023895
53,15,1306.24951171875,42.28196334838867,1489.4725341796875,88.99308013916016,0.40894815325737
53,5,1212.6500244140625,68.62605285644531,1265.188232421875,190.69761657714844,0.37515613436698914
53,17,975.09228515625,186.54391479492188,1047.9884033203125,285.9300842285156,0.3691180944442749
53,13,1840.9813232421875,9.997501373291016,1914.6754150390625,44.15042495727539,0.36388689279556274
54,1,0.508758544921875,259.6864013671875,140.97779846191406,470.2294921875,0.9093091487884521
54,2,266.9013977050781,112.11998748779297,519.2896728515625,244.87423706054688,0.9037374258041382
54,3,0.460235595703125,119.51351928710938,268.5113525390625,222.2574920654297,0.8743820190429688
54,4,1677.733154296875,34.17359161376953,1727.7637939453125,191.68771362304688,0.7189440727233887
54,9,952.13818359375,174.5973358154297,988.238525390625,220.2937774658203,0.6308842301368713
54,14,1067.3702392578125,80.50044250488281,1103.9561767578125,173.40147399902344,0.5840479731559753
54,6,1116.839111328125,30.815826416015625,1302.559326171875,84.16249084472656,0.555965006351471
54,11,1098.18359375,79.54703521728516,1128.155029296875,173.5582275390625,0.5306357741355896
54,8,955.3383178710938,39.40645980834961,1125.0689697265625,86.2556381225586,0.5137649774551392
54,7,1304.8564453125,41.32605743408203,1490.1201171875,179.40509033203125,0.46029627323150635
54,12,1117.0517578125,31.764060974121094,1302.635498046875,196.19334411621094,0.43107059597969055
54,15,1306.1085205078125,42.06001281738281,1489.4066162109375,88.81040954589844,0.42227986454963684
54,10,1082.6734619140625,174.2519989013672,1178.5404052734375,295.2635498046875,0.4020645022392273
54,5,1212.2884521484375,68.77315521240234,1265.419921875,192.15078735351562,0.3998328447341919
54,13,1842.662109375,10.348188400268555,1913.865234375,43.040924072265625,0.37065398693084717
54,17,974.6680908203125,186.5467529296875,1048.782958984375,286.3209228515625,0.3306047022342682
55,1,0.5053024291992188,259.6036682128906,140.9603729248047,470.26531982421875,0.9096102118492126
55,2,266.9008483886719,112.15725708007812,519.3507080078125,244.87623596191406,0.9016523361206055
55,3,0.4449920654296875,119.4949722290039,268.4305419921875,222.3470001220703,0.8743172287940979
55,4,1677.704345703125,34.249351501464844,1727.4910888671875,191.30906677246094,0.7137392163276672
55,9,952.2797241210938,174.6441650390625,988.3368530273438,220.43701171875,0.6396863460540771
55,14,1067.3236083984375,80.51783752441406,1103.8897705078125,175.342041015625,0.6263848543167114
55,6,1116.9188232421875,31.013671875,1302.4593505859375,84.10677337646484,0.5597083568572998
55,11,1098.07666015625,79.37210083007812,1128.5465087890625,174.3416290283203,0.527715265750885
55,8,956.1644897460938,39.36003112792969,1125.267822265625,86.21836853027344,0.5189821124076843
55,7,1304.865966796875,41.23100280761719,1490.1265869140625,179.40565490722656,0.4609065651893616
55,5,1212.0322265625,68.83799743652344,1265.4443359375,192.3365936279297,0.4384062886238098
55,12,1116.9884033203125,31.94700050354004,1302.5277099609375,196.2699737548828,0.42926937341690063
55,15,1306.125732421875,41.96261215209961,1489.4036865234375,88.79661560058594,0.4219936430454254
55,10,1082.5771484375,174.39930725097656,1178.64599609375,295.5097351074219,0.39095380902290344
55,13,1842.697265625,10.563663482666016,1913.819091796875,42.8617057800293,0.35263678431510925
55,17,974.8831787109375,186.36305236816406,1048.6497802734375,286.4057312011719,0.3092620074748993
56,1,0.509307861328125,259.3299255371094,140.89662170410156,470.1163635253906,0.9069740772247314
56,2,266.88946533203125,112.12676239013672,519.3607788085938,245.0638427734375,0.9017884135246277
56,3,0.45531463623046875,119.54027557373047,268.42156982421875,222.3153533935547,0.8734029531478882
56,4,1677.98876953125,34.37212371826172,1727.50341796875,191.49545288085938,0.7243813276290894
56,9,952.3375854492188,174.6896209716797,988.3218383789062,220.3644561767578,0.6256895661354065
56,14,1067.3485107421875,80.394287109375,1103.8948974609375,175.32440185546875,0.6164489984512329
56,6,1117.118896484375,30.949607849121094,1302.2322998046875,83.99015808105469,0.5823261737823486
56,11,1098.171142578125,79.16372680664062,1128.5157470703125,174.03671264648438,0.5413053035736084
56,8,956.003173828125,39.421260833740234,1125.35888671875,86.15389251708984,0.5188065767288208
56,5,1212.3243408203125,69.23741912841797,1265.6707763671875,192.22384643554688,0.5126162171363831
56,7,1304.84033203125,41.28446960449219,1489.9910888671875,179.41278076171875,0.4676222503185272
56,15,1306.1455078125,41.970489501953125,1489.364501953125,88.90633392333984,0.4178468585014343
56,12,1116.9735107421875,31.7552547454834,1302.44287109375,196.25083923339844,0.400991290807724
56,10,1082.418212890625,174.1314239501953,1179.1220703125,295.5697937011719,0.40074095129966736
56,17,974.5823974609375,186.2823028564453,1048.1959228515625,287.4388732910156,0.3380359411239624
56,13,1843.1004638671875,9.994946479797363,1914.7679443359375,43.654449462890625,0.323184996843338
57,1,0.5296783447265625,259.3019714355469,140.81932067871094,469.9635314941406,0.909252405166626
57,2,267.1523742675781,112.09471893310547,519.0807495117188,245.08677673339844,0.9025347828865051
57,3,0.42917633056640625,119.82071685791016,268.2289733886719,222.468994140625,0.8671517372131348
57,4,1677.5350341796875,34.532230377197266,1727.2261962890625,191.8407440185547,0.6815191507339478
57,14,1067.501220703125,80.65731811523438,1103.03173828125,177.74656677246094,0.6050587892532349
57,6,1116.66259765625,31.198196411132812,1302.2347412109375,83.87995910644531,0.5688902139663696
57,11,1098.682373046875,79.7735366821289,1127.7850341796875,174.11952209472656,0.5251572728157043
57,8,956.3395385742188,39.5350341796875,1125.344970703125,86.10539245605469,0.5115384459495544
57,9,952.6406860351562,175.34747314453125,987.8599243164062,221.45755004882812,0.4907679259777069
57,7,1304.6943359375,41.18415069580078,1489.30859375,180.4841766357422,0.47030171751976013
57,15,1306.0489501953125,41.915889739990234,1488.74609375,88.92693328857422,0.41199707984924316
57,5,1212.9569091796875,68.45159912109375,1265.29443359375,190.3263702392578,0.4059188663959503
57,12,1116.7091064453125,32.06824493408203,1302.149169921875,195.07933044433594,0.4053933024406433
57,10,1082.2178955078125,174.3727264404297,1175.9014892578125,295.24114990234375,0.38049018383026123
57,17,974.8753051757812,185.9491424560547,1047.9884033203125,286.4570007324219,0.30856087803840637
58,1,0.5174560546875,259.20098876953125,140.7567901611328,469.9522705078125,0.9102834463119507
58,2,267.0738830566406,112.06594848632812,518.933349609375,245.3049774169922,0.9044866561889648
58,3,0.9086380004882812,119.53104400634766,268.11083984375,222.108642578125,0.8702228665351868
58,4,1677.5716552734375,34.484527587890625,1726.9522705078125,194.9555206298828,0.6694771647453308
58,14,1067.450439453125,80.42573547363281,1104.128173828125,176.1152801513672,0.6206726431846619
58,9,952.6063842773438,175.41989135742188,987.8688354492188,221.94955444335938,0.5568435192108154
58,6,1116.9229736328125,31.256927490234375,1302.53515625,83.98883056640625,0.5498391389846802
58,8,956.3719482421875,39.52876281738281,1125.57861328125,86.3056411743164,0.5044945478439331
58,11,1098.63134765625,80.1891860961914,1128.24169921875,173.92416381835938,0.5028678774833679
58,7,1304.5462646484375,41.21765899658203,1489.9229736328125,180.52854919433594,0.48134028911590576
58,12,1117.114501953125,32.229766845703125,1302.343994140625,193.5102081298828,0.4186815321445465
58,15,1306.0540771484375,41.828365325927734,1489.26318359375,88.90546417236328,0.4026084840297699
58,13,1843.4443359375,9.965569496154785,1912.092041015625,42.826961517333984,0.3771345317363739
58,10,1082.3709716796875,174.27040100097656,1175.9205322265625,295.8486633300781,0.36050716042518616
58,5,1212.8812255859375,68.21328735351562,1265.2420654296875,188.7439727783203,0.30575788021087646
59,1,0.5343132019042969,259.2979431152344,140.7041015625,469.99200439453125,0.9099715948104858
59,2,267.1760559082031,112.04793548583984,518.8305053710938,245.30384826660156,0.9043560028076172
59,3,0.38289642333984375,120.3729019165039,268.3168640136719,221.82119750976562,0.8690062761306763
59,4,1676.843017578125,34.18453598022461,1726.84619140625,195.2082061767578,0.6549218893051147
59,14,1067.36865234375,80.56906127929688,1104.2874755859375,176.42738342285156,0.6409004926681519
59,9,952.6803588867188,175.66506958007812,987.9556274414062,221.91302490234375,0.5654153823852539
59,6,1116.940185546875,31.25665283203125,1302.5498046875,83.8575668334961,0.5600155591964722
59,8,956.291748046875,39.4738883972168,1125.3270263671875,86.22354888916016,0.5046263933181763
59,7,1304.382080078125,41.356773376464844,1490.0404052734375,180.28408813476562,0.4849434494972229
59,11,1098.3153076171875,80.09124755859375,1128.16259765625,174.09695434570312,0.4810452163219452
59,13,1843.056884765625,9.75271224975586,1911.949951171875,42.74234390258789,0.4178360104560852
59,5,1212.3751220703125,68.38265991210938,1265.4405517578125,189.097412109375,0.41718825697898865
59,12,1117.0242919921875,32.14240264892578,1302.489990234375,193.746826171875,0.4096792936325073
59,15,1305.9434814453125,41.823280334472656,1489.419189453125,88.81061553955078,0.40283387899398804
59,10,1082.328369140625,174.01785278320312,1176.532470703125,295.70562744140625,0.379472553730011
59,17,974.7705688476562,185.55258178710938,1048.372314453125,286.2556457519531,0.3115297257900238
60,1,0.5445899963378906,259.78070068359375,141.1483154296875,470.52520751953125,0.907507061958313
60,2,267.1593933105469,113.06207275390625,518.8594360351562,246.03172302246094,0.9031925201416016
60,3,1.5507888793945312,120.84774017333984,267.77874755859375,222.38136291503906,0.8694540858268738
60,14,1067.4400634765625,82.01202392578125,1104.2449951171875,176.0167694091797,0.6403549909591675
60,4,1675.162353515625,34.2427864074707,1726.913818359375,209.20545959472656,0.6172465682029724
60,9,952.6777954101562,175.16226196289062,987.8853149414062,220.79150390625,0.6150339245796204
60,6,1116.3768310546875,31.178661346435547,1302.5899658203125,84.08302307128906,0.6083418130874634
60,5,1212.8009033203125,69.72047424316406,1265.7178955078125,190.20364379882812,0.5766026377677917
60,8,956.2487182617188,39.7330436706543,1125.8526611328125,86.00846099853516,0.4974084198474884
60,7,1304.5836181640625,41.759803771972656,1489.2176513671875,181.67820739746094,0.4970063269138336
60,13,1845.1376953125,10.234233856201172,1909.8292236328125,41.91365432739258,0.40672239661216736
60,15,1306.181884765625,42.20947265625,1488.4600830078125,88.66165924072266,0.3998996913433075
60,11,1098.241455078125,81.08692932128906,1127.8282470703125,174.1057586669922,0.33710384368896484
60,12,1116.0303955078125,31.953414916992188,1303.0426025390625,195.38035583496094,0.32701390981674194
60,10,1085.2618408203125,173.35804748535156,1181.3023681640625,295.8523864746094,0.3067903220653534
61,1,0.5351486206054688,259.83013916015625,141.18019104003906,470.6058654785156,0.9072847962379456
61,2,267.25335693359375,112.74420166015625,518.9835205078125,246.1307830810547,0.9030665755271912
61,3,0.9609832763671875,120.76423645019531,267.7639465332031,222.15847778320312,0.867915689945221
61,14,1067.4661865234375,81.64013671875,1104.750732421875,176.60494995117188,0.6755707859992981
61,6,1116.5758056640625,31.12624740600586,1303.1624755859375,83.99433135986328,0.6201234459877014
61,4,1676.6572265625,34.44932556152344,1726.904296875,199.86085510253906,0.6189930438995361
61,19,1866.878662109375,252.6104736328125,1919.0963134765625,406.174072265625,0.6011946201324463
61,5,1212.6470947265625,69.81719970703125,1265.8505859375,189.87185668945312,0.6005402207374573
61,9,952.7645874023438,175.0088653564453,988.0903930664062,220.87591552734375,0.5914658904075623
61,8,956.014892578125,39.56599426269531,1125.959228515625,86.01949310302734,0.4987209439277649
61,7,1304.43896484375,41.79792022705078,1489.15869140625,181.83261108398438,0.4944952726364136
61,15,1306.074951171875,42.23334503173828,1488.5633544921875,88.83343505859375,0.40561825037002563
61,13,1845.0484619140625,10.353315353393555,1909.8070068359375,42.10306930541992,0.38261598348617554
61,11,1098.2642822265625,80.70220184326172,1127.7991943359375,174.42320251464844,0.35541799664497375
61,10,1085.9481201171875,173.4176788330078,1180.1243896484375,295.9202575683594,0.3523741662502289
61,12,1115.967041015625,31.91100311279297,1303.662109375,194.52511596679688,0.3118337392807007
62,1,0.5416259765625,259.8742370605469,141.2164764404297,470.611083984375,0.9077810645103455
62,2,267.25653076171875,112.69452667236328,518.9967651367188,246.12974548339844,0.9025031328201294
62,3,0.992706298828125,121.0539779663086,267.7695007324219,222.1808319091797,0.8682543635368347
62,19,1863.037109375,241.23907470703125,1919.2244873046875,405.4640808105469,0.7320361137390137
62,14,1067.3551025390625,81.55952453613281,1104.687255859375,176.6029815673828,0.6584171652793884
62,6,1116.5926513671875,31.067424774169922,1303.4393310546875,84.28113555908203,0.6223256587982178
62,5,1212.6845703125,69.70449829101562,1265.7828369140625,190.083251953125,0.6006834506988525
62,4,1674.7152099609375,34.46780014038086,1727.0225830078125,208.23716735839844,0.5999118089675903
62,9,952.880859375,175.03692626953125,988.0418701171875,220.9387664794922,0.5953488945960999
62,8,956.3098754882812,39.59369659423828,1125.8944091796875,86.05796813964844,0.5105776190757751
62,7,1304.4237060546875,41.74394226074219,1489.2913818359375,182.3154754638672,0.49536147713661194
62,15,1306.086669921875,42.107139587402344,1488.6798095703125,88.9482421875,0.4045059382915497
62,10,1083.7298583984375,173.590576171875,1180.179931640625,295.9577941894531,0.34978941082954407
62,13,1844.3109130859375,10.208536148071289,1912.2825927734375,42.949153900146484,0.3335883915424347
62,12,1115.986083984375,31.87731170654297,1303.9405517578125,194.62852478027344,0.3117031753063202
63,1,0.5471878051757812,259.8950500488281,141.34063720703125,470.6075134277344,0.9073906540870667
63,2,267.169921875,112.7567138671875,518.9386596679688,246.0662384033203,0.9032576680183411
63,3,0.901336669921875,121.05274963378906,267.9566650390625,222.27008056640625,0.8696581721305847
63,19,1859.73681640625,233.16238403320312,1919.2025146484375,407.098388671875,0.7727168798446655
63,14,1067.3720703125,81.36959838867188,1105.041259765625,176.55043029785156,0.6334959864616394
63,6,1116.7410888671875,31.146514892578125,1303.4249267578125,84.34332275390625,0.621554970741272
63,5,1212.8291015625,69.68456268310547,1265.7059326171875,190.12930297851562,0.6016252636909485
63,9,952.6283569335938,174.9550323486328,988.1369018554688,220.93011474609375,0.5894078612327576
63,4,1674.3590087890625,34.481117248535156,1726.8963623046875,206.13095092773438,0.5833697319030762
63,8,956.256591796875,39.55326461791992,1124.9871826171875,86.0215835571289,0.5136427879333496
63,7,1304.52099609375,41.92536163330078,1489.259765625,182.61520385742188,0.4920499920845032
63,20,46.63733673095703,68.13528442382812,74.99364471435547,128.67214965820312,0.4589554965496063
63,15,1306.177734375,42.30235290527344,1488.681884765625,88.92610931396484,0.4039406478404999
63,10,1083.431884765625,173.318115234375,1177.89404296875,296.0012512207031,0.31906580924987793
63,13,1845.298828125,10.420924186706543,1912.72998046875,42.92298889160156,0.3173237144947052
63,11,1096.57861328125,80.02873992919922,1126.2208251953125,174.64930725097656,0.3151320815086365
63,12,1116.2344970703125,31.956710815429688,1303.9542236328125,194.80105590820312,0.3076023757457733
64,1,0.5362129211425781,259.75067138671875,141.16876220703125,470.58709716796875,0.9079280495643616
64,2,267.12066650390625,112.75405883789062,518.982666015625,246.1443328857422,0.9038472175598145
64,3,0.9447784423828125,121.05551147460938,267.95794677734375,222.34442138671875,0.8696855902671814
64,19,1857.7862548828125,235.99827575683594,1919.2723388671875,408.4385681152344,0.7678561210632324
64,6,1116.539794921875,31.14209747314453,1303.7340087890625,84.53934478759766,0.6199870109558105
64,14,1067.4229736328125,81.29209899902344,1105.707275390625,176.21575927734375,0.6191835999488831
64,5,1212.79541015625,69.47795104980469,1265.6427001953125,190.51986694335938,0.5976094603538513
64,4,1674.20361328125,34.37493896484375,1726.803955078125,207.92523193359375,0.5775741338729858
64,9,952.1749877929688,174.6500244140625,987.9662475585938,220.39453125,0.5493592619895935
64,8,956.0042724609375,39.557212829589844,1125.4639892578125,86.08039855957031,0.5163474082946777
64,7,1304.545654296875,41.77198791503906,1489.0950927734375,182.88565063476562,0.48928937315940857
64,15,1306.22412109375,42.17976379394531,1488.60498046875,89.17048645019531,0.40979352593421936
64,13,1844.898193359375,10.748788833618164,1912.25390625,43.39579391479492,0.352464884519577
64,20,48.39048385620117,69.89266967773438,75.8563461303711,127.9952621459961,0.34701576828956604
64,12,1116.164794921875,31.99559783935547,1304.2247314453125,195.1442413330078,0.32977402210235596
64,10,1083.2330322265625,173.64761352539062,1178.18701171875,295.95025634765625,0.30798017978668213
65,1,0.5385818481445312,259.8785400390625,141.09933471679688,470.4039001464844,0.9087169766426086
65,2,267.1868896484375,112.88034057617188,519.1060180664062,246.0980987548828,0.9031898379325867
65,3,0.4631195068359375,120.72015380859375,267.7660827636719,221.97340393066406,0.8699966669082642
65,19,1846.981201171875,234.4552459716797,1910.666748046875,407.3410339355469,0.8042718768119812
65,6,1116.818115234375,31.174816131591797,1303.37109375,84.46444702148438,0.6185104250907898
65,9,952.1531982421875,174.43780517578125,988.1217041015625,220.20822143554688,0.5968833565711975
65,5,1212.2637939453125,69.39871215820312,1265.624267578125,190.68988037109375,0.5828550457954407
65,4,1678.3743896484375,34.3698616027832,1726.6798095703125,198.70138549804688,0.58280348777771
65,14,1067.421875,81.38257598876953,1105.911376953125,175.46875,0.568444013595581
65,8,955.6802368164062,39.53891372680664,1125.471923828125,86.0956039428711,0.5197103023529053
65,7,1304.577392578125,41.946434020996094,1489.0638427734375,182.60641479492188,0.49731606245040894
65,15,1306.244384765625,42.30061340332031,1488.568359375,89.2796401977539,0.40404239296913147
65,13,1845.0360107421875,11.119319915771484,1909.0899658203125,42.89645004272461,0.3729401230812073
65,10,1082.59375,173.9665069580078,1179.9700927734375,296.18084716796875,0.34409651160240173
65,12,1116.412353515625,31.9965763092041,1303.8486328125,195.27236938476562,0.32773685455322266
66,1,0.5451507568359375,259.8205261230469,141.05255126953125,470.4731140136719,0.9091802835464478
66,2,267.2485046386719,112.88885498046875,518.9945068359375,246.11412048339844,0.9046744108200073
66,3,1.0140609741210938,120.82965087890625,268.06585693359375,222.7078857421875,0.8713298439979553
66,19,1812.6910400390625,235.37484741210938,1903.5260009765625,405.2138671875,0.7782182693481445
66,6,1116.96240234375,31.112937927246094,1303.27880859375,84.26277923583984,0.6268694400787354
66,9,952.0294189453125,174.44375610351562,988.127197265625,220.3413848876953,0.6030718684196472
66,5,1212.4886474609375,69.35801696777344,1265.6361083984375,190.84828186035156,0.5997664928436279
66,14,1067.4393310546875,80.69805908203125,1106.1583251953125,175.53172302246094,0.5889004468917847
66,4,1678.7435302734375,34.20744323730469,1726.5380859375,197.47860717773438,0.5837085247039795
66,8,954.4097900390625,39.65889358520508,1124.802978515625,86.04405975341797,0.515377402305603
66,7,1304.596435546875,41.88883590698242,1489.0513916015625,181.74972534179688,0.4953640103340149
66,15,1306.2840576171875,42.28343963623047,1488.54638671875,89.33175659179688,0.4059123396873474
66,13,1845.069580078125,11.14072036743164,1908.381591796875,42.64478302001953,0.37288790941238403
66,10,1082.9285888671875,174.1076202392578,1179.41162109375,296.04010009765625,0.35745179653167725
66,20,48.549373626708984,69.09452819824219,79.10218811035156,128.35748291015625,0.3423295021057129
66,12,1116.43408203125,31.897499084472656,1303.8348388671875,195.0082550048828,0.3070765435695648
67,1,0.5379180908203125,259.87579345703125,141.13619995117188,470.4597473144531,0.9094780683517456
67,2,267.1950988769531,112.82476043701172,518.8645629882812,246.1353759765625,0.9050859212875366
67,3,1.0116119384765625,120.8104476928711,268.06805419921875,222.53097534179688,0.875174343585968
67,19,1800.744140625,242.044921875,1899.429931640625,406.1037902832031,0.836272120475769
67,6,1117.37841796875,31.194557189941406,1303.3670654296875,84.04596710205078,0.6248490214347839
67,5,1212.52587890625,69.47515869140625,1265.6239013671875,189.82736206054688,0.60865318775177
67,4,1678.276611328125,34.121429443359375,1726.6201171875,198.1435089111328,0.5994534492492676
67,9,951.7716064453125,174.36666870117188,987.9942626953125,219.94651794433594,0.5986728072166443
67,14,1067.5902099609375,81.39269256591797,1103.8353271484375,175.6280517578125,0.58558189868927
67,8,954.2152099609375,39.687137603759766,1125.0357666015625,86.16932678222656,0.5110959410667419
67,7,1304.142822265625,41.809844970703125,1489.269287109375,182.53587341308594,0.49689775705337524
67,15,1305.9127197265625,42.12030029296875,1488.7340087890625,89.5110855102539,0.406322717666626
67,13,1845.82177734375,11.08271598815918,1907.20166015625,42.2232551574707,0.3813911974430084
67,20,48.9997673034668,69.80154418945312,78.72542572021484,128.2708282470703,0.3631850779056549
67,10,1082.7559814453125,174.14781188964844,1180.49658203125,296.104736328125,0.35620221495628357
68,1,0.5293464660644531,259.9966125488281,141.1195068359375,470.607177734375,0.908906877040863
68,2,267.2046203613281,112.60114288330078,519.0650634765625,246.16311645507812,0.9046862125396729
68,3,1.0660858154296875,120.91383361816406,267.9731750488281,222.4013214111328,0.874885082244873
68,19,1784.70849609375,233.38243103027344,1895.5111083984375,404.6098327636719,0.860055148601532
68,5,1212.9034423828125,69.51766204833984,1265.870361328125,190.0874786376953,0.625723123550415
68,6,1116.9093017578125,31.19326400756836,1303.3839111328125,84.08150482177734,0.6225955486297607
68,14,1067.690185546875,81.61097717285156,1104.5306396484375,176.2419891357422,0.6176133751869202
68,4,1677.9422607421875,34.266029357910156,1726.5948486328125,198.23748779296875,0.611861526966095
68,9,951.3952026367188,175.31878662109375,987.4922485351562,220.85537719726562,0.5805531740188599
68,8,953.9176025390625,39.522987365722656,1124.4810791015625,86.2020263671875,0.513652503490448
68,7,1304.1207275390625,41.877986907958984,1489.204833984375,182.43142700195312,0.502830982208252
68,15,1305.869384765625,42.246681213378906,1488.6005859375,89.49366760253906,0.3993193209171295
68,10,1082.41845703125,174.12611389160156,1180.77490234375,296.3545837402344,0.3499952554702759
68,13,1846.99853515625,11.313614845275879,1905.6907958984375,42.07149124145508,0.3103059232234955
68,12,1116.5841064453125,32.004859924316406,1303.9317626953125,193.66488647460938,0.3075644075870514
68,20,48.29023361206055,70.63391876220703,80.0783920288086,128.61013793945312,0.30682334303855896
69,1,0.5402069091796875,259.9840393066406,141.2357635498047,470.6575012207031,0.9096048474311829
69,2,267.1672668457031,112.63623046875,519.0450439453125,246.03062438964844,0.9049074649810791
69,3,0.970001220703125,120.6017074584961,267.93341064453125,222.52310180664062,0.8777369260787964
69,19,1776.1351318359375,229.3780059814453,1886.6553955078125,402.727294921875,0.8558422327041626
69,5,1212.8953857421875,69.55087280273438,1265.97509765625,189.71746826171875,0.6284804344177246
69,4,1677.4991455078125,34.061988830566406,1726.6138916015625,198.36293029785156,0.6262087821960449
69,6,1117.2235107421875,31.283042907714844,1303.2430419921875,84.0619125366211,0.620089590549469
69,9,951.6568603515625,175.17164611816406,987.630126953125,220.47377014160156,0.5968934297561646
69,14,1067.5609130859375,81.03547668457031,1106.29052734375,175.72169494628906,0.5921033620834351
69,8,953.9854125976562,39.52565002441406,1124.0936279296875,86.14677429199219,0.5262589454650879
69,7,1303.9368896484375,41.87965393066406,1489.26416015625,182.0046844482422,0.5064533948898315
69,20,50.51473617553711,71.21125793457031,81.35893249511719,128.21006774902344,0.45011502504348755
69,15,1305.6956787109375,42.17224884033203,1488.6246337890625,89.70492553710938,0.40158742666244507
69,10,1082.8890380859375,174.06446838378906,1181.0079345703125,296.1961364746094,0.36852359771728516
69,12,1116.919677734375,32.1412353515625,1303.8341064453125,193.51995849609375,0.30862924456596375
70,1,0.5355949401855469,259.87841796875,141.3235626220703,470.6984558105469,0.9087668657302856
70,2,267.24627685546875,112.6226577758789,519.041748046875,245.94924926757812,0.9042396545410156
70,19,1767.99609375,232.36953735351562,1877.345947265625,400.7053527832031,0.8828234672546387
70,3,0.81719970703125,120.29480743408203,267.9595031738281,222.28509521484375,0.8791754841804504
70,4,1677.146240234375,34.05921936035156,1726.534912109375,198.21038818359375,0.6320483088493347
70,6,1117.009033203125,31.235504150390625,1303.3323974609375,84.07392883300781,0.6134980320930481
70,5,1212.7906494140625,69.83088684082031,1266.010986328125,189.5160369873047,0.6059395670890808
70,14,1067.5478515625,80.96855163574219,1107.166015625,175.3692169189453,0.599233865737915
70,9,951.5155029296875,175.32518005371094,987.7711181640625,220.44410705566406,0.5911662578582764
70,8,954.4251708984375,39.448974609375,1123.8350830078125,86.16755676269531,0.5232254266738892
70,7,1303.8863525390625,41.92266082763672,1488.9847412109375,181.64768981933594,0.5042588710784912
70,15,1305.650146484375,42.24496078491211,1488.406982421875,89.74290466308594,0.39846205711364746
70,10,1082.2847900390625,174.12657165527344,1181.2694091796875,295.8213806152344,0.39710918068885803
70,20,52.091400146484375,73.22484588623047,83.8858871459961,127.72550201416016,0.35344284772872925
70,12,1116.8980712890625,32.11223602294922,1303.868896484375,193.81512451171875,0.3251524269580841
71,1,0.5275382995605469,259.8976135253906,141.1698455810547,470.5734558105469,0.9086295366287231
71,2,267.2439880371094,112.64822387695312,518.987548828125,245.9285430908203,0.9035383462905884
71,3,0.9587173461914062,120.78247833251953,268.0007629394531,222.25466918945312,0.8760036826133728
71,19,1765.6710205078125,229.49386596679688,1862.9901123046875,399.75946044921875,0.8739868402481079
71,4,1676.92236328125,34.36441421508789,1726.632568359375,194.88803100585938,0.6469117403030396
71,6,1116.3487548828125,31.198562622070312,1303.323486328125,84.18699645996094,0.6145043969154358
71,14,1067.511962890625,80.74617004394531,1108.8790283203125,175.84835815429688,0.6036299467086792
71,5,1213.0205078125,69.81614685058594,1265.8905029296875,189.721435546875,0.5938462615013123
71,9,951.3568725585938,175.59713745117188,987.6553344726562,220.47152709960938,0.5909512042999268
71,8,954.2296752929688,39.468990325927734,1124.14453125,86.18560028076172,0.5313699245452881
71,7,1303.908203125,41.836578369140625,1488.8641357421875,182.51087951660156,0.5116541981697083
71,15,1305.6839599609375,42.18386459350586,1488.3741455078125,89.76619720458984,0.40114277601242065
71,10,1083.3197021484375,174.17376708984375,1181.24267578125,295.2666320800781,0.38534578680992126
71,12,1115.9671630859375,32.06684112548828,1303.8883056640625,193.88946533203125,0.32025590538978577
71,20,50.643733978271484,71.35942840576172,83.28694915771484,128.35067749023438,0.32005807757377625
72,1,0.5372085571289062,259.3092956542969,140.9711456298828,470.6849670410156,0.9084716439247131
72,2,266.9263916015625,112.40007781982422,518.9848022460938,246.14918518066406,0.9035034775733948
72,3,0.798980712890625,120.88170623779297,267.92095947265625,222.4199981689453,0.8759560585021973
72,19,1759.6790771484375,229.34568786621094,1844.3829345703125,399.8763427734375,0.844795823097229
72,4,1677.57470703125,34.50763702392578,1726.6700439453125,191.25160217285156,0.6605159640312195
72,6,1116.976806640625,31.143917083740234,1302.7896728515625,84.20471954345703,0.5929880142211914
72,14,1067.6434326171875,80.9560546875,1109.3702392578125,174.94125366210938,0.5629664063453674
72,5,1213.6431884765625,69.60175323486328,1265.9117431640625,189.38392639160156,0.5508586168289185
72,7,1304.1416015625,41.45732116699219,1488.675537109375,182.10498046875,0.5118311643600464
72,8,954.3570556640625,39.7694091796875,1123.6883544921875,86.34104919433594,0.5027285814285278
72,9,951.7197875976562,176.02230834960938,987.5798950195312,220.17352294921875,0.45640650391578674
72,15,1305.8720703125,42.048431396484375,1488.1231689453125,89.51005554199219,0.4024493992328644
72,10,1081.0958251953125,174.3280487060547,1181.654052734375,295.0415954589844,0.3831392526626587
72,12,1116.412109375,31.97222900390625,1303.302001953125,193.27001953125,0.36723026633262634
72,20,49.09162902832031,73.19657135009766,82.00895690917969,128.32522583007812,0.32567355036735535
73,1,0.5290603637695312,259.23760986328125,140.96778869628906,470.7032775878906,0.9084460139274597
73,2,266.9758605957031,112.66292572021484,519.0142822265625,246.2809295654297,0.904235303401947
73,3,0.7487640380859375,120.55545043945312,267.9875793457031,222.4544677734375,0.8783239126205444
73,19,1760.47998046875,231.37046813964844,1830.1904296875,397.42236328125,0.8236942291259766
73,4,1677.7181396484375,34.38047790527344,1726.7178955078125,190.77813720703125,0.6702694892883301
73,6,1117.13427734375,31.10987091064453,1302.67431640625,84.25140380859375,0.5989460349082947
73,5,1213.53564453125,69.46531677246094,1265.9737548828125,189.10633850097656,0.5693226456642151
73,14,1067.665771484375,80.92465209960938,1109.17138671875,175.28871154785156,0.5671831965446472
73,7,1304.0765380859375,41.40338897705078,1488.7684326171875,181.88255310058594,0.5069982409477234
73,8,954.8417358398438,39.64130401611328,1123.9705810546875,86.21058654785156,0.5036628246307373
73,9,951.4759521484375,175.9793243408203,987.5537719726562,220.46864318847656,0.4239988923072815
73,15,1305.8306884765625,41.92039489746094,1488.2176513671875,89.61092376708984,0.40773749351501465
73,10,1081.1712646484375,174.37234497070312,1181.6568603515625,294.92779541015625,0.3793393075466156
73,12,1116.519287109375,31.94993019104004,1303.2138671875,192.74327087402344,0.3684568405151367
73,20,50.5316047668457,73.58255767822266,89.19175720214844,127.07801055908203,0.36010032892227173
73,13,1848.29150390625,11.604557991027832,1906.333740234375,42.660552978515625,0.3175722360610962
74,1,0.5274696350097656,259.3707580566406,140.94406127929688,470.7160339355469,0.9077965021133423
74,2,267.00640869140625,112.64678955078125,518.8739013671875,246.10670471191406,0.9051833152770996
74,3,0.6130599975585938,120.75634002685547,267.99468994140625,222.26007080078125,0.8760207891464233
74,19,1749.194580078125,233.76548767089844,1816.436767578125,396.1844177246094,0.7895601987838745
74,4,1677.640869140625,34.39448547363281,1726.61572265625,190.60011291503906,0.6606239676475525
74,6,1117.0289306640625,31.139053344726562,1302.53857421875,84.32212829589844,0.5873408913612366
74,14,1067.7147216796875,81.01341247558594,1108.8077392578125,175.1189727783203,0.5870639085769653
74,5,1213.4102783203125,69.12133026123047,1266.2259521484375,188.64236450195312,0.5151627659797668
74,7,1304.1796875,41.52708435058594,1488.8763427734375,182.0968780517578,0.5021576881408691
74,8,955.275146484375,39.54480743408203,1124.1533203125,86.42005920410156,0.4983222484588623
74,9,951.3316650390625,175.95556640625,987.5279541015625,220.777587890625,0.44316962361335754
74,15,1305.9224853515625,42.04464340209961,1488.4002685546875,89.29729461669922,0.4049362242221832
74,20,50.80864715576172,70.31245422363281,90.38311767578125,127.54186248779297,0.39538952708244324
74,12,1116.6932373046875,32.01085662841797,1302.9404296875,192.27635192871094,0.3871462047100067
74,10,1081.1903076171875,174.4174346923828,1181.5438232421875,295.3689270019531,0.37366989254951477
74,13,1849.6263427734375,11.673254013061523,1907.18115234375,42.57720947265625,0.31687119603157043
75,1,0.525054931640625,259.30242919921875,140.8826446533203,470.5756530761719,0.9083510041236877
75,2,266.9940185546875,113.00992584228516,518.8682250976562,246.0460662841797,0.906013011932373
75,3,0.5597305297851562,120.67156982421875,268.0251770019531,222.18360900878906,0.8755954504013062
75,19,1740.1065673828125,227.89398193359375,1807.5340576171875,396.6307373046875,0.8514856100082397
75,4,1677.5128173828125,34.32806396484375,1726.6396484375,190.90928649902344,0.6644354462623596
75,14,1067.715576171875,80.95138549804688,1108.5191650390625,175.3333740234375,0.5941309928894043
75,6,1117.2227783203125,31.142166137695312,1302.409423828125,84.28643035888672,0.5873345732688904
75,5,1213.26171875,69.11604309082031,1266.2073974609375,188.93321228027344,0.5054523944854736
75,7,1304.260009765625,41.56512451171875,1488.802490234375,182.55734252929688,0.5045905709266663
75,8,955.0235595703125,39.56435775756836,1123.96728515625,86.57782745361328,0.5036202669143677
75,9,951.3989868164062,175.96929931640625,987.5833740234375,220.33108520507812,0.4488198459148407
75,15,1306.0107421875,42.02250289916992,1488.34619140625,89.1390609741211,0.4042147994041443
75,12,1116.89501953125,31.975982666015625,1302.831298828125,192.54295349121094,0.39112627506256104
75,10,1081.175537109375,174.35574340820312,1181.731201171875,295.5520935058594,0.3759474754333496
75,20,52.03604507446289,70.3875961303711,89.27314758300781,127.52950286865234,0.3529200553894043
76,1,0.5218391418457031,259.2354736328125,140.87477111816406,470.5813293457031,0.9081737995147705
76,2,267.0215148925781,112.92237854003906,518.7982788085938,246.05209350585938,0.9060495495796204
76,19,1721.209716796875,223.04058837890625,1802.8670654296875,396.3888244628906,0.8773990869522095
76,3,0.5650405883789062,120.32378387451172,268.00164794921875,222.2278289794922,0.8745678067207336
76,4,1677.5643310546875,34.436256408691406,1726.7545166015625,192.07786560058594,0.656578004360199
76,14,1067.6268310546875,80.61856842041016,1107.173583984375,175.2675018310547,0.6151598691940308
76,6,1117.141845703125,31.221633911132812,1302.4324951171875,84.2574462890625,0.5794205069541931
76,8,955.1376342773438,39.611595153808594,1123.8326416015625,86.43136596679688,0.49942678213119507
76,7,1303.911376953125,41.43958282470703,1488.916748046875,182.7889862060547,0.4981172978878021
76,5,1213.2762451171875,69.23302459716797,1266.1607666015625,188.85511779785156,0.49445003271102905
76,9,951.0238037109375,175.88223266601562,987.4960327148438,220.33612060546875,0.4672393202781677
76,15,1305.7578125,41.99170684814453,1488.5025634765625,88.96293640136719,0.40331003069877625
76,12,1117.049560546875,32.12860107421875,1302.8170166015625,192.61181640625,0.4013579487800598
76,10,1081.2464599609375,174.40814208984375,1181.726318359375,295.5705871582031,0.38493478298187256
76,13,1851.324951171875,11.833654403686523,1904.730224609375,41.49495315551758,0.3144475519657135
77,1,0.5171585083007812,259.1362609863281,140.8911590576172,470.58782958984375,0.908333420753479
77,2,267.00091552734375,112.91033935546875,518.853515625,246.02210998535156,0.9058504104614258
77,3,0.6473922729492188,120.4742660522461,268.0401306152344,222.20555114746094,0.8750647902488708
77,19,1707.3143310546875,220.73382568359375,1798.25146484375,395.47906494140625,0.8605808019638062
77,4,1677.41748046875,34.35887145996094,1726.775390625,195.3343963623047,0.6196612119674683
77,14,1067.7000732421875,80.43896484375,1105.0828857421875,175.0550994873047,0.5962329506874084
77,6,1117.2471923828125,31.21666717529297,1302.400146484375,84.33972930908203,0.5857594013214111
77,5,1213.1844482421875,68.97937774658203,1266.1282958984375,189.03570556640625,0.5119414925575256
77,7,1304.011474609375,41.412391662597656,1488.8612060546875,183.3720703125,0.49531060457229614
77,8,955.6038818359375,39.67578887939453,1123.8935546875,86.46409606933594,0.49498963356018066
77,9,951.059326171875,175.92127990722656,987.52880859375,220.40171813964844,0.4731532633304596
77,15,1305.83203125,42.032161712646484,1488.4482421875,88.9408950805664,0.4027472734451294
77,12,1117.114013671875,32.07088088989258,1302.7550048828125,192.9012908935547,0.39405232667922974
77,10,1081.344482421875,174.4309844970703,1181.6192626953125,295.5648193359375,0.38432225584983826
77,13,1850.5360107421875,11.657423973083496,1904.6920166015625,42.31483840942383,0.3236849308013916
78,1,0.5134048461914062,259.0881042480469,140.88409423828125,470.6567687988281,0.9085643291473389
78,2,266.99188232421875,112.9218521118164,518.8765869140625,245.97964477539062,0.9062497019767761
78,3,0.62896728515625,120.13799285888672,268.0206604003906,222.16256713867188,0.8760022521018982
78,19,1696.4609375,223.66122436523438,1793.6207275390625,394.08013916015625,0.8111230731010437
78,4,1677.570556640625,34.33543395996094,1726.6622314453125,198.0702667236328,0.5994776487350464
78,6,1117.2177734375,31.238445281982422,1302.367431640625,84.24495697021484,0.5863869786262512
78,14,1067.693603515625,80.67375183105469,1104.795166015625,174.7320556640625,0.5671834349632263
78,5,1213.307861328125,68.95447540283203,1266.1502685546875,188.92538452148438,0.5207337737083435
78,8,955.7023315429688,39.68815994262695,1123.8431396484375,86.41969299316406,0.4906747043132782
78,9,951.063720703125,175.49656677246094,987.8045654296875,220.4004364013672,0.4901731610298157
78,7,1304.1624755859375,41.40979766845703,1488.6767578125,182.43667602539062,0.4886251986026764
78,15,1305.9696044921875,42.043304443359375,1488.2618408203125,88.74552154541016,0.40376636385917664
78,12,1117.0889892578125,32.09742736816406,1302.7137451171875,192.55087280273438,0.3915197551250458
78,10,1081.5350341796875,174.2251739501953,1181.813232421875,296.1293640136719,0.37225696444511414
78,13,1849.594482421875,11.534382820129395,1906.152099609375,42.769569396972656,0.3186294734477997
79,1,0.5179023742675781,259.03253173828125,140.86541748046875,470.45361328125,0.908610463142395
79,2,266.9815368652344,112.92217254638672,518.8367919921875,245.9691162109375,0.9064186215400696
79,3,0.6466827392578125,120.61798095703125,267.8947448730469,222.21839904785156,0.8712999224662781
79,19,1682.8206787109375,220.60025024414062,1787.4691162109375,392.88372802734375,0.8284246325492859
79,4,1676.8385009765625,34.50493621826172,1727.0841064453125,217.55612182617188,0.6219139099121094
79,6,1117.105712890625,31.23717498779297,1302.2945556640625,84.18887329101562,0.5849509239196777
79,14,1067.572998046875,80.5048828125,1105.0535888671875,174.8783721923828,0.5831042528152466
79,8,955.6085815429688,39.68183135986328,1123.9168701171875,86.39698791503906,0.5023645162582397
79,5,1213.3084716796875,69.03492736816406,1266.1380615234375,189.18692016601562,0.49958354234695435
79,7,1304.104248046875,41.32539749145508,1488.6005859375,182.69027709960938,0.4874069094657898
79,9,950.9008178710938,175.69053649902344,987.7277221679688,220.44549560546875,0.46578359603881836
79,15,1305.9173583984375,41.996559143066406,1488.187744140625,88.80152893066406,0.4027668833732605
79,12,1116.9481201171875,32.08936309814453,1302.635009765625,193.1913299560547,0.3914240002632141
79,10,1081.7132568359375,174.07333374023438,1181.522216796875,296.0279846191406,0.3504135012626648
79,13,1848.4002685546875,11.49869155883789,1905.0670166015625,42.28669738769531,0.32872095704078674
80,1,0.5212554931640625,259.19427490234375,140.72073364257812,470.4513244628906,0.9086143970489502
80,2,267.0960388183594,112.56683349609375,518.7203979492188,246.0028839111328,0.9058119654655457
80,3,0.4909515380859375,120.62347412109375,267.80450439453125,221.87429809570312,0.8735946416854858
80,19,1685.5440673828125,218.2433624267578,1775.6319580078125,392.7437438964844,0.8432897329330444
80,4,1676.791748046875,34.36852264404297,1727.9818115234375,217.1254119873047,0.5922726392745972
80,14,1067.61376953125,80.31111145019531,1105.3052978515625,174.7550811767578,0.5755528807640076
80,6,1117.45556640625,31.250839233398438,1302.431640625,84.11267852783203,0.5653039813041687
80,8,954.7435913085938,39.820316314697266,1123.8875732421875,86.32525634765625,0.5005754828453064
80,7,1304.0406494140625,41.51355743408203,1488.587158203125,182.669677734375,0.4893251061439514
80,9,950.9199829101562,175.4066162109375,987.7415771484375,220.01046752929688,0.4800240099430084
80,20,58.931705474853516,72.02870178222656,92.32872009277344,125.32644653320312,0.475447416305542
80,5,1213.5897216796875,69.04991912841797,1265.8984375,189.09091186523438,0.46393853425979614
80,15,1305.8724365234375,42.098052978515625,1488.16259765625,88.828125,0.40827643871307373
80,12,1117.559326171875,32.15185546875,1302.69482421875,192.88526916503906,0.39912331104278564
80,10,1081.6278076171875,174.06582641601562,1181.8780517578125,296.2455139160156,0.3499743640422821
80,13,1849.9647216796875,12.111900329589844,1903.6036376953125,41.818016052246094,0.3497820198535919
81,1,0.5055999755859375,258.9722900390625,140.71913146972656,470.42047119140625,0.9086410999298096
81,2,267.1255187988281,112.53300476074219,518.7653198242188,245.85337829589844,0.9051117300987244
81,3,0.5457687377929688,120.318603515625,267.87213134765625,221.58526611328125,0.8725935816764832
81,19,1673.4891357421875,222.80987548828125,1761.3878173828125,389.8044738769531,0.8145761489868164
81,4,1676.96484375,34.1321907043457,1727.6923828125,196.56248474121094,0.6101212501525879
81,14,1067.5198974609375,80.03052520751953,1105.8336181640625,174.51687622070312,0.5716608166694641
81,6,1117.5714111328125,31.26514434814453,1302.596923828125,84.19182586669922,0.570992112159729
81,8,954.8756103515625,39.85418701171875,1124.0848388671875,86.3298110961914,0.502265989780426
81,9,950.8258666992188,175.40057373046875,987.9274291992188,220.3758544921875,0.5015861988067627
81,5,1213.663818359375,69.22956848144531,1266.034912109375,189.21446228027344,0.4970328211784363
81,7,1304.256591796875,41.563087463378906,1488.177734375,182.12127685546875,0.48947152495384216
81,15,1305.989501953125,42.207645416259766,1487.841796875,88.98289489746094,0.4117557406425476
81,12,1117.7208251953125,32.15320587158203,1302.947509765625,192.79693603515625,0.39659103751182556
81,13,1850.220703125,12.4200439453125,1902.81298828125,41.898651123046875,0.35632896423339844
81,10,1082.019287109375,174.1454315185547,1181.5814208984375,296.7857666015625,0.3354890048503876
82,1,0.5043983459472656,259.2491455078125,140.68385314941406,470.42779541015625,0.9088100790977478
82,2,266.90753173828125,112.5816879272461,518.9124755859375,245.86007690429688,0.9065310955047607
82,3,0.6004486083984375,119.40724182128906,267.9657287597656,221.558349609375,0.8709378838539124
82,19,1663.9163818359375,220.322021484375,1743.0611572265625,388.59356689453125,0.8530982136726379
82,4,1676.8956298828125,34.40602493286133,1727.8941650390625,197.2979736328125,0.6018584370613098
82,6,1117.55517578125,31.23892593383789,1302.8839111328125,84.26797485351562,0.5691357254981995
82,14,1067.5316162109375,80.0863265991211,1105.6239013671875,174.39913940429688,0.5616254806518555
82,8,955.1442260742188,39.889583587646484,1124.181884765625,86.26289367675781,0.5055121779441833
82,7,1304.2000732421875,41.43592071533203,1488.0533447265625,182.56727600097656,0.49382901191711426
82,9,950.9569702148438,175.6067657470703,987.9358520507812,220.27735900878906,0.4771353304386139
82,5,1213.769287109375,69.29685974121094,1265.990234375,189.32437133789062,0.4765643775463104
82,15,1305.9136962890625,42.16166305541992,1487.70263671875,89.33086395263672,0.40910604596138
82,12,1117.7054443359375,32.12720489501953,1303.216552734375,193.1774139404297,0.39996904134750366
82,13,1850.868896484375,12.367000579833984,1903.53369140625,41.816734313964844,0.36532506346702576
82,21,601.843017578125,104.6099853515625,647.2483520507812,163.00181579589844,0.3495330810546875
82,10,1081.9132080078125,174.22604370117188,1181.970458984375,297.0439453125,0.31998080015182495
83,1,0.4968452453613281,259.3023376464844,140.67457580566406,470.4844665527344,0.9092726111412048
83,2,266.9873352050781,112.61868286132812,518.8438110351562,245.89869689941406,0.9066901803016663
83,3,0.63336181640625,119.54659271240234,267.9677734375,221.67567443847656,0.8719345927238464
83,19,1661.2064208984375,221.9235076904297,1731.2669677734375,388.7513122558594,0.8462336659431458
83,4,1676.4781494140625,34.49280548095703,1728.3343505859375,197.1211395263672,0.6212843656539917
83,6,1117.0711669921875,31.29367446899414,1302.96240234375,84.24600982666016,0.5615363121032715
83,14,1067.59326171875,80.24404907226562,1105.783935546875,174.156005859375,0.5341780185699463
83,8,955.1416625976562,39.724971771240234,1124.2987060546875,86.28754425048828,0.5056623220443726
83,7,1304.1400146484375,41.55573272705078,1487.9603271484375,181.5454559326172,0.49728941917419434
83,9,950.8276977539062,175.80580139160156,987.7805786132812,220.42938232421875,0.4718405604362488
83,5,1213.7755126953125,69.29434204101562,1265.8924560546875,189.21286010742188,0.4661925435066223
83,12,1117.3052978515625,32.20294189453125,1303.2796630859375,193.20437622070312,0.40714386105537415
83,15,1305.8438720703125,42.30165481567383,1487.632080078125,89.34783172607422,0.4050960838794708
83,21,601.7512817382812,104.50678253173828,647.2236938476562,162.67059326171875,0.3600294291973114
83,13,1852.48681640625,13.053955078125,1903.714599609375,41.44947052001953,0.34180760383605957
83,10,1081.87109375,174.36300659179688,1181.7513427734375,297.412841796875,0.31847652792930603
84,1,0.4950370788574219,259.3710021972656,141.09976196289062,470.3183898925781,0.909912109375
84,2,267.06060791015625,112.56430053710938,518.7346801757812,246.27195739746094,0.9054396748542786
84,3,0.7131500244140625,119.85104370117188,268.28338623046875,222.3712921142578,0.8720173239707947
84,19,1649.8736572265625,220.423828125,1720.2623291015625,388.05865478515625,0.8329267501831055
84,4,1676.0101318359375,34.86198043823242,1728.7294921875,196.90911865234375,0.6040831804275513
84,9,950.899658203125,175.89834594726562,987.948486328125,222.4046630859375,0.5754450559616089
84,6,1117.0196533203125,30.97277069091797,1302.4080810546875,83.89305114746094,0.5749274492263794
84,14,1067.4246826171875,81.00013732910156,1106.8802490234375,174.6833953857422,0.5475090742111206
84,5,1213.76953125,69.05060577392578,1265.860107421875,188.8512725830078,0.525141179561615
84,8,955.1217041015625,39.51777648925781,1123.638916015625,86.40106201171875,0.5217028856277466
84,7,1304.2254638671875,41.476707458496094,1488.4310302734375,180.01890563964844,0.4943085014820099
84,15,1305.9647216796875,42.213706970214844,1488.0169677734375,89.08479309082031,0.4100908935070038
84,12,1116.8839111328125,31.76799774169922,1302.672607421875,192.76585388183594,0.38167017698287964
84,10,1081.89013671875,174.8009490966797,1180.0859375,298.0775146484375,0.36196210980415344
84,13,1855.4146728515625,13.950382232666016,1902.7818603515625,40.98068618774414,0.3442668914794922
84,21,601.1880493164062,104.25933837890625,647.0447998046875,162.34835815429688,0.30249273777008057
85,1,0.490081787109375,259.4068298339844,141.1386260986328,470.3121032714844,0.9098019003868103
85,2,267.0960998535156,112.58628845214844,518.756103515625,246.23822021484375,0.9047678112983704
85,3,0.7059860229492188,119.69076538085938,268.5485534667969,222.3091278076172,0.8721660375595093
85,19,1639.9478759765625,218.654296875,1708.2696533203125,386.4167175292969,0.8355645537376404
85,6,1117.2261962890625,31.067264556884766,1302.5728759765625,83.98835754394531,0.5759087204933167
85,4,1676.29833984375,34.74671173095703,1729.03564453125,195.01263427734375,0.5739772319793701
85,14,1067.3939208984375,80.78668212890625,1106.298583984375,175.2022705078125,0.5676400661468506
85,9,951.1609497070312,176.2122344970703,987.7219848632812,222.01295471191406,0.563566267490387
85,5,1213.942138671875,68.97846221923828,1265.860107421875,189.09902954101562,0.5237458944320679
85,8,954.8529052734375,39.454010009765625,1123.6669921875,86.34471130371094,0.5177738666534424
85,7,1304.193359375,41.45940399169922,1488.464111328125,179.54544067382812,0.48841819167137146
85,15,1305.8819580078125,42.32841110229492,1488.191650390625,89.00757598876953,0.4145578444004059
85,12,1117.106689453125,31.829687118530273,1302.860107421875,193.29144287109375,0.38778921961784363
85,13,1854.016845703125,13.994453430175781,1902.690673828125,41.04766845703125,0.3388434052467346
85,10,1082.2723388671875,174.69387817382812,1179.969970703125,297.7647399902344,0.33410024642944336
85,11,1096.295654296875,78.75045776367188,1127.7955322265625,173.53761291503906,0.3271738886833191
86,1,0.4878044128417969,259.4420471191406,141.145751953125,470.310791015625,0.9096726179122925
86,2,267.12457275390625,112.45750427246094,518.7188110351562,246.25634765625,0.905796229839325
86,3,0.7653350830078125,119.6392822265625,268.5412902832031,222.1852569580078,0.8715016841888428
86,19,1628.1617431640625,221.81126403808594,1702.4593505859375,385.79510498046875,0.8264436721801758
86,4,1676.1119384765625,34.706329345703125,1728.8638916015625,195.63429260253906,0.6261099576950073
86,6,1117.056884765625,31.180583953857422,1302.6368408203125,83.92777252197266,0.571584165096283
86,9,951.1909790039062,176.0048828125,987.7157592773438,222.0023956298828,0.5637737512588501
86,14,1067.3814697265625,80.66679382324219,1107.0845947265625,174.85369873046875,0.5440486073493958
86,5,1213.94677734375,69.09363555908203,1265.934326171875,189.05369567871094,0.5253976583480835
86,8,954.7208862304688,39.47782516479492,1123.845458984375,86.37474822998047,0.5089515447616577
86,7,1304.132568359375,41.40696716308594,1488.6146240234375,179.06565856933594,0.48398566246032715
86,15,1305.8453369140625,42.343841552734375,1488.2918701171875,89.0409164428711,0.41662895679473877
86,12,1117.01708984375,31.988937377929688,1302.9429931640625,193.071044921875,0.39316463470458984
86,10,1082.1038818359375,174.64691162109375,1180.0543212890625,297.898681640625,0.34113091230392456
86,11,1096.4014892578125,78.90087890625,1128.3870849609375,173.74021911621094,0.31085747480392456
87,1,0.4860877990722656,259.5489501953125,141.25064086914062,470.3663635253906,0.9096863269805908
87,2,267.13323974609375,112.45944213867188,518.78955078125,245.95188903808594,0.9034138917922974
87,19,1612.7403564453125,216.27090454101562,1700.4229736328125,387.7196960449219,0.8886588215827942
87,3,0.7185287475585938,119.28791046142578,268.1392822265625,221.91082763671875,0.870018720626831
87,4,1675.9149169921875,34.55554962158203,1728.8455810546875,198.53770446777344,0.617721438407898
87,9,950.1912231445312,175.5640411376953,987.7256469726562,222.09580993652344,0.6137454509735107
87,14,1067.4517822265625,81.03833770751953,1106.272705078125,175.1039581298828,0.5954813957214355
87,6,1117.174560546875,31.02059555053711,1302.78369140625,83.77936553955078,0.5654085278511047
87,5,1214.171630859375,68.77347564697266,1266.30029296875,189.67835998535156,0.5384323000907898
87,8,954.779296875,39.70014953613281,1123.9310302734375,86.42152404785156,0.5101703405380249
87,7,1304.2591552734375,41.321502685546875,1488.0009765625,178.42791748046875,0.4805903732776642
87,15,1305.9415283203125,42.209259033203125,1487.8934326171875,88.62975311279297,0.4090390205383301
87,12,1117.0101318359375,31.8446044921875,1303.1558837890625,193.60853576660156,0.40685737133026123
87,10,1081.94384765625,174.71209716796875,1181.9791259765625,296.3672790527344,0.3894505798816681
87,13,1853.3580322265625,14.11798095703125,1900.31982421875,40.88758850097656,0.3559339940547943
88,1,0.4919929504394531,259.6539001464844,141.1226806640625,470.3819274902344,0.9098177552223206
88,2,267.1374206542969,112.49591064453125,518.8026123046875,245.8531036376953,0.9031474590301514
88,3,0.6469573974609375,119.7462158203125,268.0522155761719,221.7919921875,0.8710803389549255
88,19,1591.763671875,216.86924743652344,1696.087646484375,387.25213623046875,0.8431147933006287
88,4,1675.643310546875,34.52606964111328,1728.9453125,197.9645233154297,0.6194268465042114
88,9,949.9391479492188,175.64126586914062,987.8375854492188,222.3907470703125,0.6167682409286499
88,14,1067.354736328125,80.42678833007812,1106.3270263671875,175.2949676513672,0.609011709690094
88,6,1117.0968017578125,30.78091049194336,1302.703125,83.82971954345703,0.5567222833633423
88,8,954.6156005859375,39.66592025756836,1123.795166015625,86.39896392822266,0.5150435566902161
88,5,1214.1387939453125,68.49561309814453,1266.171142578125,189.7913818359375,0.4888972043991089
88,7,1304.0855712890625,41.43822479248047,1487.8475341796875,178.82876586914062,0.48387566208839417
88,10,1081.59130859375,174.6771697998047,1182.0645751953125,296.74761962890625,0.41322606801986694
88,12,1116.986572265625,31.58748435974121,1303.0245361328125,193.6512451171875,0.40855324268341064
88,15,1305.794189453125,42.26789474487305,1487.7633056640625,88.48432922363281,0.4027077555656433
88,13,1852.6129150390625,13.58657455444336,1900.816162109375,41.18171310424805,0.3857831060886383
88,20,67.544677734375,71.52660369873047,97.58956909179688,119.48233795166016,0.3136110305786133
89,1,0.4874267578125,259.638671875,141.10240173339844,470.3844909667969,0.909403920173645
89,2,267.16143798828125,112.49601745605469,518.7962036132812,245.89471435546875,0.9027841687202454
89,19,1583.5869140625,213.39610290527344,1688.675537109375,387.0857238769531,0.8820260763168335
89,3,0.7645111083984375,120.05937194824219,268.0426940917969,221.68336486816406,0.8680096864700317
89,4,1675.65966796875,34.333961486816406,1729.083251953125,198.5797576904297,0.6324217319488525
89,9,950.192138671875,175.72027587890625,987.78369140625,222.393310546875,0.6108407378196716
89,14,1067.3826904296875,80.5242919921875,1106.3321533203125,175.39320373535156,0.6062484979629517
89,6,1117.073974609375,30.77581787109375,1302.7547607421875,83.80802154541016,0.5571112632751465
89,8,954.3645629882812,39.64917755126953,1123.7421875,86.4327392578125,0.5147608518600464
89,5,1214.1768798828125,68.57508087158203,1266.1358642578125,189.9297332763672,0.48269733786582947
89,7,1303.9315185546875,41.46272277832031,1487.8741455078125,179.1931915283203,0.48208412528038025
89,10,1081.7288818359375,174.75201416015625,1182.04443359375,296.7755432128906,0.41441962122917175
89,13,1852.0023193359375,13.249237060546875,1901.5433349609375,41.335384368896484,0.41369667649269104
89,12,1117.01416015625,31.609336853027344,1303.1104736328125,193.79063415527344,0.4099498689174652
89,15,1305.66796875,42.25170135498047,1487.806640625,88.42321014404297,0.4045625627040863
89,21,601.3773193359375,104.49039459228516,646.9766235351562,161.95401000976562,0.3083588480949402
90,1,0.45948028564453125,258.3503723144531,140.83238220214844,470.67242431640625,0.9091036915779114
90,2,267.1610412597656,112.12484741210938,518.62890625,245.27366638183594,0.904183566570282
90,19,1581.0245361328125,216.27442932128906,1678.4534912109375,385.49462890625,0.8815941214561462
90,3,0.8526763916015625,120.44615936279297,268.2688293457031,221.5321807861328,0.8689508438110352
90,9,950.2595825195312,175.3157958984375,987.8309936523438,221.798583984375,0.6472054123878479
90,4,1676.136962890625,34.608642578125,1729.132080078125,197.20053100585938,0.6207054257392883
90,14,1067.356201171875,80.5883560180664,1105.694091796875,175.63121032714844,0.6114506125450134
90,6,1117.4658203125,30.82529067993164,1302.66943359375,83.67961883544922,0.5820124745368958
90,5,1214.4478759765625,68.05082702636719,1268.13330078125,191.1703643798828,0.5610032677650452
90,8,954.182373046875,39.56858825683594,1124.0511474609375,86.5326919555664,0.5188889503479004
90,7,1303.7052001953125,41.545692443847656,1488.8731689453125,179.22921752929688,0.5007769465446472
90,10,1081.416259765625,174.85235595703125,1181.9144287109375,297.4078674316406,0.4189135730266571
90,15,1305.449951171875,41.81014633178711,1488.5001220703125,88.3220443725586,0.40143895149230957
90,12,1117.2261962890625,31.665390014648438,1303.113037109375,194.51881408691406,0.39294731616973877
90,17,975.6284790039062,186.38438415527344,1049.165771484375,285.6574401855469,0.36576369404792786
90,13,1853.705322265625,13.198688507080078,1904.353759765625,41.313663482666016,0.35836732387542725
90,11,1096.479736328125,78.82356262207031,1129.2783203125,174.09530639648438,0.3474064767360687
91,1,0.45444488525390625,258.49072265625,140.83851623535156,470.57537841796875,0.9093952178955078
91,2,267.1773376464844,112.19577026367188,518.564208984375,245.3500213623047,0.904335618019104
91,3,0.7977218627929688,119.32880401611328,268.30389404296875,221.3308563232422,0.8664664030075073
91,19,1579.06494140625,217.4534454345703,1663.733642578125,384.14794921875,0.8595026135444641
91,9,950.5918579101562,175.17626953125,987.9210205078125,221.817626953125,0.6679233908653259
91,4,1676.373046875,34.67809295654297,1728.990966796875,196.9771270751953,0.6280031204223633
91,14,1067.3251953125,80.67073059082031,1105.67041015625,175.0144500732422,0.6110345125198364
91,6,1117.3646240234375,30.858661651611328,1302.57177734375,83.65377807617188,0.5795594453811646
91,5,1214.4913330078125,67.90196228027344,1268.2520751953125,191.10531616210938,0.5622643232345581
91,8,953.6285400390625,39.6815299987793,1123.9716796875,86.33609008789062,0.5204638242721558
91,7,1303.6878662109375,41.65122985839844,1488.977783203125,179.30467224121094,0.5052617788314819
91,10,1081.7081298828125,174.7569122314453,1181.976318359375,297.4045715332031,0.4138616919517517
91,15,1305.4129638671875,41.882354736328125,1488.551513671875,88.2432632446289,0.40285250544548035
91,12,1117.232666015625,31.71118927001953,1302.9840087890625,194.56797790527344,0.4004032015800476
91,17,975.608642578125,186.4972686767578,1049.2603759765625,285.724365234375,0.3681804835796356
91,11,1096.6282958984375,78.76950073242188,1128.3026123046875,173.5630340576172,0.3647304177284241
91,13,1853.857666015625,13.236082077026367,1903.2005615234375,41.005638122558594,0.3193131685256958
91,20,73.4520263671875,73.20454406738281,100.0616455078125,117.5973892211914,0.3001430332660675
92,1,0.4519844055175781,258.5631408691406,140.8350067138672,470.58087158203125,0.9090333580970764
92,2,267.1714172363281,112.24663543701172,518.5648803710938,245.53065490722656,0.9041296243667603
92,3,1.0444107055664062,118.99742889404297,268.42596435546875,221.27345275878906,0.8678230047225952
92,19,1569.3275146484375,216.6848602294922,1647.44140625,382.78179931640625,0.8619675636291504
92,9,950.3976440429688,175.13626098632812,987.9146728515625,221.66757202148438,0.6670069098472595
92,14,1067.28564453125,80.48149108886719,1106.2860107421875,174.72116088867188,0.5954659581184387
92,4,1676.0086669921875,34.630008697509766,1729.1026611328125,198.6104278564453,0.5933676958084106
92,6,1117.3822021484375,30.85693359375,1302.4677734375,83.8309555053711,0.5827558040618896
92,5,1214.3834228515625,67.76188659667969,1268.424072265625,191.29563903808594,0.5617181658744812
92,8,953.2415771484375,39.58855056762695,1123.878662109375,86.29421997070312,0.5225874781608582
92,7,1303.6728515625,41.565650939941406,1489.2684326171875,178.3383331298828,0.5061289668083191
92,10,1081.5362548828125,174.50953674316406,1182.0728759765625,297.62799072265625,0.4146730899810791
92,15,1305.416748046875,41.6962890625,1488.8441162109375,88.27132415771484,0.3983108401298523
92,12,1117.162353515625,31.669326782226562,1302.8411865234375,194.57528686523438,0.39725393056869507
92,17,975.6259155273438,186.4500274658203,1049.55126953125,285.6039123535156,0.36098000407218933
92,11,1096.705078125,79.17095947265625,1128.4342041015625,173.46446228027344,0.34326985478401184
92,20,75.95238494873047,71.6246566772461,102.7424545288086,116.5320053100586,0.33160653710365295
93,1,0.45288848876953125,258.5634460449219,140.8223876953125,470.58447265625,0.9094735980033875
93,2,267.2328186035156,112.23796081542969,518.63671875,245.43603515625,0.9035329818725586
93,3,1.2271499633789062,119.146728515625,268.26934814453125,221.4026641845703,0.8653408288955688
93,19,1567.09130859375,220.1422119140625,1634.2529296875,382.2668151855469,0.8176624774932861
93,9,950.44189453125,175.06573486328125,987.7443237304688,221.49684143066406,0.6661883592605591
93,4,1676.4378662109375,34.60370635986328,1729.1861572265625,197.43988037109375,0.6066938042640686
93,6,1117.4154052734375,30.86052703857422,1302.3369140625,83.77379608154297,0.5960156321525574
93,5,1214.2867431640625,67.65026092529297,1268.3609619140625,191.46066284179688,0.584507942199707
93,14,1067.3331298828125,80.47428131103516,1106.1903076171875,174.4624786376953,0.5791344046592712
93,8,954.1799926757812,39.53291702270508,1124.0797119140625,86.31629180908203,0.5199812054634094
93,7,1303.7562255859375,41.500282287597656,1489.4190673828125,178.44851684570312,0.5028324127197266
93,10,1081.7020263671875,174.5042724609375,1182.065185546875,297.93804931640625,0.4179699420928955
93,20,77.15425872802734,72.0816650390625,103.96089935302734,116.14920043945312,0.40383246541023254
93,15,1305.49365234375,41.642066955566406,1488.9644775390625,88.31423950195312,0.4033322036266327
93,12,1117.1356201171875,31.652183532714844,1302.7276611328125,194.57167053222656,0.3907955586910248
93,11,1097.1807861328125,79.31694030761719,1128.4027099609375,173.28823852539062,0.3664938807487488
93,17,975.5541381835938,186.56895446777344,1049.6099853515625,285.7291259765625,0.3621480166912079
94,1,0.4555206298828125,258.6094665527344,140.8661651611328,470.5036926269531,0.9091854095458984
94,2,267.1960144042969,112.19445037841797,518.6902465820312,245.4374542236328,0.9033496975898743
94,3,0.5075454711914062,119.20269775390625,268.28936767578125,222.1372833251953,0.8697147369384766
94,19,1559.8802490234375,219.7412109375,1624.6461181640625,381.9228515625,0.7931346893310547
94,9,950.9647216796875,174.8341827392578,987.9818725585938,221.15354919433594,0.6778368353843689
94,4,1676.520751953125,34.44023895263672,1729.0394287109375,196.73643493652344,0.6339161992073059
94,6,1117.4512939453125,30.842674255371094,1302.49951171875,83.69976043701172,0.5882439613342285
94,14,1067.289306640625,80.75967407226562,1106.0472412109375,174.67698669433594,0.5805231332778931
94,5,1214.2840576171875,68.24537658691406,1268.22802734375,191.2515106201172,0.5530179142951965
94,8,954.0657348632812,39.41619873046875,1123.90771484375,86.1976318359375,0.5322613716125488
94,7,1304.0518798828125,41.51392364501953,1489.2938232421875,178.26976013183594,0.498808890581131
94,15,1305.7119140625,41.68052673339844,1488.90380859375,88.68351745605469,0.41315966844558716
94,10,1081.345458984375,174.54251098632812,1182.1097412109375,298.15374755859375,0.40179523825645447
94,12,1117.2945556640625,31.662328720092773,1302.8199462890625,194.43649291992188,0.3934347629547119
94,20,79.97843933105469,73.13622283935547,105.22740173339844,117.6113052368164,0.3711640536785126
94,11,1097.3211669921875,79.79010772705078,1128.220458984375,173.46726989746094,0.3700598180294037
94,17,975.3659057617188,186.57009887695312,1049.668212890625,285.8236999511719,0.3578028380870819
95,1,0.45366668701171875,258.6966247558594,140.86192321777344,470.5529479980469,0.9086819887161255
95,2,267.16552734375,112.3095474243164,518.7195434570312,245.50933837890625,0.9036722779273987
95,3,0.46721649169921875,118.84247589111328,268.2484130859375,222.14553833007812,0.8668505549430847
95,19,1550.84033203125,213.75636291503906,1618.297119140625,380.98858642578125,0.8274162411689758
95,9,951.2349243164062,175.0236053466797,987.7754516601562,220.90301513671875,0.6793754696846008
95,4,1676.71875,34.511741638183594,1729.0865478515625,197.04981994628906,0.619513750076294
95,6,1117.17626953125,30.77798080444336,1302.7042236328125,83.80078887939453,0.58513343334198
95,14,1067.3177490234375,80.60842895507812,1106.1126708984375,174.51324462890625,0.5669314861297607
95,5,1214.1798095703125,68.698974609375,1268.0574951171875,191.45993041992188,0.536497950553894
95,8,953.86669921875,39.4819450378418,1124.0108642578125,86.23117065429688,0.5301819443702698
95,7,1304.0255126953125,41.47641372680664,1489.0404052734375,177.91873168945312,0.5007753968238831
95,15,1305.693603515625,41.64641571044922,1488.669189453125,88.70498657226562,0.4133610725402832
95,10,1081.2833251953125,174.47433471679688,1182.042236328125,297.4864196777344,0.41201338171958923
95,12,1117.0118408203125,31.64014434814453,1303.01318359375,195.006591796875,0.4026128649711609
95,11,1097.2349853515625,79.88932800292969,1128.094482421875,173.37039184570312,0.3496379852294922
95,17,975.5634765625,186.67648315429688,1050.1683349609375,285.6598205566406,0.3488277792930603
96,1,0.4683265686035156,258.9567565917969,140.83880615234375,470.7012023925781,0.9069486856460571
96,2,267.0126953125,112.181396484375,518.8905639648438,245.5392608642578,0.8950249552726746
96,3,0.148773193359375,118.39009094238281,268.4082946777344,222.0431671142578,0.872531533241272
96,19,1536.36767578125,211.83229064941406,1614.024169921875,380.7137451171875,0.8591422438621521
96,4,1676.2247314453125,34.51482391357422,1728.5771484375,198.89735412597656,0.6007032990455627
96,6,1117.185302734375,30.72264862060547,1302.9403076171875,84.1688461303711,0.5874971747398376
96,9,951.4352416992188,175.0279541015625,987.9739379882812,220.19412231445312,0.5793069005012512
96,5,1213.8809814453125,69.12744140625,1266.1685791015625,190.5981903076172,0.5485664010047913
96,8,954.2755737304688,38.96239471435547,1124.087158203125,86.22862243652344,0.5467129349708557
96,14,1067.2137451171875,80.09083557128906,1105.4661865234375,173.06854248046875,0.483212411403656
96,7,1304.0194091796875,41.22111511230469,1487.8682861328125,177.70578002929688,0.4758528470993042
96,10,1081.5458984375,173.7051544189453,1182.154296875,298.6114501953125,0.44932836294174194
96,15,1305.554931640625,41.67858123779297,1487.580810546875,88.60089111328125,0.4193037152290344
96,12,1117.222412109375,31.5454044342041,1303.4168701171875,195.02439880371094,0.4181436002254486
96,20,80.75572204589844,71.2470703125,109.94804382324219,115.2553939819336,0.3574317693710327
96,17,975.7160034179688,188.0540771484375,1050.045654296875,285.3394775390625,0.35607418417930603
96,11,1097.1463623046875,79.40940856933594,1128.8001708984375,173.4367218017578,0.3539808392524719
97,1,0.47779083251953125,259.1487121582031,140.84083557128906,470.7210388183594,0.9067693948745728
97,2,266.99755859375,112.29671478271484,518.9642333984375,245.4990692138672,0.8933871388435364
97,3,0.8539352416992188,119.78087615966797,268.2560119628906,220.98756408691406,0.8711144924163818
97,19,1517.5015869140625,212.2232208251953,1608.4010009765625,379.69024658203125,0.812106728553772
97,4,1676.1998291015625,34.48796081542969,1728.638671875,198.92724609375,0.595758855342865
97,9,951.3380126953125,175.09283447265625,988.10595703125,220.69337463378906,0.5911304354667664
97,6,1117.223876953125,30.795501708984375,1303.0341796875,84.2930908203125,0.5772985816001892
97,8,954.078369140625,39.12244415283203,1123.967041015625,86.05801391601562,0.5470149517059326
97,5,1213.8797607421875,69.18500518798828,1266.0439453125,190.97137451171875,0.5301222205162048
97,14,1067.1080322265625,80.18694305419922,1105.722412109375,173.708740234375,0.5058522820472717
97,7,1304.0870361328125,41.19960021972656,1488.4947509765625,178.194580078125,0.47073695063591003
97,12,1117.4022216796875,31.677223205566406,1303.4754638671875,195.420654296875,0.4273594617843628
97,15,1305.6024169921875,41.541404724121094,1488.16259765625,88.79603576660156,0.42327672243118286
97,10,1081.5772705078125,173.73651123046875,1181.820556640625,298.7547912597656,0.42090192437171936
97,11,1096.822998046875,79.04356384277344,1127.291748046875,173.6062774658203,0.33060574531555176
97,17,975.78076171875,188.07962036132812,1049.958251953125,285.9474792480469,0.3209376037120819
97,21,602.7431640625,104.66001892089844,645.90625,161.34898376464844,0.3104757070541382
98,1,0.4788322448730469,258.9571533203125,140.82400512695312,470.6924743652344,0.9076799154281616
98,2,267.0240783691406,112.34461212158203,518.93701171875,245.53414916992188,0.8936792612075806
98,3,0.06511688232421875,119.00253295898438,268.335205078125,221.80169677734375,0.8712027072906494
98,19,1504.6365966796875,211.02951049804688,1601.921630859375,378.8915710449219,0.8536885976791382
98,9,951.5449829101562,175.00634765625,988.15087890625,220.62030029296875,0.6038925647735596
98,4,1676.3485107421875,34.50419235229492,1728.5233154296875,199.2889404296875,0.5942674279212952
98,6,1117.28515625,30.84345245361328,1303.1837158203125,84.36051177978516,0.5755341053009033
98,8,953.7881469726562,38.91236114501953,1124.0260009765625,86.08566284179688,0.5454167723655701
98,5,1213.817626953125,68.89059448242188,1266.0477294921875,190.83151245117188,0.5332826972007751
98,14,1067.1025390625,80.13308715820312,1105.5543212890625,173.27098083496094,0.48032763600349426
98,7,1304.03173828125,41.19181823730469,1488.6470947265625,178.21563720703125,0.4642762243747711
98,15,1305.5775146484375,41.57917785644531,1488.3055419921875,88.80056762695312,0.42888084053993225
98,12,1117.3206787109375,31.720962524414062,1303.6868896484375,195.35169982910156,0.4261559545993805
98,20,83.4046401977539,69.92617797851562,111.4538345336914,118.13079833984375,0.41230031847953796
98,10,1081.8875732421875,173.7168731689453,1181.8697509765625,298.4358215332031,0.4069021940231323
98,11,1096.321044921875,79.39290618896484,1128.4674072265625,174.3193817138672,0.3396049737930298
99,1,0.4791412353515625,258.8952941894531,140.854248046875,470.7234191894531,0.9071140289306641
99,2,266.9556884765625,112.19574737548828,519.0589599609375,245.4615020751953,0.8944225907325745
99,3,0.0,118.1791763305664,268.5728759765625,221.90480041503906,0.8718945980072021
99,19,1505.689208984375,212.19964599609375,1599.3216552734375,375.59490966796875,0.8104329109191895
99,4,1676.477783203125,34.53177261352539,1728.82177734375,196.79434204101562,0.6021621227264404
99,6,1117.166015625,30.761043548583984,1303.2799072265625,84.23825073242188,0.5772586464881897
99,9,951.1807250976562,174.75559997558594,988.1841430664062,220.56689453125,0.5748684406280518
99,8,954.1983642578125,38.96504211425781,1124.083984375,85.91260528564453,0.5524914264678955
99,5,1213.8900146484375,68.7799301147461,1266.0999755859375,190.6270751953125,0.53627610206604
99,14,1066.927734375,80.19078826904297,1106.443603515625,173.77725219726562,0.5058426260948181
99,20,82.75228118896484,69.03305053710938,113.70527648925781,118.20130920410156,0.4884028434753418
99,7,1303.917236328125,41.23386764526367,1487.998291015625,178.7078399658203,0.46951282024383545
99,12,1117.108642578125,31.631446838378906,1303.7293701171875,195.07969665527344,0.4323808550834656
99,15,1305.5084228515625,41.722320556640625,1487.687744140625,88.69608306884766,0.4178442358970642
99,10,1081.4559326171875,173.69503784179688,1181.6995849609375,298.0963439941406,0.4150967597961426
99,17,976.2894897460938,187.8064727783203,1050.485595703125,285.6443786621094,0.33175691962242126
99,11,1096.0694580078125,78.84645080566406,1127.364013671875,173.77615356445312,0.3040158152580261
100,1,0.48365020751953125,258.8919372558594,140.9506072998047,470.760986328125,0.9071274995803833
100,2,267.03851318359375,112.2133560180664,519.0883178710938,245.3763427734375,0.8954078555107117
100,3,0.0,118.44889068603516,268.7157897949219,221.96783447265625,0.8748347163200378
100,19,1501.28759765625,212.87191772460938,1582.376220703125,375.5289001464844,0.7908109426498413
100,4,1676.33349609375,34.61238098144531,1729.03271484375,196.66905212402344,0.600681722164154
100,6,1117.0546875,30.875507354736328,1303.2449951171875,84.27749633789062,0.5792862176895142
100,20,85.85559844970703,69.90614318847656,114.47267150878906,119.75669860839844,0.577456533908844
100,8,954.5458374023438,38.85223388671875,1124.1190185546875,85.93004608154297,0.5609989762306213
100,9,951.1234130859375,174.75558471679688,987.9816284179688,221.26950073242188,0.5396454930305481
100,5,1214.0040283203125,68.74172973632812,1266.1168212890625,190.6878662109375,0.5326940417289734
100,14,1066.8643798828125,79.92766571044922,1107.8983154296875,174.0461883544922,0.5121756196022034
100,7,1304.054931640625,41.163299560546875,1488.5369873046875,178.47976684570312,0.4702267348766327
100,12,1117.082275390625,31.755638122558594,1303.7105712890625,195.2303009033203,0.42899879813194275
100,10,1081.0667724609375,173.77194213867188,1181.7271728515625,298.80010986328125,0.4277820289134979
100,15,1305.5792236328125,41.562767028808594,1488.0487060546875,88.79063415527344,0.42061275243759155
100,17,976.3390502929688,187.86428833007812,1050.3875732421875,285.61962890625,0.3334623873233795
100,21,602.8865966796875,105.2164535522461,646.94287109375,161.29473876953125,0.31466707587242126
101,1,0.4806404113769531,258.8381042480469,140.9739227294922,470.7347106933594,0.9077568054199219
101,2,267.0181884765625,112.13575744628906,519.2305908203125,245.36521911621094,0.8989630341529846
101,3,0.0,117.74826049804688,268.89825439453125,221.66729736328125,0.8750770092010498
101,19,1496.2060546875,214.13832092285156,1566.7313232421875,374.1252136230469,0.8338705897331238
101,4,1676.2408447265625,34.571136474609375,1729.3128662109375,196.9477996826172,0.5980956554412842
101,6,1116.9154052734375,30.862667083740234,1303.238525390625,84.11801147460938,0.5732026696205139
101,8,954.0914306640625,38.807899475097656,1123.8782958984375,85.90965270996094,0.563364565372467
101,20,87.68500518798828,70.26274108886719,116.35657501220703,118.89299011230469,0.543977677822113
101,5,1214.4107666015625,68.18497467041016,1266.3577880859375,190.93319702148438,0.5437310338020325
101,9,950.8853759765625,174.91969299316406,987.9255981445312,221.72401428222656,0.5436959266662598
101,7,1303.552001953125,41.12651824951172,1488.7855224609375,179.1067657470703,0.4680909216403961
101,14,1066.8006591796875,79.93693542480469,1109.9468994140625,173.014892578125,0.4346279799938202
101,12,1117.0347900390625,31.719451904296875,1303.713134765625,196.220458984375,0.4293101131916046
101,15,1305.260986328125,41.60356521606445,1488.25,88.82804107666016,0.418542742729187
101,10,1080.3138427734375,173.7641143798828,1181.8232421875,298.4051818847656,0.3961625397205353
101,17,976.3471069335938,187.9698028564453,1050.8316650390625,285.57232666015625,0.3404488265514374
101,21,602.6087036132812,105.10107421875,646.85595703125,160.9676055908203,0.31586459279060364
102,1,0.4785804748535156,258.7160339355469,140.93646240234375,470.7292785644531,0.9078307747840881
102,2,267.06536865234375,112.12657928466797,519.0199584960938,245.50302124023438,0.8989216089248657
102,3,0.0,116.90863037109375,269.02239990234375,222.05877685546875,0.8761721253395081
102,19,1490.796142578125,216.14447021484375,1554.17626953125,373.4001159667969,0.7631824016571045
102,20,87.2731704711914,69.24397277832031,117.04165649414062,118.49421691894531,0.6035559177398682
102,4,1676.03466796875,34.381752014160156,1729.393798828125,196.33200073242188,0.6003994941711426
102,6,1116.62255859375,30.89297103881836,1302.933837890625,83.7191162109375,0.5868039727210999
102,5,1214.4942626953125,68.75415802001953,1266.5687255859375,189.83995056152344,0.5800265669822693
102,8,954.3837890625,38.814884185791016,1124.3140869140625,86.07696533203125,0.5489621162414551
102,9,950.9249267578125,174.79574584960938,988.0869140625,222.47943115234375,0.5428534746170044
102,7,1303.6326904296875,41.24595260620117,1489.1588134765625,178.93045043945312,0.4700298607349396
102,10,1080.3695068359375,173.86720275878906,1181.9351806640625,298.33184814453125,0.41014692187309265
102,12,1116.39599609375,31.679780960083008,1303.5257568359375,195.59213256835938,0.4075067639350891
102,15,1305.2061767578125,41.9794921875,1489.0458984375,87.18175506591797,0.40684449672698975
102,14,1067.3109130859375,81.10343170166016,1106.179443359375,176.5915069580078,0.37136703729629517
102,17,976.3582763671875,188.0093536376953,1050.9605712890625,285.5207824707031,0.3688904345035553
102,21,602.7101440429688,105.10892486572266,647.4718627929688,161.59640502929688,0.3122290372848511
103,1,0.47692108154296875,258.4954833984375,140.97775268554688,470.8993835449219,0.9068272113800049
103,2,267.0773620605469,112.12194061279297,519.0868530273438,245.65086364746094,0.8979124426841736
103,3,0.0,116.57046508789062,268.9620666503906,222.1072540283203,0.8767300844192505
103,19,1489.1046142578125,218.74237060546875,1543.589111328125,373.51336669921875,0.7490665912628174
103,20,87.84166717529297,70.56218719482422,116.64472961425781,117.9689712524414,0.6329191327095032
103,5,1214.54736328125,68.83950805664062,1266.6263427734375,189.3898468017578,0.6093997359275818
103,6,1116.705810546875,30.867393493652344,1302.8673095703125,83.42777252197266,0.6017777323722839
103,4,1675.7967529296875,34.433204650878906,1729.2884521484375,195.70916748046875,0.5888199210166931
103,9,951.599365234375,174.7755889892578,988.1571044921875,222.63587951660156,0.5611931085586548
103,8,955.2403564453125,39.096885681152344,1124.05078125,86.17261505126953,0.5466834902763367
103,7,1303.837646484375,40.91315841674805,1490.10791015625,179.22621154785156,0.47392553091049194
103,15,1304.114501953125,41.64415740966797,1489.63623046875,85.95613861083984,0.40911975502967834
103,10,1080.103515625,174.032470703125,1182.6119384765625,297.8680114746094,0.393455445766449
103,12,1116.5062255859375,31.62941551208496,1303.4517822265625,194.67599487304688,0.3921998143196106
103,14,1067.2879638671875,81.53931427001953,1106.942138671875,176.5612335205078,0.38309246301651
103,17,976.1325073242188,187.7998046875,1051.02734375,285.39556884765625,0.3308405876159668
103,21,602.8507690429688,105.20805358886719,646.718017578125,161.05833435058594,0.3300725817680359
104,1,0.4810066223144531,258.5680847167969,140.95770263671875,470.8878479003906,0.9066336750984192
104,2,267.0398864746094,112.03597259521484,519.0492553710938,245.6385955810547,0.8976455330848694
104,3,0.0,117.02376556396484,268.9644775390625,222.11631774902344,0.876440167427063
104,19,1477.1512451171875,215.19406127929688,1532.0496826171875,372.7066345214844,0.7586095333099365
104,6,1116.85009765625,30.87311553955078,1302.795166015625,83.52535247802734,0.6080502867698669
104,4,1676.0137939453125,34.38086700439453,1729.1751708984375,196.6988525390625,0.6009968519210815
104,5,1214.5936279296875,68.76924133300781,1266.4395751953125,189.8118896484375,0.5991412401199341
104,20,87.87366485595703,71.290283203125,119.60298156738281,118.65518188476562,0.593086838722229
104,8,956.1432495117188,39.12580490112305,1124.0966796875,86.27017211914062,0.5548207759857178
104,9,951.5330200195312,174.66847229003906,988.0684204101562,221.48876953125,0.5509400963783264
104,7,1304.075439453125,40.95982360839844,1490.2874755859375,179.06251525878906,0.4691707193851471
104,15,1305.635498046875,41.6246337890625,1489.9852294921875,89.0331802368164,0.40847912430763245
104,14,1067.2127685546875,81.38481903076172,1108.57666015625,176.47549438476562,0.40516528487205505
104,10,1080.21435546875,174.07310485839844,1182.46337890625,298.20220947265625,0.3973640501499176
104,12,1116.5101318359375,31.673423767089844,1303.3260498046875,195.11810302734375,0.3931361436843872
104,21,602.6627197265625,104.99807739257812,646.3143310546875,160.99163818359375,0.34167641401290894
104,17,975.9034423828125,187.89944458007812,1051.159423828125,285.6171569824219,0.31948795914649963
105,1,0.4771270751953125,258.55126953125,140.92803955078125,470.8125305175781,0.9066691398620605
105,2,267.11065673828125,112.03070831298828,519.0269775390625,245.5078125,0.8971965312957764
105,3,0.0,117.13041687011719,268.9311828613281,221.96823120117188,0.8747497797012329
105,19,1465.458984375,208.30865478515625,1528.83935546875,374.6912841796875,0.8106631636619568
105,5,1214.454833984375,68.86539459228516,1266.445068359375,189.62939453125,0.6020199656486511
105,4,1675.927001953125,34.413551330566406,1729.137451171875,196.12403869628906,0.6005157828330994
105,6,1116.4976806640625,30.926136016845703,1302.890625,83.59481048583984,0.5970778465270996
105,8,956.540771484375,39.16618347167969,1124.2576904296875,86.5122299194336,0.5533240437507629
105,9,950.7177124023438,174.60301208496094,988.2997436523438,221.5891571044922,0.5442482233047485
105,20,89.35187530517578,72.66136169433594,120.7034683227539,119.11144256591797,0.4959747791290283
105,7,1303.912841796875,41.27682876586914,1490.43310546875,179.7652587890625,0.48248258233070374
105,14,1067.2640380859375,81.27557373046875,1109.4237060546875,176.36175537109375,0.4327811002731323
105,10,1080.228271484375,174.12881469726562,1182.48974609375,298.2367858886719,0.41798684000968933
105,15,1305.600341796875,41.64730453491211,1490.06298828125,89.04627990722656,0.4073529541492462
105,12,1116.2974853515625,31.736045837402344,1303.4176025390625,194.89659118652344,0.4059252142906189
105,21,602.7383422851562,105.2094497680664,646.5460205078125,161.04286193847656,0.33367717266082764
105,17,976.1464233398438,188.09710693359375,1051.3565673828125,285.3981628417969,0.32587072253227234
106,1,0.480743408203125,258.49713134765625,140.99276733398438,470.6839599609375,0.9077379703521729
106,2,267.09942626953125,112.08987426757812,519.0404663085938,245.4612579345703,0.8990873098373413
106,3,0.0118560791015625,117.85679626464844,268.87835693359375,222.24041748046875,0.8766818046569824
106,19,1445.7288818359375,206.65086364746094,1525.9671630859375,373.5599670410156,0.838916003704071
106,4,1676.26318359375,34.42009735107422,1729.162353515625,195.79103088378906,0.5931904315948486
106,6,1116.4599609375,30.95844268798828,1303.09130859375,83.77743530273438,0.5833227634429932
106,5,1214.3011474609375,68.7257080078125,1266.431396484375,190.01632690429688,0.5811967253684998
106,8,956.0989990234375,39.26235580444336,1124.09033203125,86.62026977539062,0.5443133115768433
106,9,951.1558227539062,174.80552673339844,988.0682373046875,221.4971466064453,0.539206862449646
106,20,89.9381103515625,72.8178482055664,122.10031127929688,119.79412841796875,0.5007116794586182
106,7,1303.843017578125,41.32452392578125,1490.4375,180.56222534179688,0.48840802907943726
106,12,1116.44921875,31.81189727783203,1303.548583984375,194.66140747070312,0.4175344705581665
106,10,1080.1768798828125,173.40476989746094,1182.119384765625,298.5242614746094,0.41089770197868347
106,15,1305.6185302734375,41.693389892578125,1489.9427490234375,88.93235778808594,0.40749526023864746
106,14,1067.3206787109375,81.66526794433594,1108.16259765625,176.64413452148438,0.40641939640045166
106,21,602.8447265625,105.19367980957031,646.4697875976562,160.91656494140625,0.348876029253006
106,17,976.3764038085938,187.9716339111328,1051.630859375,285.0573425292969,0.34520402550697327
107,1,0.4876670837402344,258.4371032714844,141.03684997558594,470.79833984375,0.9087133407592773
107,2,267.3280334472656,112.27263641357422,519.1654052734375,245.63612365722656,0.8977422714233398
107,3,0.1912994384765625,118.50782775878906,268.7554626464844,222.4932861328125,0.8762045502662659
107,19,1433.404541015625,206.40769958496094,1522.7947998046875,373.55303955078125,0.8713416457176208
107,4,1675.727783203125,34.51203918457031,1728.6463623046875,195.60928344726562,0.5794001221656799
107,5,1214.322265625,68.22157287597656,1266.2762451171875,190.22222900390625,0.5773953199386597
107,6,1116.3099365234375,31.047603607177734,1303.3092041015625,83.99061584472656,0.5766202807426453
107,8,954.8973999023438,39.248558044433594,1124.5548095703125,86.54571533203125,0.5375208854675293
107,9,951.0391845703125,175.336669921875,988.096435546875,222.46998596191406,0.5250349640846252
107,7,1303.6439208984375,41.37062072753906,1490.2130126953125,181.4274444580078,0.5182729959487915
107,12,1116.270751953125,31.95354652404785,1303.751708984375,194.63795471191406,0.4247007668018341
107,14,1067.3134765625,81.95567321777344,1107.7222900390625,176.93312072753906,0.39971303939819336
107,15,1305.48974609375,41.73801040649414,1489.67626953125,89.13504028320312,0.39961904287338257
107,10,1079.8033447265625,173.4034881591797,1182.4090576171875,298.75482177734375,0.39696481823921204
107,20,90.39090728759766,72.9367904663086,121.06681823730469,118.70777893066406,0.3156379163265228
107,21,603.2764892578125,105.28005981445312,645.9490356445312,160.25010681152344,0.31001657247543335
107,17,976.8305053710938,187.4290008544922,1051.3155517578125,284.9947204589844,0.3095836341381073
108,1,0.48017120361328125,259.4915466308594,141.01731872558594,470.70977783203125,0.9080942869186401
108,2,267.2981262207031,112.36931610107422,519.2552490234375,246.4475555419922,0.8981244564056396
108,3,0.10466766357421875,117.68962097167969,268.4007263183594,222.56455993652344,0.8804408311843872
108,19,1423.392333984375,206.2408447265625,1515.8052978515625,374.28094482421875,0.8701564073562622
108,4,1676.509033203125,34.317100524902344,1729.1097412109375,193.69642639160156,0.5738498568534851
108,6,1116.2462158203125,31.18143081665039,1303.8216552734375,83.99071502685547,0.5689062476158142
108,7,1303.4803466796875,41.18577575683594,1489.925537109375,178.9493865966797,0.5325807332992554
108,8,954.554443359375,39.5634651184082,1124.5140380859375,86.59602355957031,0.5167802572250366
108,5,1214.01025390625,67.81375122070312,1266.600341796875,190.8096923828125,0.4878932237625122
108,9,951.6617431640625,175.60986328125,988.0784912109375,222.8291015625,0.4656611979007721
108,12,1116.4381103515625,32.068153381347656,1304.0743408203125,195.6919708251953,0.42811357975006104
108,10,1080.6917724609375,174.0985107421875,1181.8934326171875,297.6724548339844,0.3979669213294983
108,15,1305.36083984375,41.40486145019531,1489.38623046875,89.00479888916016,0.39494261145591736
108,14,1067.4136962890625,82.29608917236328,1105.847900390625,176.72361755371094,0.37112316489219666
108,20,89.85921478271484,69.95379638671875,120.0728988647461,117.61363220214844,0.33484962582588196
108,17,977.1454467773438,187.64501953125,1050.1318359375,284.0490417480469,0.33035340905189514
108,11,1096.3773193359375,83.32793426513672,1129.6846923828125,172.24169921875,0.3253765106201172
109,1,0.48046875,259.5015563964844,141.00086975097656,470.7433776855469,0.9082724452018738
109,2,267.24725341796875,112.39339447021484,519.2033081054688,246.46861267089844,0.899104654788971
109,19,1420.75341796875,209.0402069091797,1506.9342041015625,372.1016540527344,0.8790676593780518
109,3,0.15703582763671875,118.33773040771484,268.3346862792969,222.5607147216797,0.8786582946777344
109,4,1676.7261962890625,34.46788787841797,1729.168701171875,193.4462127685547,0.5897806286811829
109,6,1116.1561279296875,31.215316772460938,1303.8304443359375,84.02547454833984,0.5698287487030029
109,7,1303.404296875,41.27398681640625,1489.5303955078125,178.70050048828125,0.5337457656860352
109,8,955.2352294921875,39.60043716430664,1124.4100341796875,86.57437896728516,0.5184088349342346
109,5,1213.998046875,67.86502075195312,1266.769775390625,191.0269775390625,0.499199241399765
109,9,951.7701416015625,175.77255249023438,988.0426025390625,223.31094360351562,0.48533517122268677
109,20,89.7425537109375,70.52999114990234,120.94251251220703,118.26306915283203,0.4382466971874237
109,12,1116.38671875,32.12141799926758,1304.1219482421875,196.00474548339844,0.4276682436466217
109,14,1067.3369140625,81.99128723144531,1107.822265625,177.06570434570312,0.42142432928085327
109,10,1080.8138427734375,173.97491455078125,1181.961669921875,297.35833740234375,0.4203573763370514
109,15,1305.364013671875,41.49629211425781,1489.0107421875,89.01445770263672,0.3956030607223511
109,22,955.5159301757812,39.34735107421875,1122.7479248046875,175.12368774414062,0.3760579228401184
109,17,977.0812377929688,187.65316772460938,1050.209716796875,284.2008361816406,0.34469449520111084
110,1,0.47774505615234375,259.3487548828125,141.01194763183594,470.7674560546875,0.9081376194953918
110,2,267.26953125,112.36134338378906,519.076904296875,246.60342407226562,0.9002381563186646
110,3,0.12155914306640625,118.46417999267578,268.5832214355469,222.6202850341797,0.8789077997207642
110,19,1416.7845458984375,205.20616149902344,1495.6630859375,370.1310729980469,0.844216525554657
110,6,1116.2706298828125,31.218463897705078,1303.7021484375,83.87446594238281,0.5792232155799866
110,4,1676.61474609375,34.480751037597656,1728.8397216796875,192.1640625,0.5570904016494751
110,8,955.283203125,39.646728515625,1123.9793701171875,86.54395294189453,0.5290879011154175
110,5,1213.8907470703125,67.7362060546875,1266.7877197265625,190.37319946289062,0.5282037854194641
110,7,1303.8297119140625,41.37732696533203,1489.423583984375,178.85899353027344,0.5253850817680359
110,20,89.655029296875,71.09612274169922,121.92359161376953,118.41400909423828,0.515021026134491
110,9,951.97998046875,175.63169860839844,988.1354370117188,223.79933166503906,0.5099090933799744
110,14,1067.1302490234375,81.89625549316406,1108.2607421875,174.67941284179688,0.4555867314338684
110,10,1080.9625244140625,173.89425659179688,1181.9488525390625,297.1830139160156,0.4325990676879883
110,12,1116.44970703125,32.12290573120117,1303.9954833984375,195.49362182617188,0.42582178115844727
110,15,1305.6287841796875,41.62744903564453,1489.0096435546875,88.8925552368164,0.3938305377960205
110,22,955.5140991210938,39.32167434692383,1122.3447265625,176.93870544433594,0.3791157007217407
110,17,977.0938110351562,187.1014404296875,1050.2733154296875,284.7249450683594,0.3461470305919647
110,11,1097.5184326171875,80.82820129394531,1130.0555419921875,172.4538116455078,0.31330281496047974
111,1,0.47930145263671875,259.4817810058594,140.9307403564453,470.7428283691406,0.9075689315795898
111,2,267.2898864746094,112.26416015625,518.9880981445312,246.55288696289062,0.9001398682594299
111,3,0.0762176513671875,118.83455657958984,268.552734375,222.59085083007812,0.8777379989624023
111,19,1416.6485595703125,208.42955017089844,1480.147705078125,368.32025146484375,0.7917022705078125
111,6,1116.6219482421875,31.175697326660156,1303.4154052734375,83.9466781616211,0.589613139629364
111,4,1676.6312255859375,34.592918395996094,1728.5299072265625,192.10208129882812,0.5860847234725952
111,5,1214.0643310546875,67.91244506835938,1266.7637939453125,190.25811767578125,0.5394881367683411
111,8,955.667236328125,39.7137451171875,1123.94384765625,86.54617309570312,0.5314326882362366
111,7,1303.9417724609375,41.385498046875,1489.31591796875,179.18019104003906,0.5160173177719116
111,9,951.5070190429688,175.7549285888672,988.1200561523438,223.49501037597656,0.49414893984794617
111,14,1067.0611572265625,81.48497772216797,1108.3924560546875,175.50880432128906,0.48802056908607483
111,10,1080.986572265625,174.03648376464844,1181.80810546875,297.5628967285156,0.43108105659484863
111,12,1116.7489013671875,32.079345703125,1303.7841796875,195.30780029296875,0.42142927646636963
111,20,93.12630462646484,71.817626953125,122.64846801757812,118.54206848144531,0.4212507903575897
111,15,1305.663330078125,41.75971984863281,1489.02880859375,88.96920776367188,0.3935825824737549
111,22,955.8865356445312,39.42578887939453,1121.81591796875,177.73800659179688,0.36978214979171753
111,17,977.0156860351562,187.2797393798828,1050.3907470703125,284.786376953125,0.3305789530277252
112,1,0.4793128967285156,259.40863037109375,140.92056274414062,470.5725402832031,0.9075246453285217
112,2,267.3177490234375,112.24310302734375,518.9381713867188,246.38873291015625,0.9005056619644165
112,3,0.082763671875,118.37272644042969,268.7910461425781,222.67886352539062,0.8786134719848633
112,19,1409.5565185546875,210.69053649902344,1467.83544921875,366.7987365722656,0.822219729423523
112,6,1116.7362060546875,31.16971206665039,1303.322509765625,83.92144775390625,0.5933471322059631
112,4,1676.672607421875,34.585487365722656,1728.5423583984375,193.6183319091797,0.5825780034065247
112,5,1213.990478515625,67.96776580810547,1266.490478515625,190.30691528320312,0.5699179172515869
112,8,956.4107666015625,39.793617248535156,1123.7720947265625,86.43869018554688,0.5345959663391113
112,14,1067.057373046875,80.71939086914062,1109.9761962890625,175.13992309570312,0.5257236957550049
112,9,951.3770751953125,175.49740600585938,988.3936767578125,223.51882934570312,0.5115188956260681
112,7,1303.9097900390625,41.40416717529297,1489.376220703125,179.33267211914062,0.5079004168510437
112,10,1080.8974609375,174.31004333496094,1181.7777099609375,297.96624755859375,0.44312143325805664
112,20,92.056640625,70.94906616210938,122.67878723144531,118.51597595214844,0.4251575171947479
112,12,1116.66259765625,32.03116989135742,1303.7066650390625,195.3847198486328,0.41627660393714905
112,15,1305.6435546875,41.8245735168457,1489.0269775390625,88.93257141113281,0.38779157400131226
112,22,956.5848999023438,39.65089797973633,1121.62841796875,177.50697326660156,0.3542329668998718
112,17,976.8199462890625,187.25534057617188,1050.2994384765625,285.1393127441406,0.34056994318962097
113,1,0.4841194152832031,259.4678649902344,140.86456298828125,470.5762939453125,0.9084813594818115
113,2,267.28436279296875,112.14558410644531,518.9461669921875,246.3123779296875,0.9006104469299316
113,3,0.215240478515625,118.43314361572266,268.9031066894531,222.66482543945312,0.8774802684783936
113,19,1401.9788818359375,209.27133178710938,1461.9615478515625,368.8981018066406,0.8338843584060669
113,6,1116.6248779296875,31.19336700439453,1303.1287841796875,83.99208068847656,0.5919639468193054
113,4,1676.178955078125,34.64258575439453,1728.3160400390625,194.7538604736328,0.5851015448570251
113,5,1214.089599609375,67.9237289428711,1266.391357421875,190.38262939453125,0.5672991871833801
113,8,956.3399047851562,39.91562271118164,1123.9930419921875,86.41159057617188,0.5325576663017273
113,7,1304.2515869140625,41.439674377441406,1489.23828125,178.8006591796875,0.5214871764183044
113,14,1067.013916015625,80.66615295410156,1107.90673828125,175.07400512695312,0.5111141800880432
113,9,951.2157592773438,175.5606231689453,988.2993774414062,223.3567352294922,0.49881666898727417
113,10,1081.0921630859375,174.82411193847656,1181.7957763671875,297.4395751953125,0.4503055214881897
113,12,1116.36376953125,32.00689697265625,1303.5096435546875,195.15643310546875,0.41037702560424805
113,15,1305.8701171875,41.868804931640625,1488.898681640625,88.9471664428711,0.3796490430831909
113,22,956.3944702148438,39.70390701293945,1121.5767822265625,176.71014404296875,0.35461074113845825
113,17,976.7882690429688,187.3930206298828,1049.8870849609375,285.3971862792969,0.3408471345901489
114,1,0.4789581298828125,259.61328125,140.9673614501953,470.5830078125,0.9089178442955017
114,2,267.2857971191406,112.06369018554688,519.016845703125,246.34593200683594,0.8983098864555359
114,3,0.11835479736328125,118.33495330810547,268.7921447753906,222.70277404785156,0.8771339058876038
114,19,1392.9671630859375,211.5894012451172,1449.026123046875,368.55389404296875,0.8241339325904846
114,4,1676.308349609375,34.563377380371094,1728.171142578125,194.8619384765625,0.6083080172538757
114,6,1116.85693359375,31.17110824584961,1303.4605712890625,84.16085815429688,0.5820643901824951
114,5,1214.149658203125,67.91551208496094,1266.43359375,190.24136352539062,0.5512531399726868
114,8,956.2589721679688,39.878047943115234,1124.25634765625,86.27159118652344,0.5221534371376038
114,9,951.620361328125,175.37864685058594,988.2793579101562,223.7505340576172,0.5185991525650024
114,7,1304.26171875,41.31904602050781,1488.9576416015625,179.59315490722656,0.5135276317596436
114,14,1067.04541015625,80.52566528320312,1107.1015625,174.24082946777344,0.456440269947052
114,10,1081.0838623046875,174.74977111816406,1181.70654296875,297.5677490234375,0.43563932180404663
114,12,1116.7999267578125,32.04389190673828,1303.8037109375,194.89404296875,0.4128066599369049
114,15,1305.883056640625,41.81183624267578,1488.6893310546875,88.97705841064453,0.382243812084198
114,22,956.3113403320312,39.5799560546875,1121.897216796875,175.2533721923828,0.37066560983657837
114,17,976.600341796875,187.46754455566406,1050.0325927734375,285.865478515625,0.3319605588912964
114,20,95.41114044189453,72.48138427734375,123.91152954101562,117.5873794555664,0.31020188331604004
115,1,0.490081787109375,259.8065490722656,140.94622802734375,470.547119140625,0.9099555611610413
115,2,267.33441162109375,112.01791381835938,518.97900390625,246.2856903076172,0.8993257284164429
115,3,0.006866455078125,118.31536102294922,268.77581787109375,222.81881713867188,0.8764198422431946
115,19,1383.3187255859375,208.3677520751953,1447.2752685546875,365.70294189453125,0.8505065441131592
115,4,1676.1295166015625,34.59304428100586,1727.7681884765625,194.28965759277344,0.6218090653419495
115,6,1116.829833984375,31.185985565185547,1303.34765625,84.0857925415039,0.5870116353034973
115,5,1213.990478515625,67.95531463623047,1266.587158203125,190.01730346679688,0.5792476534843445
115,14,1066.85595703125,80.06586456298828,1108.01953125,174.37643432617188,0.5620723366737366
115,8,955.6638793945312,39.608917236328125,1123.4443359375,86.18611907958984,0.5334792733192444
115,9,952.1480712890625,175.2600860595703,988.5274658203125,223.52796936035156,0.5278843641281128
115,7,1304.3438720703125,41.36100769042969,1489.0350341796875,181.78623962402344,0.5168759226799011
115,20,95.61912536621094,71.66429901123047,124.24052429199219,117.62580871582031,0.4688893258571625
115,10,1080.893310546875,174.509033203125,1181.7996826171875,297.2529602050781,0.4675367474555969
115,12,1116.711669921875,32.047760009765625,1303.71728515625,194.8810272216797,0.41743484139442444
115,15,1305.9127197265625,41.86656188964844,1488.748291015625,89.23235321044922,0.3855796456336975
115,17,976.4395751953125,187.7096710205078,1049.957275390625,285.75531005859375,0.35719525814056396
115,22,955.9296264648438,39.540870666503906,1120.671630859375,175.61862182617188,0.3405674695968628
116,1,0.48355865478515625,259.6515197753906,141.03433227539062,470.5978088378906,0.9095864295959473
116,2,267.3296203613281,112.05313110351562,518.9362182617188,246.27955627441406,0.9000157117843628
116,3,0.0,118.17285919189453,268.836181640625,222.87461853027344,0.876028299331665
116,19,1365.3414306640625,207.21446228027344,1443.0440673828125,365.4735107421875,0.8634375333786011
116,4,1676.3302001953125,34.51423645019531,1727.56787109375,193.26502990722656,0.628250777721405
116,6,1116.7296142578125,31.138824462890625,1303.2705078125,84.26335144042969,0.571061909198761
116,14,1066.8197021484375,80.07760620117188,1107.556640625,174.24700927734375,0.559788703918457
116,5,1213.9346923828125,68.04808044433594,1266.3973388671875,189.9335174560547,0.5597146153450012
116,9,952.4199829101562,175.82711791992188,988.55126953125,223.83114624023438,0.5450825691223145
116,8,955.1107177734375,39.72132110595703,1123.623046875,86.11166381835938,0.532420814037323
116,7,1304.4833984375,41.26239776611328,1489.1693115234375,181.07583618164062,0.5293797254562378
116,20,96.18953704833984,71.76324462890625,125.69190216064453,118.11719512939453,0.49168384075164795
116,10,1080.8739013671875,174.45758056640625,1181.7752685546875,297.1230773925781,0.46146485209465027
116,12,1116.72216796875,32.05828857421875,1303.5537109375,194.9333953857422,0.4243437945842743
116,15,1306.0511474609375,41.82622528076172,1488.8482666015625,89.33706665039062,0.3822694420814514
116,17,976.48974609375,187.70980834960938,1049.90771484375,285.6012268066406,0.3435825705528259
116,22,955.4196166992188,39.65932083129883,1120.6942138671875,175.74591064453125,0.3333900272846222
117,1,0.4902191162109375,259.415771484375,140.97740173339844,470.6707763671875,0.9106450080871582
117,2,267.5143127441406,112.37540435791016,518.9375610351562,246.17568969726562,0.9027794599533081
117,3,0.0369415283203125,118.41036987304688,268.8234558105469,222.66444396972656,0.8791157603263855
117,19,1351.4739990234375,208.42034912109375,1439.508544921875,364.19732666015625,0.8641505837440491
117,14,1067.08447265625,80.10266876220703,1106.6033935546875,175.10047912597656,0.638148307800293
117,4,1677.0872802734375,34.150840759277344,1727.4193115234375,193.4385223388672,0.6363903284072876
117,6,1116.6673583984375,31.07709503173828,1303.282958984375,84.09899139404297,0.5886980295181274
117,5,1213.870849609375,67.80574035644531,1266.5123291015625,189.69415283203125,0.5775090456008911
117,9,952.2398071289062,175.58424377441406,988.4335327148438,224.52183532714844,0.566744327545166
117,8,955.0338134765625,39.44679260253906,1124.5550537109375,85.9552230834961,0.5276873707771301
117,7,1304.5341796875,41.19147491455078,1489.5435791015625,183.5200653076172,0.5046142339706421
117,10,1081.1490478515625,174.8166046142578,1181.5806884765625,297.5467834472656,0.4919757843017578
117,12,1116.6826171875,32.02466583251953,1303.620849609375,194.62953186035156,0.4029628038406372
117,15,1306.014404296875,41.821163177490234,1489.4029541015625,89.6954116821289,0.3910904824733734
117,20,95.74799346923828,71.25428009033203,128.07069396972656,117.92626190185547,0.3891483247280121
117,17,977.1295166015625,188.15455627441406,1049.688720703125,285.417236328125,0.35609787702560425
117,22,955.4730834960938,39.61690902709961,1120.489501953125,178.36996459960938,0.3304183781147003
118,1,0.4897727966308594,259.4202575683594,140.95558166503906,470.5291442871094,0.9107006192207336
118,2,267.5383605957031,112.49700927734375,518.8642578125,246.04380798339844,0.9029874205589294
118,3,0.0773162841796875,119.07777404785156,268.8848571777344,222.70230102539062,0.8782402873039246
118,19,1348.5872802734375,204.94976806640625,1433.74560546875,363.822998046875,0.8406854271888733
118,14,1067.1361083984375,79.98795318603516,1106.7828369140625,175.4762420654297,0.6359450221061707
118,4,1677.485595703125,34.14825439453125,1727.266845703125,194.057373046875,0.6317248940467834
118,6,1116.6051025390625,31.008281707763672,1302.59814453125,84.0472183227539,0.5775333642959595
118,9,952.5756225585938,175.5091552734375,988.5763549804688,224.40261840820312,0.5595075488090515
118,5,1213.9259033203125,67.51350402832031,1266.5126953125,189.6591033935547,0.5458707213401794
118,8,955.599853515625,39.417022705078125,1125.1248779296875,86.00955963134766,0.529170572757721
118,7,1304.6436767578125,41.148468017578125,1489.5555419921875,182.2964324951172,0.5116468667984009
118,10,1081.2235107421875,175.08839416503906,1181.537841796875,297.0744323730469,0.48913952708244324
118,20,95.45365905761719,69.9477767944336,127.20256805419922,117.8873519897461,0.4668287932872772
118,12,1116.3299560546875,31.952539443969727,1302.8580322265625,194.15748596191406,0.4087076187133789
118,15,1306.0546875,41.801239013671875,1489.4322509765625,89.72628021240234,0.3939853310585022
118,17,976.9832153320312,187.9292449951172,1049.8956298828125,285.5466003417969,0.3656632900238037
118,22,956.0789794921875,39.727088928222656,1120.8548583984375,179.38674926757812,0.31721943616867065
118,21,603.2758178710938,105.51773071289062,645.7073974609375,159.8463592529297,0.3074970245361328
119,1,0.49127197265625,259.3962097167969,141.02761840820312,470.57257080078125,0.9102730751037598
119,2,267.5572204589844,112.36949920654297,518.91650390625,246.07301330566406,0.9021064043045044
119,3,0.121307373046875,119.1741943359375,268.8948059082031,222.68994140625,0.8779630064964294
119,19,1346.364013671875,204.77975463867188,1423.5499267578125,362.2832336425781,0.8496973514556885
119,14,1067.09375,80.03457641601562,1107.8603515625,175.80198669433594,0.648623526096344
119,4,1677.5106201171875,34.166316986083984,1727.262939453125,193.5705108642578,0.6473349928855896
119,9,952.775390625,175.3657989501953,988.5677490234375,224.57791137695312,0.5795515775680542
119,6,1116.72412109375,31.05713653564453,1302.54248046875,84.13348388671875,0.5685694813728333
119,8,955.342529296875,39.34618377685547,1125.2369384765625,86.0108413696289,0.5332551598548889
119,7,1304.7608642578125,41.06725311279297,1489.588623046875,179.35414123535156,0.5174040198326111
119,5,1214.0233154296875,67.40860748291016,1266.425537109375,189.43336486816406,0.5062305927276611
119,10,1081.29345703125,175.2103271484375,1181.6168212890625,297.328857421875,0.47344860434532166
119,12,1116.516357421875,31.99188995361328,1302.7122802734375,193.8342742919922,0.4132223129272461
119,20,97.5589370727539,74.50994110107422,127.5226821899414,118.39329528808594,0.3922823369503021
119,15,1306.1331787109375,41.77122116088867,1489.3492431640625,89.76380157470703,0.3920248746871948
119,17,976.9143676757812,188.11148071289062,1049.9853515625,285.5906982421875,0.3549206256866455
119,22,955.7649536132812,39.73504638671875,1120.7960205078125,179.84213256835938,0.30479592084884644
120,1,0.4876441955566406,259.9686279296875,140.57177734375,470.2449645996094,0.9087768197059631
120,2,267.6025695800781,112.5809326171875,518.811767578125,246.2091064453125,0.9044708609580994
120,3,0.0,118.93501281738281,268.79278564453125,222.19235229492188,0.8715402483940125
120,19,1345.7867431640625,205.09286499023438,1411.492431640625,359.6861572265625,0.7737847566604614
120,4,1676.972900390625,35.54649353027344,1726.5245361328125,202.00357055664062,0.6425718665122986
120,9,953.4497680664062,175.24301147460938,988.8784790039062,224.93243408203125,0.5706263780593872
120,6,1116.471923828125,31.309146881103516,1302.4166259765625,83.53235626220703,0.5669769048690796
120,14,1067.054443359375,80.62337493896484,1107.41357421875,174.94996643066406,0.5651286244392395
120,10,1081.1556396484375,174.553955078125,1180.693359375,297.6811218261719,0.5460248589515686
120,8,955.7155151367188,39.409446716308594,1125.33740234375,86.40644073486328,0.5333786606788635
120,7,1304.6517333984375,41.00569152832031,1490.52978515625,183.9459686279297,0.5330004096031189
120,20,102.19054412841797,70.45059204101562,133.35433959960938,119.40081787109375,0.45513254404067993
120,12,1116.27392578125,32.32831573486328,1302.5555419921875,195.63478088378906,0.41344574093818665
120,5,1214.61376953125,68.78549194335938,1266.577880859375,191.6631317138672,0.39447370171546936
120,15,1305.8236083984375,41.953792572021484,1490.123291015625,90.02249908447266,0.3883538544178009
120,17,976.484130859375,188.05838012695312,1050.315673828125,285.93182373046875,0.33414167165756226
120,22,956.2060546875,39.430301666259766,1121.94287109375,175.09432983398438,0.31013011932373047
120,21,602.4434204101562,105.17271423339844,646.4971313476562,161.59730529785156,0.3048200011253357
121,1,0.48516082763671875,259.92730712890625,140.5449981689453,470.2423400878906,0.9090487360954285
121,2,267.623779296875,112.58999633789062,518.7840576171875,246.20956420898438,0.904504120349884
121,3,0.0,118.90811920166016,268.8504943847656,222.1551055908203,0.8741043210029602
121,19,1334.24267578125,207.58547973632812,1397.756103515625,359.0295715332031,0.812658965587616
121,4,1676.7703857421875,35.54381561279297,1726.3868408203125,204.05238342285156,0.6291860342025757
121,6,1116.475341796875,31.272228240966797,1302.591796875,83.52276611328125,0.5712937712669373
121,9,953.1632080078125,175.49432373046875,988.8907470703125,224.88583374023438,0.5659436583518982
121,14,1067.0101318359375,80.64063262939453,1107.6624755859375,175.27972412109375,0.5647695660591125
121,7,1304.61181640625,40.96997833251953,1490.2470703125,184.82464599609375,0.5366548895835876
121,10,1081.1707763671875,174.6623992919922,1180.5517578125,297.76654052734375,0.5318865180015564
121,8,955.2240600585938,39.436981201171875,1125.540283203125,86.29996490478516,0.5230718851089478
121,20,102.28887176513672,69.58818054199219,132.44491577148438,118.05260467529297,0.4267514944076538
121,12,1116.4537353515625,32.34608840942383,1302.7335205078125,195.98936462402344,0.40974557399749756
121,15,1305.9158935546875,41.880123138427734,1489.7362060546875,90.07659149169922,0.389466255903244
121,5,1214.6480712890625,68.89611053466797,1266.459716796875,191.47068786621094,0.35502398014068604
121,17,976.5380859375,187.60977172851562,1050.3416748046875,286.02410888671875,0.32294961810112
121,22,955.8734130859375,39.47257614135742,1122.1343994140625,176.5120391845703,0.3149348199367523
121,21,602.3740234375,105.12137603759766,646.5652465820312,161.5323944091797,0.3067690432071686
122,1,0.4824485778808594,260.0179138183594,140.58299255371094,470.252197265625,0.9084910154342651
122,2,267.5760498046875,112.57486724853516,518.7332763671875,246.0907440185547,0.9038223028182983
122,3,0.0,119.1410140991211,268.8438720703125,222.0113983154297,0.8746228218078613
122,19,1326.459228515625,206.7957000732422,1387.733154296875,360.029052734375,0.7674513459205627
122,4,1676.558349609375,35.456214904785156,1726.576171875,205.02703857421875,0.6157912015914917
122,14,1067.15478515625,80.94580078125,1106.9564208984375,175.75904846191406,0.6134183406829834
122,6,1116.8128662109375,31.270832061767578,1302.4141845703125,83.47725677490234,0.5765154957771301
122,9,953.1383666992188,175.61404418945312,988.8411865234375,224.82391357421875,0.5739374756813049
122,7,1304.7208251953125,40.998939514160156,1490.3026123046875,184.3761749267578,0.5379854440689087
122,8,954.9229125976562,39.434085845947266,1125.9747314453125,86.21398162841797,0.5285138487815857
122,10,1081.2081298828125,174.67359924316406,1180.6622314453125,297.6954650878906,0.5195473432540894
122,12,1116.81787109375,32.31669616699219,1302.5703125,195.95315551757812,0.4076612591743469
122,15,1306.036376953125,41.847591400146484,1489.8204345703125,90.06978607177734,0.38960880041122437
122,5,1214.5423583984375,68.85758972167969,1266.4300537109375,191.50997924804688,0.37694740295410156
122,20,102.33794403076172,73.81629180908203,132.84811401367188,117.82147979736328,0.32450366020202637
122,17,976.5478515625,187.58660888671875,1050.372802734375,286.16070556640625,0.3096492290496826
123,1,0.4798736572265625,260.0569152832031,140.57693481445312,470.18353271484375,0.9090448617935181
123,2,267.5929260253906,112.60821533203125,518.668701171875,246.0553436279297,0.9034403562545776
123,3,0.0,119.62264251708984,268.8134765625,222.13491821289062,0.8724514842033386
123,19,1310.9722900390625,204.51768493652344,1380.404052734375,359.8553771972656,0.7875666618347168
123,14,1067.1412353515625,80.68672943115234,1107.758056640625,175.92202758789062,0.6207746863365173
123,4,1676.68505859375,35.461143493652344,1727.0101318359375,203.92750549316406,0.599819004535675
123,6,1116.8385009765625,31.285343170166016,1302.417724609375,83.36753845214844,0.5835997462272644
123,9,953.1937866210938,175.6758270263672,988.845703125,224.6502227783203,0.5578285455703735
123,8,955.005615234375,39.315399169921875,1126.6746826171875,86.02214813232422,0.5387375354766846
123,7,1304.810791015625,40.981224060058594,1490.3797607421875,182.97198486328125,0.5325505137443542
123,10,1081.259521484375,174.7066192626953,1180.65869140625,297.3460693359375,0.5252302885055542
123,12,1116.6839599609375,32.30963897705078,1302.6229248046875,196.33218383789062,0.40287521481513977
123,15,1306.086181640625,41.827354431152344,1489.9185791015625,89.98883056640625,0.3935674726963043
123,5,1214.4002685546875,68.80229187011719,1266.5150146484375,191.53248596191406,0.3895127773284912
123,20,101.5738525390625,67.80017852783203,134.6670684814453,120.43819427490234,0.33631816506385803
123,17,976.6990966796875,187.70333862304688,1050.39794921875,286.0478210449219,0.318415105342865
124,1,0.4867401123046875,260.0526123046875,140.5724639892578,470.17364501953125,0.9092038869857788
124,2,267.5860290527344,112.5677261352539,518.7048950195312,246.0782470703125,0.904140830039978
124,3,0.0,119.45560455322266,268.83306884765625,222.17172241210938,0.8733884692192078
124,19,1304.875244140625,201.4683380126953,1375.6165771484375,358.3338317871094,0.7987472414970398
124,4,1676.77001953125,35.608497619628906,1726.9625244140625,203.2869415283203,0.5965383648872375
124,6,1116.365234375,31.342185974121094,1302.31689453125,83.37399291992188,0.579369306564331
124,14,1067.1734619140625,81.02996063232422,1107.3526611328125,177.56919860839844,0.5705991387367249
124,9,953.275146484375,175.6680145263672,988.85546875,224.5790557861328,0.5395643711090088
124,10,1081.4208984375,174.79295349121094,1180.809814453125,297.74578857421875,0.538851261138916
124,7,1304.7576904296875,41.08765411376953,1490.355224609375,181.4670867919922,0.5358642935752869
124,8,955.2907104492188,39.54880142211914,1125.5965576171875,86.0274429321289,0.5307511687278748
124,20,103.57099914550781,65.4206314086914,135.52244567871094,122.69332122802734,0.41746339201927185
124,12,1116.08984375,32.34040832519531,1302.4578857421875,196.63783264160156,0.405357301235199
124,15,1306.00244140625,41.933807373046875,1489.883056640625,89.82476806640625,0.3856963813304901
124,5,1214.40673828125,68.88858032226562,1266.42333984375,191.45040893554688,0.37787342071533203
124,17,976.6494140625,187.8058319091797,1050.3812255859375,286.0687255859375,0.3311123251914978
125,1,0.4824371337890625,259.976806640625,140.57217407226562,470.19561767578125,0.9088354706764221
125,2,267.56427001953125,112.54637145996094,518.839599609375,246.08770751953125,0.9041736125946045
125,3,0.0,118.48509979248047,268.9296569824219,222.1466827392578,0.8740186095237732
125,19,1299.8096923828125,198.0439910888672,1367.5413818359375,356.5609436035156,0.7808048129081726
125,4,1676.9454345703125,35.60698699951172,1726.9149169921875,205.23666381835938,0.6028808951377869
125,14,1066.75537109375,80.8740234375,1104.795166015625,175.3436737060547,0.5946484208106995
125,6,1116.3533935546875,31.36768341064453,1302.49658203125,83.45317840576172,0.5665383338928223
125,7,1304.6767578125,41.13750457763672,1490.2559814453125,181.98902893066406,0.5385387539863586
125,10,1081.4278564453125,174.84463500976562,1180.9716796875,298.1128234863281,0.5379929542541504
125,8,954.9845581054688,39.894004821777344,1125.7193603515625,85.98870849609375,0.5204938650131226
125,9,953.2622680664062,175.6208953857422,988.9647216796875,224.53944396972656,0.5126621127128601
125,20,104.95575714111328,68.73419952392578,135.87049865722656,120.82136535644531,0.4054335355758667
125,12,1116.2000732421875,32.39112854003906,1302.5970458984375,196.53135681152344,0.40361249446868896
125,5,1216.1068115234375,69.84537506103516,1265.8499755859375,191.89578247070312,0.3788399398326874
125,15,1305.9825439453125,41.977054595947266,1489.79736328125,89.74331665039062,0.37526169419288635
125,17,976.57861328125,187.9486541748047,1050.358154296875,285.9446716308594,0.34012848138809204
125,22,955.388671875,39.910926818847656,1122.37646484375,173.8881378173828,0.30270716547966003
126,1,0.4806976318359375,259.9928894042969,140.61135864257812,470.19891357421875,0.9089921712875366
126,2,267.5850830078125,112.4336929321289,518.8334350585938,246.19525146484375,0.9041377305984497
126,3,0.0,118.84877014160156,268.85137939453125,222.18763732910156,0.8757055997848511
126,19,1289.0411376953125,198.0365753173828,1366.237060546875,358.6869812011719,0.8306904435157776
126,4,1677.3966064453125,34.860557556152344,1726.6461181640625,197.29994201660156,0.6065688133239746
126,6,1116.6500244140625,31.400253295898438,1302.5260009765625,83.61092376708984,0.5682359933853149
126,10,1081.5133056640625,174.8756103515625,1180.8385009765625,298.24969482421875,0.5597161054611206
126,14,1066.88818359375,82.38040924072266,1102.4266357421875,176.76243591308594,0.5575879812240601
126,7,1304.7470703125,41.00206756591797,1490.318603515625,180.67181396484375,0.5223932266235352
126,9,953.2672729492188,175.532958984375,988.973388671875,224.4682159423828,0.5129632949829102
126,8,955.9161987304688,39.97931671142578,1124.9906005859375,86.11244201660156,0.5117504596710205
126,20,105.80204772949219,66.68595886230469,135.48788452148438,120.47245788574219,0.48173949122428894
126,5,1214.4700927734375,68.46139526367188,1268.3529052734375,191.34898376464844,0.41068020462989807
126,12,1116.4486083984375,32.3822021484375,1302.624755859375,195.88998413085938,0.4057864844799042
126,15,1306.0478515625,41.945594787597656,1489.84326171875,89.58714294433594,0.37636497616767883
126,17,976.4192504882812,188.0272979736328,1050.673583984375,286.01910400390625,0.33482810854911804
126,11,1097.1031494140625,79.81771087646484,1128.0692138671875,172.86109924316406,0.3229544758796692
126,22,956.05615234375,39.77629852294922,1122.075439453125,171.32794189453125,0.3229140043258667
126,21,602.3193969726562,104.63845825195312,646.5390014648438,161.3994598388672,0.3058624863624573
127,1,0.4856071472167969,259.9710693359375,140.6751251220703,470.1827392578125,0.9096519947052002
127,2,267.5603332519531,112.53080749511719,518.7366943359375,246.07333374023438,0.9046702980995178
127,3,0.0,118.54927825927734,268.7954406738281,222.19708251953125,0.8746949434280396
127,19,1277.66015625,198.24856567382812,1363.4183349609375,359.5137634277344,0.8507968783378601
127,4,1677.1336669921875,34.81760025024414,1726.6241455078125,195.0032501220703,0.6072540879249573
127,14,1066.8822021484375,82.15177917480469,1103.389892578125,174.6704864501953,0.565717339515686
127,6,1116.967529296875,31.34827423095703,1302.73095703125,83.55197143554688,0.5567142963409424
127,10,1081.66845703125,174.9088897705078,1180.81494140625,298.4963684082031,0.5263277292251587
127,8,956.12841796875,39.84823989868164,1124.8597412109375,86.13688659667969,0.519046425819397
127,7,1304.5455322265625,40.97734832763672,1490.29833984375,179.662353515625,0.5184658169746399
127,9,952.938720703125,175.50494384765625,989.0419921875,224.0731201171875,0.5151362419128418
127,20,107.09685516357422,66.8074951171875,136.23500061035156,121.98433685302734,0.4757365882396698
127,12,1116.99365234375,32.402366638183594,1302.650146484375,196.2633819580078,0.4204562306404114
127,11,1097.1239013671875,80.07881927490234,1130.94873046875,173.11282348632812,0.3964087963104248
127,15,1305.9698486328125,41.838191986083984,1489.7784423828125,89.46417236328125,0.37997329235076904
127,5,1214.4012451171875,68.29914093017578,1268.2401123046875,191.97360229492188,0.3540433645248413
127,22,956.1697998046875,39.635276794433594,1121.8568115234375,173.0419921875,0.3383397161960602
127,21,602.5367431640625,104.39739990234375,646.5359497070312,161.66729736328125,0.32231083512306213
127,17,976.3726196289062,188.0626983642578,1050.69384765625,285.77313232421875,0.31216904520988464
128,1,0.46991729736328125,259.64337158203125,140.65611267089844,470.18060302734375,0.9103024005889893
128,2,267.56927490234375,112.54850769042969,518.7308959960938,246.046142578125,0.9049476981163025
128,3,0.0,117.2479248046875,269.07147216796875,222.08619689941406,0.8779545426368713
128,19,1270.5528564453125,198.0135040283203,1354.556884765625,358.6988830566406,0.8495610952377319
128,4,1677.378662109375,34.777305603027344,1726.565185546875,194.0259246826172,0.6049415469169617
128,14,1066.9931640625,81.77398681640625,1103.288818359375,175.12399291992188,0.5744318962097168
128,6,1117.06103515625,31.340309143066406,1302.7801513671875,83.63592529296875,0.5464464426040649
128,20,108.7655258178711,68.4166030883789,138.1223602294922,118.64916229248047,0.5262239575386047
128,8,955.0232543945312,39.80101776123047,1124.4718017578125,85.98976135253906,0.5227376222610474
128,10,1081.69921875,175.19439697265625,1180.79248046875,298.5480041503906,0.5194718241691589
128,7,1304.6531982421875,40.837371826171875,1490.499755859375,181.001953125,0.5178129076957703
128,9,952.8707885742188,175.32679748535156,989.0476684570312,224.02841186523438,0.5106166005134583
128,12,1117.11376953125,32.409278869628906,1302.661376953125,196.41629028320312,0.4231860041618347
128,15,1305.91455078125,41.81122970581055,1490.0394287109375,89.60308074951172,0.38268986344337463
128,11,1096.232421875,80.12194061279297,1130.5086669921875,173.3513641357422,0.38007858395576477
128,5,1214.4232177734375,68.38341522216797,1268.482177734375,192.67433166503906,0.3785117566585541
128,22,955.026123046875,39.661949157714844,1121.3353271484375,174.47402954101562,0.33909085392951965
128,21,602.5757446289062,104.66580963134766,646.4694213867188,161.68190002441406,0.31656625866889954
128,17,976.304443359375,188.10736083984375,1050.661376953125,286.0357360839844,0.3156585991382599
129,1,0.473602294921875,259.7331848144531,140.60240173339844,470.2019348144531,0.9103196263313293
129,2,267.51959228515625,112.60283660888672,518.7882690429688,246.08351135253906,0.904599130153656
129,3,0.0,117.86641693115234,269.0559997558594,222.0490264892578,0.8789544701576233
129,19,1269.1556396484375,198.46133422851562,1344.910400390625,357.847412109375,0.8397960662841797
129,4,1677.1142578125,34.75937271118164,1726.39892578125,194.88079833984375,0.600143313407898
129,14,1066.969482421875,82.39988708496094,1101.6475830078125,176.80233764648438,0.5495024919509888
129,6,1117.003173828125,31.292781829833984,1302.8929443359375,83.57726287841797,0.5483700037002563
129,8,954.4638061523438,39.881622314453125,1123.9296875,86.27185821533203,0.529136598110199
129,9,952.9081420898438,174.9656524658203,988.8510131835938,223.71519470214844,0.5232154726982117
129,7,1304.5830078125,41.01251220703125,1490.40234375,180.81797790527344,0.5207018256187439
129,10,1081.9534912109375,175.19737243652344,1180.91943359375,298.930419921875,0.4970285892486572
129,20,111.30230712890625,69.33888244628906,137.48373413085938,119.68212890625,0.4727318584918976
129,12,1117.1083984375,32.37904357910156,1302.8271484375,197.49472045898438,0.4305749237537384
129,11,1096.28173828125,80.2042007446289,1128.7342529296875,173.21932983398438,0.4084426462650299
129,15,1305.94482421875,41.897247314453125,1490.031005859375,89.67171478271484,0.3863711357116699
129,5,1216.078857421875,69.8122787475586,1265.947998046875,193.2552947998047,0.37764739990234375
129,22,954.4713134765625,39.588706970214844,1121.2159423828125,175.0648956298828,0.35860955715179443
129,17,976.218017578125,188.2465362548828,1050.6181640625,286.0923767089844,0.3081999123096466
129,21,602.5631103515625,104.83866119384766,646.5250854492188,161.67481994628906,0.30365464091300964
130,1,0.4757652282714844,259.63250732421875,140.6148223876953,470.1456604003906,0.9102517366409302
130,2,267.5022888183594,112.37896728515625,518.8170776367188,246.09873962402344,0.9053950309753418
130,3,0.0,117.55824279785156,269.09649658203125,222.09828186035156,0.87941974401474
130,19,1267.2734375,198.5712432861328,1330.21484375,357.5506286621094,0.7817984819412231
130,4,1677.0626220703125,34.6529426574707,1726.2645263671875,193.70132446289062,0.6333293318748474
130,20,111.61225891113281,70.35431671142578,141.07420349121094,120.32723236083984,0.5894201397895813
130,6,1116.9971923828125,31.226680755615234,1302.6165771484375,83.67634582519531,0.5622754693031311
130,14,1067.0235595703125,82.47560119628906,1100.73193359375,176.9783172607422,0.5573233962059021
130,8,955.4102783203125,39.91050338745117,1124.2647705078125,86.43347930908203,0.5322865843772888
130,9,952.6140747070312,175.2733154296875,988.7799682617188,223.66635131835938,0.5273168683052063
130,7,1304.3968505859375,41.15538024902344,1490.4180908203125,181.50975036621094,0.5173319578170776
130,10,1082.0362548828125,175.18374633789062,1180.690185546875,298.90008544921875,0.46770957112312317
130,11,1096.5091552734375,80.87333679199219,1128.7803955078125,173.43411254882812,0.4589509963989258
130,5,1216.09912109375,69.12796783447266,1266.2850341796875,193.7738494873047,0.4322631359100342
130,12,1117.14306640625,32.31195831298828,1302.6387939453125,198.2798309326172,0.4213615953922272
130,15,1305.8201904296875,42.03753662109375,1490.026123046875,89.83124542236328,0.3901844322681427
130,22,955.5115356445312,39.60720443725586,1121.5489501953125,176.18414306640625,0.35796427726745605
130,21,602.6848754882812,104.81407928466797,646.5693359375,161.75003051757812,0.3024044632911682
131,1,0.4719200134277344,259.5289001464844,140.63961791992188,470.19451904296875,0.909406840801239
131,2,267.4563293457031,112.3159408569336,518.7848510742188,246.10450744628906,0.905043363571167
131,3,0.0,116.96381378173828,269.0976257324219,222.02395629882812,0.8806952238082886
131,19,1264.319580078125,200.82110595703125,1320.1605224609375,353.747802734375,0.8246634006500244
131,4,1677.0780029296875,34.818058013916016,1726.2681884765625,193.06370544433594,0.6435585021972656
131,14,1067.0252685546875,82.44564056396484,1102.130615234375,175.91482543945312,0.569580614566803
131,6,1116.8292236328125,31.133880615234375,1302.5687255859375,83.65381622314453,0.5577083826065063
131,8,955.9984130859375,39.94568634033203,1123.7406005859375,86.28707885742188,0.5402736663818359
131,9,952.90380859375,175.76638793945312,988.7445068359375,223.9968719482422,0.529305636882782
131,7,1304.3511962890625,41.15556335449219,1490.4130859375,182.17922973632812,0.5233636498451233
131,20,113.21626281738281,68.25886535644531,141.11077880859375,119.23689270019531,0.5110914707183838
131,10,1081.828125,175.27935791015625,1181.0377197265625,298.6974792480469,0.45742085576057434
131,5,1214.48828125,68.65857696533203,1266.7137451171875,196.32290649414062,0.43334805965423584
131,12,1116.8453369140625,32.221519470214844,1302.5677490234375,199.26063537597656,0.43283358216285706
131,15,1305.7802734375,41.981475830078125,1489.948974609375,89.97122955322266,0.394864946603775
131,11,1096.7264404296875,79.86996459960938,1128.705078125,173.7378387451172,0.3903757333755493
131,22,956.385498046875,39.647315979003906,1121.1690673828125,177.20278930664062,0.3571668863296509
131,21,602.727294921875,104.73948669433594,646.653076171875,161.91513061523438,0.3109511733055115
132,1,0.4780426025390625,259.657470703125,140.767333984375,470.4040832519531,0.9083307385444641
132,2,267.29205322265625,112.30550384521484,518.801513671875,246.17445373535156,0.9055876731872559
132,3,0.00070953369140625,116.81028747558594,269.1116638183594,222.07296752929688,0.8776418566703796
132,19,1256.8653564453125,202.90823364257812,1309.892333984375,354.263671875,0.8405908942222595
132,4,1676.6143798828125,34.844215393066406,1726.245849609375,192.9873046875,0.6807081699371338
132,14,1067.353271484375,82.08563232421875,1101.52392578125,176.57125854492188,0.6562994122505188
132,6,1116.721923828125,31.210086822509766,1302.844970703125,83.78849029541016,0.566659152507782
132,8,956.01416015625,39.892730712890625,1123.56298828125,86.76665496826172,0.5575575232505798
132,20,113.3134765625,66.40953826904297,142.13983154296875,119.59442138671875,0.5437288284301758
132,7,1304.733154296875,41.4158935546875,1490.5328369140625,182.111572265625,0.5182363986968994
132,9,952.388671875,176.58059692382812,988.430419921875,223.27491760253906,0.5143666863441467
132,5,1214.4552001953125,67.87344360351562,1266.5384521484375,193.5220184326172,0.50319904088974
132,10,1082.2872314453125,175.7654266357422,1180.9405517578125,297.50372314453125,0.4837232828140259
132,11,1096.272705078125,79.97845458984375,1125.6585693359375,174.42503356933594,0.45850110054016113
132,12,1116.6871337890625,32.20861053466797,1302.946044921875,197.5170135498047,0.41298907995224
132,15,1306.1650390625,42.06639099121094,1490.1925048828125,89.9795150756836,0.3939192295074463
132,22,956.4281616210938,39.859954833984375,1120.473388671875,178.40933227539062,0.35313066840171814
132,17,975.9321899414062,187.17440795898438,1050.276123046875,286.1343078613281,0.30961906909942627
133,1,0.4741058349609375,259.6938171386719,140.7942657470703,470.3645324707031,0.90776526927948
133,2,267.2705078125,112.29989624023438,518.8096313476562,246.1696014404297,0.9058313369750977
133,3,0.0,116.24197387695312,269.1409606933594,222.1150360107422,0.8794106841087341
133,19,1247.6888427734375,200.48419189453125,1304.1644287109375,354.10394287109375,0.8343749642372131
133,4,1676.7386474609375,34.80473327636719,1726.259521484375,192.87643432617188,0.6721163988113403
133,14,1067.297607421875,81.64759826660156,1101.47021484375,176.66294860839844,0.6468331813812256
133,6,1116.936767578125,31.101390838623047,1302.6961669921875,83.63690948486328,0.5767608880996704
133,8,956.5127563476562,39.89473342895508,1123.4730224609375,86.70564270019531,0.5640954375267029
133,9,952.2703857421875,176.66761779785156,988.5093383789062,223.27134704589844,0.5239822864532471
133,11,1096.5186767578125,79.78083801269531,1126.135986328125,174.26881408691406,0.5208187699317932
133,7,1304.7579345703125,41.461761474609375,1490.6553955078125,182.08155822753906,0.5202385783195496
133,5,1214.444580078125,67.97767639160156,1266.6787109375,192.90985107421875,0.5086605548858643
133,10,1082.11572265625,175.72161865234375,1180.9366455078125,297.34100341796875,0.4564191699028015
133,20,114.3487777709961,66.98135375976562,142.7161102294922,118.78363037109375,0.42750120162963867
133,12,1116.9642333984375,32.02166748046875,1302.8233642578125,196.7061309814453,0.3953472375869751
133,15,1306.1702880859375,42.073333740234375,1490.3121337890625,89.99434661865234,0.39495083689689636
133,22,956.9185791015625,39.82887649536133,1120.2794189453125,177.9587860107422,0.35664236545562744
134,1,0.47296142578125,259.6178283691406,140.74490356445312,470.4081115722656,0.9078117609024048
134,2,267.27117919921875,112.2759780883789,518.7615966796875,246.19583129882812,0.9056408405303955
134,3,0.0,116.23283386230469,269.16748046875,222.05763244628906,0.8783819079399109
134,19,1239.828125,201.20947265625,1296.4058837890625,352.77484130859375,0.8179052472114563
134,4,1676.6510009765625,34.77104187011719,1726.160888671875,192.72628784179688,0.6784735918045044
134,14,1067.296630859375,81.40713500976562,1101.1766357421875,176.9536895751953,0.6340093612670898
134,11,1096.3193359375,79.5908203125,1126.2777099609375,174.3790740966797,0.5778073072433472
134,6,1117.0323486328125,31.083778381347656,1302.8653564453125,83.81707763671875,0.5628883242607117
134,8,957.1133422851562,39.97896194458008,1123.32568359375,86.65462493896484,0.5619509220123291
134,9,952.33740234375,176.68885803222656,988.4880981445312,223.2714385986328,0.5295887589454651
134,7,1304.803466796875,41.478126525878906,1490.592529296875,182.13853454589844,0.5158908367156982
134,20,115.13459014892578,66.42050170898438,143.80723571777344,119.65731811523438,0.4892025291919708
134,5,1214.4287109375,68.1375961303711,1266.375,192.252685546875,0.4746798574924469
134,10,1082.085693359375,175.6343994140625,1180.79052734375,297.73480224609375,0.45755064487457275
134,12,1117.151611328125,32.013980865478516,1302.724365234375,197.03585815429688,0.41397741436958313
134,15,1306.2056884765625,42.10791015625,1490.204345703125,89.94811248779297,0.3942476809024811
134,22,957.4383544921875,39.847686767578125,1120.2271728515625,178.1856231689453,0.3586709499359131
135,1,0.4619293212890625,259.2293701171875,140.7476806640625,470.4163513183594,0.9072022438049316
135,2,267.2558898925781,112.2765884399414,518.8008422851562,246.25457763671875,0.9047372341156006
135,3,0.07280731201171875,116.07687377929688,269.1385192871094,221.986083984375,0.8784024119377136
135,19,1228.59521484375,199.30027770996094,1294.424560546875,352.1020202636719,0.8118832111358643
135,4,1676.46826171875,34.8580207824707,1726.2158203125,192.33892822265625,0.6813757419586182
135,14,1067.440185546875,81.9503173828125,1099.748779296875,177.68179321289062,0.6066285371780396
135,6,1117.157958984375,31.158645629882812,1302.869384765625,83.71025848388672,0.5645039677619934
135,11,1096.2667236328125,79.26763916015625,1126.3714599609375,174.23973083496094,0.5638675689697266
135,8,957.9734497070312,39.86850357055664,1122.9635009765625,86.71944427490234,0.562663733959198
135,9,952.393310546875,176.67752075195312,988.5242309570312,223.33004760742188,0.5225198864936829
135,7,1304.5972900390625,41.421730041503906,1490.7115478515625,181.49896240234375,0.502949595451355
135,5,1215.8704833984375,68.29879760742188,1266.4090576171875,192.54891967773438,0.497694730758667
135,20,114.98906707763672,65.40589141845703,145.9272003173828,118.6398696899414,0.47888317704200745
135,10,1082.12158203125,175.51805114746094,1181.057373046875,297.43988037109375,0.4652024209499359
135,12,1117.1912841796875,32.16943359375,1302.9766845703125,197.6791534423828,0.40365365147590637
135,15,1306.0682373046875,42.09227752685547,1490.3096923828125,89.865234375,0.4003816545009613
135,22,958.4696044921875,39.737884521484375,1120.1883544921875,177.75376892089844,0.3695319890975952
135,21,602.6592407226562,104.90576934814453,646.8869018554688,161.45970153808594,0.3026392161846161
136,1,0.4680976867675781,259.7093505859375,140.7625274658203,470.3905334472656,0.907885730266571
136,2,267.1192932128906,112.30615997314453,518.8656616210938,246.17593383789062,0.9058966040611267
136,3,0.0,115.93396759033203,269.0954895019531,222.18869018554688,0.8771885633468628
136,19,1209.77197265625,196.47312927246094,1290.328857421875,353.58740234375,0.8171306848526001
136,4,1676.30712890625,34.817359924316406,1726.0784912109375,195.522216796875,0.6807172894477844
136,14,1067.475341796875,82.07244873046875,1099.728271484375,177.62586975097656,0.6005464196205139
136,8,958.1199340820312,39.92809295654297,1123.230712890625,87.0465316772461,0.5621417164802551
136,6,1117.0361328125,31.18640899658203,1302.825927734375,83.70657348632812,0.5617053508758545
136,11,1096.5498046875,79.36511993408203,1126.1937255859375,174.1316680908203,0.5297049880027771
136,5,1215.6864013671875,68.21456909179688,1266.413818359375,193.3062286376953,0.5180981159210205
136,7,1304.4417724609375,41.59401321411133,1490.6673583984375,181.32943725585938,0.5061540603637695
136,9,952.7215576171875,176.7205810546875,988.32421875,223.26278686523438,0.4964722692966461
136,10,1082.152587890625,175.6443328857422,1181.00048828125,297.4328918457031,0.45225706696510315
136,20,116.634521484375,64.87676239013672,147.1942901611328,118.91095733642578,0.41818100214004517
136,12,1116.799560546875,32.179298400878906,1302.861328125,198.2728729248047,0.4110572338104248
136,15,1305.8914794921875,42.18583297729492,1490.2347412109375,89.87871551513672,0.4000343084335327
136,22,958.456787109375,39.86224365234375,1120.4853515625,176.74655151367188,0.35241448879241943
137,1,0.4763031005859375,259.7240295410156,140.78750610351562,470.38275146484375,0.9084386825561523
137,2,267.09381103515625,112.41289520263672,518.745361328125,245.95436096191406,0.9068710207939148
137,3,0.0,116.31816101074219,268.9200744628906,222.21038818359375,0.8733502626419067
137,19,1207.17919921875,197.98873901367188,1286.2664794921875,352.99456787109375,0.8034397959709167
137,4,1676.565673828125,34.898162841796875,1726.3406982421875,193.0305633544922,0.6855716705322266
137,14,1067.591064453125,81.89277648925781,1099.9022216796875,177.8817138671875,0.6269566416740417
137,6,1117.011474609375,31.13005828857422,1302.8031005859375,83.5517578125,0.5714207887649536
137,20,117.19377899169922,61.06538772583008,152.1588592529297,121.15714263916016,0.5606065392494202
137,8,957.8710327148438,39.77218246459961,1123.0625,86.88416290283203,0.5535385012626648
137,5,1215.6419677734375,67.68415832519531,1266.378662109375,193.0326385498047,0.5393224358558655
137,9,952.9161987304688,176.3031005859375,988.289794921875,223.3725128173828,0.5234364867210388
137,11,1096.958251953125,79.67232513427734,1126.133056640625,174.30679321289062,0.5006750226020813
137,7,1304.4744873046875,41.64808654785156,1490.522216796875,180.51495361328125,0.49917513132095337
137,10,1082.1131591796875,175.76174926757812,1180.9541015625,297.623291015625,0.47694164514541626
137,15,1305.931640625,42.21178436279297,1490.0174560546875,89.70609283447266,0.4005882143974304
137,12,1116.5859375,32.053138732910156,1302.993408203125,197.14979553222656,0.3908140957355499
137,22,958.3502197265625,39.84128189086914,1119.86181640625,176.10850524902344,0.33154621720314026
138,1,0.4669189453125,259.7806091308594,140.74960327148438,470.3905334472656,0.9085894227027893
138,2,267.1827392578125,112.56988525390625,518.8407592773438,245.9717559814453,0.9062737822532654
138,3,0.0,116.35087585449219,268.8547668457031,222.1915283203125,0.8721213936805725
138,19,1202.0408935546875,199.1231231689453,1279.5809326171875,351.4922180175781,0.8177385926246643
138,4,1676.673095703125,34.946048736572266,1726.3551025390625,194.3473663330078,0.6749307513237
138,14,1067.710693359375,82.11822509765625,1099.8804931640625,177.73301696777344,0.6378912329673767
138,6,1117.1436767578125,31.173980712890625,1302.9873046875,83.48849487304688,0.5625243782997131
138,11,1097.1024169921875,80.07909393310547,1126.3055419921875,174.14215087890625,0.548391580581665
138,20,118.7391128540039,63.65946578979492,153.6078338623047,121.28142547607422,0.5434132814407349
138,8,957.6784057617188,39.86082458496094,1123.109375,86.88521575927734,0.5432857275009155
138,9,952.8909912109375,176.45159912109375,988.3634643554688,223.4296875,0.5399787425994873
138,5,1215.75341796875,67.63387298583984,1266.4066162109375,192.47586059570312,0.513884961605072
138,7,1304.4119873046875,41.65022659301758,1490.47119140625,180.89854431152344,0.49424681067466736
138,10,1081.9952392578125,175.7866973876953,1180.7703857421875,298.2477111816406,0.4568866491317749
138,15,1305.872802734375,42.225074768066406,1489.95166015625,89.61740112304688,0.39888399839401245
138,12,1116.8504638671875,32.07511520385742,1303.2745361328125,196.1134796142578,0.3817686140537262
138,22,958.4049682617188,39.844688415527344,1119.7127685546875,176.81732177734375,0.3373587131500244
139,1,0.47129058837890625,259.7584533691406,140.74197387695312,470.3786315917969,0.9080199599266052
139,2,267.1630554199219,112.60981750488281,518.8402099609375,246.01034545898438,0.9072084426879883
139,3,0.0,115.0702133178711,269.0843811035156,222.10643005371094,0.8727462887763977
139,19,1205.656494140625,201.49722290039062,1270.7713623046875,348.37261962890625,0.8144721388816833
139,4,1676.6339111328125,34.968475341796875,1726.089599609375,197.55624389648438,0.6757141947746277
139,14,1067.656494140625,82.53474426269531,1099.576904296875,177.5862579345703,0.6282541751861572
139,20,120.43370819091797,62.28395462036133,156.3056640625,131.4202423095703,0.5697159767150879
139,6,1116.898681640625,31.236534118652344,1302.767578125,83.51154327392578,0.5641884207725525
139,11,1097.08447265625,80.41014862060547,1126.2015380859375,174.1493377685547,0.554872453212738
139,9,952.9978637695312,176.63868713378906,988.3408813476562,223.8018035888672,0.5485993027687073
139,8,958.0074462890625,39.90265655517578,1123.0052490234375,86.98818969726562,0.5457534790039062
139,5,1215.8492431640625,67.72718811035156,1266.490234375,191.36228942871094,0.5311620235443115
139,7,1304.435791015625,41.71131134033203,1490.3570556640625,180.46739196777344,0.5034071207046509
139,10,1081.85009765625,175.8533477783203,1181.0738525390625,298.3060302734375,0.4667900800704956
139,15,1305.8870849609375,42.246036529541016,1489.756103515625,89.6463394165039,0.3981580138206482
139,12,1116.664794921875,32.16343688964844,1303.1075439453125,193.69459533691406,0.37734925746917725
139,22,958.7125854492188,39.860206604003906,1119.8343505859375,176.1294403076172,0.3418370187282562
140,2,266.97564697265625,112.83364868164062,518.5003051757812,245.9219512939453,0.909123420715332
140,1,0.4703407287597656,259.7890319824219,140.40638732910156,470.362060546875,0.9082882404327393
140,3,0.0,116.0106430053711,269.0639953613281,222.2940216064453,0.8735517859458923
140,19,1197.081787109375,199.01417541503906,1258.310791015625,348.9307556152344,0.826511800289154
140,4,1676.709228515625,34.889923095703125,1725.97412109375,201.20083618164062,0.6815149188041687
140,14,1067.4873046875,82.21996307373047,1100.755615234375,176.62815856933594,0.6295112371444702
140,11,1097.0416259765625,80.26526641845703,1126.4791259765625,174.36346435546875,0.6078051924705505
140,10,1081.99462890625,175.60606384277344,1180.7738037109375,297.3919677734375,0.5851126313209534
140,20,121.03097534179688,64.4704818725586,156.26527404785156,126.73934173583984,0.5772363543510437
140,9,953.1041259765625,176.2774658203125,988.2030639648438,223.4600830078125,0.5726248025894165
140,6,1116.890380859375,31.2293701171875,1302.957275390625,83.66370391845703,0.5575556755065918
140,8,958.1569213867188,39.62037658691406,1123.38671875,86.91190338134766,0.5478737354278564
140,5,1215.796875,68.10026550292969,1266.1517333984375,191.4349822998047,0.5268909335136414
140,7,1304.319580078125,41.78219985961914,1490.3411865234375,181.72398376464844,0.5077309608459473
140,15,1305.8155517578125,42.28864288330078,1489.6688232421875,89.74159240722656,0.3952193856239319
140,12,1116.6903076171875,32.136375427246094,1303.2257080078125,193.7516326904297,0.39330628514289856
140,21,602.104248046875,104.47590637207031,647.5809936523438,161.58499145507812,0.3282833397388458
140,22,958.725830078125,39.766483306884766,1120.0802001953125,175.67491149902344,0.3227790892124176
140,17,976.1189575195312,186.6879425048828,1050.19677734375,286.3246765136719,0.30525219440460205
141,2,267.0226135253906,112.78573608398438,518.4580688476562,245.93902587890625,0.9089900255203247
141,1,0.47325897216796875,259.81109619140625,140.43722534179688,470.3562927246094,0.9076468348503113
141,3,0.0,116.09855651855469,269.12310791015625,222.28353881835938,0.8720851540565491
141,19,1188.424072265625,196.98316955566406,1247.6663818359375,347.6828918457031,0.7725573182106018
141,4,1676.7572021484375,34.88683319091797,1725.848876953125,202.78610229492188,0.6788825392723083
141,14,1067.45947265625,81.75444030761719,1100.7066650390625,176.55006408691406,0.636350154876709
141,9,953.13427734375,175.79727172851562,988.3699951171875,223.62025451660156,0.6082296371459961
141,11,1096.7374267578125,80.16453552246094,1126.559814453125,174.35678100585938,0.600599467754364
141,10,1081.996337890625,175.5458221435547,1180.28076171875,298.1124572753906,0.6003913879394531
141,6,1117.103759765625,31.164093017578125,1302.856201171875,83.53131866455078,0.5707442164421082
141,8,958.1841430664062,39.73871612548828,1123.41845703125,86.8154296875,0.5534746646881104
141,5,1214.3321533203125,67.41897583007812,1268.453369140625,189.89309692382812,0.5255557298660278
141,20,122.44363403320312,68.57954406738281,156.0483856201172,124.23186492919922,0.5181702971458435
141,7,1304.5789794921875,41.66313552856445,1490.1556396484375,180.69309997558594,0.4919761121273041
141,15,1305.990966796875,42.263214111328125,1489.3707275390625,89.69096374511719,0.39901822805404663
141,12,1116.8697509765625,31.9793701171875,1303.19091796875,193.60885620117188,0.37163403630256653
141,22,958.7660522460938,39.91305923461914,1120.0235595703125,176.61236572265625,0.3241768479347229
141,17,976.2324829101562,186.81556701660156,1050.0103759765625,286.052001953125,0.3160634934902191
141,21,602.2317504882812,104.47828674316406,647.6339721679688,161.80613708496094,0.31558406352996826
142,2,267.02862548828125,112.68785095214844,518.5025634765625,245.97198486328125,0.9087231755256653
142,1,0.46529388427734375,259.8494567871094,140.4535675048828,470.37835693359375,0.9078372716903687
142,3,0.0,116.4525146484375,269.13720703125,222.22064208984375,0.8695306181907654
142,19,1180.4814453125,194.9234161376953,1240.1646728515625,348.1874084472656,0.8017119765281677
142,4,1676.4986572265625,34.760765075683594,1725.8660888671875,202.55516052246094,0.6868990659713745
142,11,1096.39892578125,79.78145599365234,1126.388671875,174.1950225830078,0.608977198600769
142,14,1067.40087890625,81.82118225097656,1100.3370361328125,176.3514404296875,0.6087342500686646
142,9,953.2622680664062,175.8790740966797,988.3965454101562,223.69432067871094,0.603540301322937
142,6,1117.198486328125,31.145519256591797,1302.9796142578125,83.74258422851562,0.55905681848526
142,8,958.2161865234375,39.80204772949219,1122.85693359375,86.83087921142578,0.5496634244918823
142,10,1082.02587890625,175.3643798828125,1178.3514404296875,297.59820556640625,0.545199453830719
142,20,124.77298736572266,67.04983520507812,157.46641540527344,126.58506774902344,0.5435497760772705
142,5,1214.2391357421875,67.47374725341797,1268.5712890625,189.61463928222656,0.502956748008728
142,7,1304.7374267578125,41.60435485839844,1490.16259765625,180.1643524169922,0.4894956350326538
142,15,1306.097900390625,42.239810943603516,1489.4256591796875,89.66114807128906,0.40089815855026245
142,12,1117.0843505859375,31.969207763671875,1303.2664794921875,192.58572387695312,0.38956665992736816
142,22,958.7286987304688,39.94507598876953,1119.87060546875,175.82501220703125,0.3272719979286194
142,21,602.3350219726562,104.40298461914062,647.6137084960938,161.79869079589844,0.3135037422180176
143,2,267.0804748535156,112.71611022949219,518.5126342773438,245.9824676513672,0.9083792567253113
143,1,0.4655914306640625,259.8595886230469,140.44683837890625,470.3748779296875,0.9079475998878479
143,3,0.0,116.39016723632812,269.1675720214844,222.1589813232422,0.871776282787323
143,19,1178.76611328125,194.75596618652344,1236.063720703125,348.7906799316406,0.8047595024108887
143,4,1676.580322265625,34.712059020996094,1725.782958984375,201.0281219482422,0.681801974773407
143,11,1096.3616943359375,80.419921875,1126.7147216796875,173.8527374267578,0.6454784274101257
143,9,953.2769775390625,175.93789672851562,988.5575561523438,223.85513305664062,0.6181500554084778
143,14,1067.198974609375,82.68305969238281,1099.252685546875,176.06552124023438,0.581156849861145
143,6,1117.33935546875,31.260040283203125,1303.02880859375,83.77544403076172,0.5586695671081543
143,8,958.2222290039062,39.76493835449219,1123.24951171875,86.86067962646484,0.5366345643997192
143,20,124.94698333740234,64.7468032836914,157.54258728027344,123.79996490478516,0.5361672043800354
143,10,1082.1226806640625,175.24717712402344,1176.6029052734375,297.24530029296875,0.5188323259353638
143,7,1304.643798828125,41.755271911621094,1490.2200927734375,181.0491485595703,0.5003214478492737
143,5,1213.9615478515625,68.0537338256836,1266.4215087890625,190.03614807128906,0.4838038980960846
143,15,1306.0379638671875,42.34556579589844,1489.4781494140625,89.81584167480469,0.4017564058303833
143,12,1117.1451416015625,32.10163116455078,1303.281005859375,192.80625915527344,0.37478935718536377
143,21,602.2451782226562,104.4957046508789,647.6075439453125,161.89642333984375,0.31733524799346924
143,22,958.7122192382812,39.941802978515625,1120.528564453125,174.9759521484375,0.3136056363582611
144,2,267.0174560546875,112.77793884277344,518.4820556640625,246.28582763671875,0.9099599719047546
144,1,0.47206878662109375,259.70440673828125,140.73037719726562,470.7582092285156,0.9081593751907349
144,3,0.0,116.09925842285156,269.4460754394531,222.27456665039062,0.8740573525428772
144,19,1160.05517578125,191.72296142578125,1227.6829833984375,347.0913391113281,0.8234818577766418
144,4,1676.7762451171875,34.83478546142578,1725.7503662109375,200.9659423828125,0.666458785533905
144,9,952.85595703125,174.67098999023438,988.2110595703125,223.09043884277344,0.6289365291595459
144,11,1096.3194580078125,80.80419158935547,1125.9375,173.2745819091797,0.5931758284568787
144,20,125.00605773925781,69.201416015625,159.84512329101562,119.73241424560547,0.5831794142723083
144,14,1067.3731689453125,83.32827758789062,1099.1434326171875,177.26980590820312,0.5749276280403137
144,6,1117.146728515625,31.283546447753906,1302.9599609375,83.73587799072266,0.562687873840332
144,8,957.1986694335938,39.293792724609375,1123.73486328125,87.0845947265625,0.522861659526825
144,5,1213.808837890625,68.02413940429688,1265.957275390625,189.12620544433594,0.5195499062538147
144,7,1304.553955078125,41.701927185058594,1490.5125732421875,181.61434936523438,0.5134329199790955
144,10,1082.0562744140625,174.62132263183594,1174.6322021484375,297.2349548339844,0.4720568060874939
144,15,1306.0411376953125,42.27644729614258,1489.9215087890625,89.97463989257812,0.40050235390663147
144,12,1116.853271484375,32.06311798095703,1303.177734375,191.6488494873047,0.35660552978515625
144,22,957.5116577148438,39.518646240234375,1121.3104248046875,175.78451538085938,0.31655994057655334
144,21,601.8770141601562,104.65351867675781,647.991943359375,162.24526977539062,0.30523112416267395
145,2,267.0467224121094,112.7936782836914,518.5564575195312,246.24143981933594,0.9098970890045166
145,1,0.4706840515136719,259.69976806640625,140.74891662597656,470.7538146972656,0.9078854322433472
145,3,0.047332763671875,115.78427124023438,269.6367492675781,222.02883911132812,0.8756588101387024
145,19,1156.337158203125,191.96534729003906,1225.1361083984375,348.96002197265625,0.8323732614517212
145,4,1676.799072265625,34.966529846191406,1725.75048828125,200.40879821777344,0.6829689741134644
145,9,952.7039794921875,174.33352661132812,988.338134765625,223.03097534179688,0.6241676807403564
145,6,1116.880126953125,31.25873565673828,1303.099853515625,83.85106658935547,0.5675855278968811
145,14,1067.280029296875,83.77901458740234,1099.3326416015625,177.09800720214844,0.5608860850334167
145,11,1096.4964599609375,80.19108581542969,1126.0601806640625,173.31106567382812,0.5449106097221375
145,8,956.9994506835938,39.19046401977539,1123.614990234375,86.91946411132812,0.5207165479660034
145,5,1213.8663330078125,68.05570220947266,1265.8331298828125,190.0547332763672,0.5151346921920776
145,7,1304.43408203125,41.77276611328125,1490.5263671875,182.36984252929688,0.5124930143356323
145,20,127.03301239013672,69.71846008300781,162.07554626464844,118.97589111328125,0.4821332097053528
145,10,1082.1351318359375,174.77655029296875,1172.708984375,299.32244873046875,0.47116005420684814
145,15,1305.943603515625,42.361602783203125,1489.8262939453125,89.94133758544922,0.40513548254966736
145,12,1116.7274169921875,32.070716857910156,1303.3631591796875,192.7947235107422,0.3730597496032715
145,22,956.8978271484375,39.324462890625,1121.5089111328125,173.9956512451172,0.3373419940471649
145,21,601.5831298828125,104.57675170898438,647.9855346679688,161.841064453125,0.30665552616119385
146,2,266.9939880371094,112.74747467041016,518.558837890625,246.18585205078125,0.9103884696960449
146,1,0.4702949523925781,259.6874084472656,140.75152587890625,470.6136474609375,0.9081031084060669
146,3,0.00986480712890625,115.73225402832031,269.61212158203125,222.07699584960938,0.87356036901474
146,19,1148.8260498046875,192.94400024414062,1223.314208984375,347.2923889160156,0.8263635635375977
146,4,1676.908447265625,34.95874786376953,1725.693603515625,200.70924377441406,0.6818044781684875
146,9,952.6320190429688,174.35142517089844,988.4635620117188,222.81239318847656,0.6327718496322632
146,20,127.91095733642578,70.03665161132812,163.3524169921875,119.84889221191406,0.5909168124198914
146,14,1067.29833984375,82.71727752685547,1100.2012939453125,177.05906677246094,0.5710803270339966
146,6,1117.0760498046875,31.234039306640625,1303.112548828125,83.89412689208984,0.564780592918396
146,11,1096.2064208984375,80.27302551269531,1126.765625,173.22354125976562,0.5465982556343079
146,8,957.4730224609375,39.08748245239258,1123.501708984375,86.6876220703125,0.5258146524429321
146,7,1304.3228759765625,41.74946594238281,1490.4556884765625,182.63241577148438,0.5160427689552307
146,5,1213.784912109375,68.21218872070312,1265.71875,189.60211181640625,0.510368287563324
146,10,1082.2586669921875,174.7255096435547,1170.3138427734375,302.02655029296875,0.44094452261924744
146,15,1305.89208984375,42.30926513671875,1489.691162109375,89.92753601074219,0.4046635031700134
146,12,1116.8687744140625,32.083763122558594,1303.3609619140625,192.32603454589844,0.3675623834133148
146,22,957.5978393554688,39.33485412597656,1121.0914306640625,174.71173095703125,0.341997355222702
146,21,601.4932861328125,104.6220703125,647.8967895507812,161.89901733398438,0.31097733974456787
147,2,267.0766296386719,112.97953033447266,518.8489990234375,246.1968536376953,0.9106717109680176
147,1,0.4759025573730469,259.70697021484375,140.4585723876953,470.6022033691406,0.9082623720169067
147,3,0.216522216796875,116.59430694580078,269.29559326171875,222.3939666748047,0.8721192479133606
147,19,1144.5445556640625,195.10977172851562,1218.002197265625,346.57745361328125,0.7283134460449219
147,4,1677.437255859375,35.23839569091797,1725.816650390625,197.83425903320312,0.6672870516777039
147,14,1067.6817626953125,81.68708038330078,1102.4827880859375,176.28460693359375,0.6316642761230469
147,9,951.9393310546875,174.8814697265625,987.9180908203125,220.63705444335938,0.5789048671722412
147,20,128.7743377685547,70.8647232055664,163.48092651367188,121.15001678466797,0.5693075656890869
147,8,956.7061157226562,38.94367599487305,1123.99267578125,86.55402374267578,0.5463228225708008
147,6,1116.75732421875,31.23406219482422,1303.1337890625,83.90350341796875,0.5452702641487122
147,11,1097.1546630859375,80.16497039794922,1126.14111328125,173.93728637695312,0.5439374446868896
147,7,1304.53271484375,41.59208679199219,1490.348876953125,182.04405212402344,0.4979613423347473
147,10,1081.4832763671875,174.97219848632812,1165.1434326171875,298.95263671875,0.4864383041858673
147,5,1213.969482421875,68.43168640136719,1265.5250244140625,189.9056854248047,0.4612607955932617
147,15,1306.118408203125,42.24693298339844,1489.706298828125,89.86685943603516,0.40439164638519287
147,12,1116.58740234375,32.19639587402344,1303.302978515625,192.96881103515625,0.3807452917098999
147,21,601.588623046875,104.4931640625,647.9080810546875,162.12547302246094,0.31000959873199463
147,22,956.97802734375,39.37948989868164,1120.0594482421875,172.69509887695312,0.3031034767627716
148,2,267.04132080078125,112.76509857177734,518.9461059570312,246.2849578857422,0.9100413918495178
148,1,0.47449493408203125,259.7610168457031,140.50535583496094,470.3568420410156,0.9086720943450928
148,3,0.22899627685546875,116.69026184082031,269.18719482421875,222.40567016601562,0.8705070614814758
148,19,1136.6632080078125,196.57984924316406,1210.2554931640625,344.78692626953125,0.72493577003479
148,14,1067.1278076171875,80.78819274902344,1102.1339111328125,176.7140350341797,0.6690040230751038
148,4,1677.3175048828125,35.187538146972656,1726.0953369140625,195.22491455078125,0.6630584001541138
148,20,129.82362365722656,71.86072540283203,164.21376037597656,120.86991119384766,0.5743494629859924
148,11,1096.7457275390625,79.90079498291016,1126.4139404296875,174.38365173339844,0.5708016753196716
148,9,952.1746215820312,174.85218811035156,987.9138793945312,220.8118896484375,0.5640723705291748
148,8,956.763427734375,39.085365295410156,1123.694091796875,86.32525634765625,0.5529865622520447
148,6,1116.8746337890625,31.042739868164062,1302.79541015625,84.03504943847656,0.5508025288581848
148,10,1081.554931640625,174.87103271484375,1161.25439453125,298.7751159667969,0.509174644947052
148,7,1304.5255126953125,41.564483642578125,1490.0035400390625,181.97508239746094,0.5014498233795166
148,5,1214.16796875,68.54081726074219,1265.5953369140625,191.23709106445312,0.48054301738739014
148,24,1135.2186279296875,322.5545654296875,1216.8651123046875,346.87713623046875,0.4407212436199188
148,15,1306.1148681640625,42.25954055786133,1489.33056640625,89.8104248046875,0.4033442735671997
148,12,1116.73095703125,32.02198791503906,1302.9228515625,193.8877716064453,0.40000319480895996
148,21,601.6129760742188,104.28236389160156,647.98095703125,162.37367248535156,0.3054691255092621
149,2,267.10491943359375,112.74806213378906,518.8246459960938,246.3573760986328,0.9093934297561646
149,1,0.4735450744628906,259.657470703125,140.64089965820312,470.4998474121094,0.9091839790344238
149,3,0.2707672119140625,116.71053314208984,269.2650146484375,222.48757934570312,0.8665577173233032
149,19,1138.516845703125,197.43663024902344,1193.1181640625,345.4080810546875,0.7372516393661499
149,4,1676.927978515625,35.24622344970703,1725.865478515625,205.4070281982422,0.6714635491371155
149,14,1067.0404052734375,80.20298767089844,1102.128173828125,176.77793884277344,0.6543987989425659
149,20,130.32574462890625,71.22303771972656,164.31689453125,122.83058166503906,0.6155790090560913
149,11,1096.72314453125,80.07666778564453,1126.174560546875,174.44912719726562,0.5741341710090637
149,6,1117.0145263671875,31.080894470214844,1302.7720947265625,84.07010650634766,0.5434338450431824
149,8,956.0667114257812,39.1387825012207,1123.7938232421875,86.24556732177734,0.5429455041885376
149,9,952.222412109375,175.26690673828125,988.2015380859375,220.85989379882812,0.5358375906944275
149,7,1304.302490234375,41.46613311767578,1489.466064453125,182.38201904296875,0.5115485191345215
149,12,1116.930908203125,32.0671272277832,1302.8306884765625,195.6324005126953,0.4278046786785126
149,15,1305.99755859375,42.010894775390625,1488.7177734375,89.52484130859375,0.40985721349716187
149,5,1214.2247314453125,68.10807037353516,1265.5567626953125,192.1734619140625,0.39824727177619934
149,10,1081.653076171875,174.62635803222656,1155.7320556640625,297.32733154296875,0.35841578245162964
149,22,956.5401000976562,39.618370056152344,1119.55517578125,172.03298950195312,0.30186134576797485
150,1,0.4778594970703125,259.5854187011719,140.61032104492188,470.52410888671875,0.9091370701789856
150,2,266.9400939941406,112.79454803466797,518.7753295898438,246.03970336914062,0.9075974225997925
150,3,0.330963134765625,116.87938690185547,269.1755065917969,222.70481872558594,0.863843560218811
150,19,1134.408447265625,196.8511505126953,1185.5562744140625,344.4148254394531,0.7684081196784973
150,4,1677.7972412109375,34.78044891357422,1726.294189453125,196.27244567871094,0.6782472133636475
150,14,1067.1717529296875,81.17189025878906,1102.2822265625,176.7352294921875,0.6359444856643677
150,20,130.96078491210938,72.01724243164062,165.2951202392578,124.82282257080078,0.6220879554748535
150,9,952.272216796875,174.95018005371094,988.2227783203125,220.88726806640625,0.6142771244049072
150,11,1096.6768798828125,80.4308853149414,1125.734619140625,174.1050262451172,0.538786768913269
150,8,956.7064819335938,39.064212799072266,1124.12890625,86.05213928222656,0.5356874465942383
150,6,1117.412841796875,31.347702026367188,1302.752685546875,84.08331298828125,0.5340767502784729
150,7,1304.4327392578125,41.54411697387695,1489.888916015625,182.61593627929688,0.5092283487319946
150,12,1117.565673828125,32.44020080566406,1302.836181640625,196.401123046875,0.4370080828666687
150,15,1306.1044921875,41.94084930419922,1489.365234375,89.00912475585938,0.4012584984302521
150,5,1214.4267578125,68.38114929199219,1265.572265625,194.1350555419922,0.37995126843452454
150,22,956.710693359375,39.47295379638672,1120.2403564453125,174.2798309326172,0.32320427894592285
151,1,0.47499847412109375,259.5153503417969,140.6179656982422,470.5155029296875,0.9094114899635315
151,2,266.9336242675781,112.76189422607422,518.9762573242188,245.96250915527344,0.9082998633384705
151,3,0.21274566650390625,117.02149200439453,269.1825256347656,222.88198852539062,0.8645868301391602
151,19,1129.5938720703125,197.173828125,1179.189453125,344.1196594238281,0.7978236079216003
151,4,1677.99462890625,34.726905822753906,1726.41943359375,194.3748779296875,0.6840466260910034
151,14,1067.4053955078125,81.33423614501953,1101.2242431640625,177.66409301757812,0.6157481670379639
151,9,951.8256225585938,175.07781982421875,988.1277465820312,221.93853759765625,0.5997981429100037
151,20,130.29519653320312,71.9872055053711,165.09693908691406,122.88516998291016,0.5918899178504944
151,6,1117.2366943359375,31.24175262451172,1302.7633056640625,84.0907974243164,0.5414667725563049
151,11,1096.953369140625,80.5359878540039,1125.431396484375,173.7530059814453,0.5377953052520752
151,8,956.6783447265625,39.16896057128906,1124.4560546875,85.91473388671875,0.5267148017883301
151,7,1304.5904541015625,41.696319580078125,1489.7274169921875,181.1103973388672,0.5068317651748657
151,12,1117.4521484375,32.30607604980469,1302.7705078125,196.99777221679688,0.423618346452713
151,15,1306.2237548828125,42.069580078125,1489.2645263671875,88.72107696533203,0.4011206030845642
151,5,1214.2420654296875,68.06263732910156,1267.5107421875,194.2722930908203,0.376984566450119
151,22,956.729248046875,39.46369171142578,1120.4417724609375,175.01524353027344,0.32668107748031616
152,1,0.47243499755859375,259.51800537109375,140.56491088867188,470.4762268066406,0.9099422097206116
152,2,266.9755859375,112.80094146728516,518.8538818359375,245.92153930664062,0.9078304171562195
152,3,0.25998687744140625,117.20929718017578,269.1072692871094,222.88009643554688,0.8640437722206116
152,19,1118.002197265625,198.20516967773438,1174.5015869140625,344.36260986328125,0.8322810530662537
152,4,1678.037841796875,34.65101623535156,1726.4560546875,196.58322143554688,0.6732019186019897
152,9,951.4888916015625,174.7305450439453,987.9779663085938,221.9066619873047,0.6386316418647766
152,20,130.9862518310547,73.65948486328125,164.0464324951172,125.2873306274414,0.582496702671051
152,14,1067.4010009765625,81.39983367919922,1101.2081298828125,177.14163208007812,0.5786676406860352
152,6,1117.233154296875,31.27349853515625,1302.602783203125,83.96143341064453,0.5447499752044678
152,8,956.4977416992188,39.04657745361328,1124.54931640625,85.8596420288086,0.510824978351593
152,7,1304.640625,41.74296569824219,1489.7628173828125,181.09359741210938,0.5087397694587708
152,11,1096.64404296875,81.60726928710938,1124.7784423828125,172.8724822998047,0.47823432087898254
152,12,1117.3720703125,32.324615478515625,1302.56396484375,197.64413452148438,0.41806480288505554
152,15,1306.2659912109375,42.130130767822266,1489.323486328125,88.4949722290039,0.3982018530368805
152,5,1214.1104736328125,68.39602661132812,1265.864501953125,193.21517944335938,0.35387101769447327
152,22,956.345947265625,39.287635803222656,1121.0540771484375,174.09274291992188,0.32677534222602844
153,1,0.471038818359375,259.4700927734375,140.61160278320312,470.4683837890625,0.9094645380973816
153,2,266.92071533203125,112.59949493408203,519.1207275390625,246.25238037109375,0.9075644016265869
153,3,0.15937042236328125,117.4295654296875,269.0277404785156,222.91685485839844,0.8645675778388977
153,19,1105.6923828125,206.3181610107422,1169.4676513671875,342.588623046875,0.8023853302001953
153,4,1678.509521484375,34.55305480957031,1726.515380859375,194.9062042236328,0.68355393409729
153,9,951.6432495117188,174.29928588867188,988.0325317382812,222.7382354736328,0.6294475793838501
153,14,1067.3369140625,81.4251708984375,1101.5025634765625,177.16232299804688,0.5790590047836304
153,20,131.33921813964844,72.44151306152344,163.86337280273438,125.46034240722656,0.5617126822471619
153,6,1117.15625,31.237117767333984,1302.78125,83.94317626953125,0.5526502728462219
153,8,956.6085205078125,39.2050666809082,1124.763427734375,85.99404907226562,0.5142516493797302
153,7,1304.8685302734375,41.824012756347656,1489.7625732421875,182.19223022460938,0.5118780136108398
153,11,1096.6297607421875,81.23606872558594,1124.6412353515625,173.06785583496094,0.45930150151252747
153,12,1117.3226318359375,32.242652893066406,1302.7938232421875,198.29092407226562,0.41278165578842163
153,15,1306.41650390625,42.24354553222656,1489.3502197265625,88.49288177490234,0.3952738046646118
153,5,1213.9090576171875,68.4008560180664,1265.8985595703125,192.89723205566406,0.33425894379615784
153,22,956.5870971679688,39.41193389892578,1121.166259765625,173.2309112548828,0.330007404088974
154,1,0.46689605712890625,259.50665283203125,140.6713409423828,470.5196228027344,0.9091933369636536
154,2,266.8439025878906,112.81462097167969,518.95166015625,246.32569885253906,0.9080765843391418
154,3,0.11478424072265625,117.69285583496094,268.8946228027344,222.80502319335938,0.8637134432792664
154,19,1102.56494140625,194.01321411132812,1162.542236328125,341.7695617675781,0.8247079253196716
154,4,1678.564453125,34.4879150390625,1726.7537841796875,194.11978149414062,0.6815508008003235
154,9,951.3967895507812,174.19876098632812,988.1976928710938,222.94207763671875,0.621574878692627
154,20,133.4332275390625,72.13643646240234,163.8968963623047,124.62352752685547,0.5866235494613647
154,14,1067.376708984375,81.53370666503906,1101.3775634765625,177.3526611328125,0.5832530856132507
154,6,1116.859130859375,31.297222137451172,1302.7501220703125,84.14069366455078,0.5516719818115234
154,8,957.7398071289062,39.147342681884766,1124.6759033203125,85.85138702392578,0.5178178548812866
154,7,1304.800048828125,41.806915283203125,1489.22412109375,181.2447509765625,0.5107675790786743
154,11,1096.5941162109375,81.4288330078125,1124.725830078125,173.46121215820312,0.4734781086444855
154,12,1117.160888671875,32.36780548095703,1302.756591796875,198.77059936523438,0.41566023230552673
154,15,1306.33447265625,42.24229431152344,1488.7738037109375,88.50645446777344,0.390705943107605
154,22,957.7567749023438,39.41761016845703,1120.8857421875,173.45269775390625,0.329501211643219
155,1,0.4691619873046875,259.4912109375,140.6942596435547,470.4015197753906,0.909497082233429
155,2,266.9389343261719,112.67938232421875,519.1835327148438,246.31040954589844,0.9074903726577759
155,3,0.1049652099609375,117.79186248779297,268.894775390625,222.8217010498047,0.8659132122993469
155,19,1093.59375,196.88356018066406,1157.3731689453125,340.2467041015625,0.8336544036865234
155,4,1678.6400146484375,34.475547790527344,1727.02490234375,195.422607421875,0.6629059910774231
155,9,951.4773559570312,174.22499084472656,988.2841186523438,222.3991241455078,0.6038619875907898
155,14,1067.416015625,81.37982940673828,1101.63916015625,177.37355041503906,0.5909794569015503
155,20,133.46400451660156,71.4287338256836,164.23057556152344,120.74185180664062,0.5480502843856812
155,6,1117.0902099609375,31.473392486572266,1302.7086181640625,84.20880889892578,0.5466096997261047
155,8,957.521728515625,38.956607818603516,1124.9599609375,85.86772155761719,0.5170854330062866
155,7,1304.6524658203125,41.800140380859375,1489.121337890625,180.26646423339844,0.5110824704170227
155,11,1096.677734375,81.31871795654297,1125.2685546875,173.13479614257812,0.4624645709991455
155,12,1117.3707275390625,32.55059051513672,1302.6611328125,197.9453887939453,0.41282349824905396
155,15,1306.20703125,42.24254608154297,1488.6650390625,88.66678619384766,0.386869877576828
155,22,957.579345703125,39.311912536621094,1120.9515380859375,173.77130126953125,0.32647496461868286
156,1,0.4911003112792969,259.4281921386719,141.05174255371094,470.44317626953125,0.9070402979850769
156,2,266.9728088378906,113.0493392944336,518.5298461914062,246.20504760742188,0.8995930552482605
156,3,0.0926513671875,117.43116760253906,269.1416931152344,222.7902374267578,0.8683202266693115
156,19,1078.22216796875,193.9739227294922,1155.1524658203125,340.7745666503906,0.8557435870170593
156,4,1678.9281005859375,34.346378326416016,1727.2357177734375,195.92349243164062,0.6464211344718933
156,9,951.2801513671875,174.39404296875,988.4959716796875,221.86459350585938,0.6169095039367676
156,6,1117.5396728515625,31.211185455322266,1302.711181640625,84.13353729248047,0.5718353390693665
156,14,1067.3843994140625,81.58987426757812,1101.1973876953125,176.7239227294922,0.5469010472297668
156,8,956.0841064453125,39.51467514038086,1125.1722412109375,86.15520477294922,0.5183535814285278
156,7,1304.23583984375,41.903564453125,1489.1009521484375,180.8820343017578,0.49488818645477295
156,11,1095.76513671875,81.4175033569336,1125.56396484375,173.436279296875,0.4728165864944458
156,20,133.4346466064453,71.1192855834961,166.03675842285156,120.4768295288086,0.46585530042648315
156,5,1213.4891357421875,68.33367919921875,1266.1260986328125,191.32723999023438,0.4100745916366577
156,15,1305.7559814453125,42.42103958129883,1488.6607666015625,88.90595245361328,0.40738293528556824
156,12,1117.6807861328125,32.037803649902344,1302.8048095703125,196.9752960205078,0.40013566613197327
156,22,956.6326904296875,39.593528747558594,1121.470947265625,176.7190704345703,0.3220840096473694
157,1,0.4909858703613281,259.3498229980469,140.9966583251953,470.44061279296875,0.9069585204124451
157,2,266.9920349121094,113.0650634765625,518.6035766601562,246.26060485839844,0.9000102877616882
157,3,0.2055816650390625,117.13371276855469,269.27178955078125,222.82791137695312,0.8685289025306702
157,19,1076.8817138671875,194.16851806640625,1148.357666015625,339.3860778808594,0.8167545795440674
157,4,1679.1419677734375,34.39208221435547,1727.1947021484375,196.57247924804688,0.6413489580154419
157,9,951.4244995117188,174.32493591308594,988.5595703125,221.8551788330078,0.6252793073654175
157,6,1117.5765380859375,31.235172271728516,1302.8712158203125,84.2055892944336,0.5660665035247803
157,14,1067.237548828125,81.69628143310547,1101.1138916015625,176.5875244140625,0.5337716937065125
157,8,955.4404907226562,39.69308853149414,1125.0640869140625,86.21228790283203,0.5182809233665466
157,20,137.5905303955078,70.7911376953125,168.07518005371094,124.03971862792969,0.5177679657936096
157,7,1304.4005126953125,41.91646194458008,1489.0330810546875,180.42315673828125,0.4962003231048584
157,11,1096.159912109375,81.91053771972656,1125.487548828125,173.64505004882812,0.4558734595775604
157,15,1305.8668212890625,42.40887451171875,1488.5570068359375,89.24061584472656,0.4065135419368744
157,12,1117.863037109375,32.07417297363281,1302.9390869140625,196.82496643066406,0.4052653908729553
157,5,1213.677490234375,68.40955352783203,1266.0615234375,191.635986328125,0.396908164024353
157,22,956.1802368164062,39.717857360839844,1121.6697998046875,174.6580352783203,0.3147674798965454
158,1,0.49619293212890625,259.46148681640625,141.00289916992188,470.4126281738281,0.9068130254745483
158,2,266.99444580078125,113.19243621826172,518.610107421875,246.28497314453125,0.8990209698677063
158,3,0.1712493896484375,118.15447998046875,269.07354736328125,222.77005004882812,0.8673592805862427
158,19,1074.3878173828125,195.3977508544922,1140.6097412109375,337.4284362792969,0.8227487206459045
158,9,951.08349609375,174.50198364257812,988.6600341796875,221.69705200195312,0.6584290266036987
158,4,1679.2606201171875,34.232086181640625,1727.3433837890625,196.071044921875,0.637614369392395
158,6,1117.522705078125,31.049686431884766,1302.87744140625,84.28001403808594,0.5661687850952148
158,7,1304.3299560546875,41.984779357910156,1489.0621337890625,180.81454467773438,0.5067915916442871
158,8,955.3063354492188,39.978118896484375,1125.017578125,86.31255340576172,0.5011776089668274
158,11,1095.59912109375,82.13220977783203,1125.3482666015625,174.16265869140625,0.47963637113571167
158,14,1067.093017578125,82.10888671875,1101.2242431640625,176.62962341308594,0.4609126150608063
158,20,137.08163452148438,70.09883880615234,167.5685577392578,121.12744903564453,0.4384850263595581
158,12,1117.8125,31.892669677734375,1302.9415283203125,196.77850341796875,0.40733277797698975
158,15,1305.8292236328125,42.4123420715332,1488.536865234375,89.36044311523438,0.4041013717651367
158,5,1213.593505859375,67.97248077392578,1265.898681640625,191.74746704101562,0.3853144943714142
158,22,955.950439453125,39.71534729003906,1122.1248779296875,172.73736572265625,0.3254074454307556
159,1,0.49184417724609375,259.60302734375,140.9020538330078,470.4018249511719,0.9063963890075684
159,2,267.0037536621094,113.12212371826172,518.7030639648438,246.16586303710938,0.8995771408081055
159,3,0.17383575439453125,118.08003234863281,269.12823486328125,222.74899291992188,0.8676053285598755
159,19,1076.5740966796875,193.7454071044922,1130.395263671875,334.26116943359375,0.7619072794914246
159,9,951.4949340820312,174.6269073486328,988.7484741210938,221.79798889160156,0.6589882373809814
159,4,1679.132080078125,34.212528228759766,1727.171630859375,195.8855438232422,0.6297896504402161
159,6,1117.2437744140625,30.99862289428711,1302.62548828125,84.19803619384766,0.5749849081039429
159,11,1095.1639404296875,80.96097564697266,1125.74365234375,173.68411254882812,0.5483177304267883
159,8,955.3606567382812,40.06265640258789,1125.3271484375,86.29151916503906,0.5042123198509216
159,7,1304.2772216796875,42.12778854370117,1488.84521484375,181.0343780517578,0.5041919946670532
159,14,1067.1988525390625,81.9704818725586,1100.014892578125,176.76173400878906,0.48860687017440796
159,15,1305.7664794921875,42.57231903076172,1488.30029296875,89.52021789550781,0.4075015187263489
159,12,1117.585693359375,31.762252807617188,1302.609130859375,195.7227325439453,0.39664068818092346
159,5,1213.5455322265625,67.8186264038086,1265.797119140625,191.0760040283203,0.3936226963996887
159,20,137.58340454101562,72.56554412841797,167.5146026611328,126.60411071777344,0.3713150918483734
159,22,955.9277954101562,39.836517333984375,1122.3521728515625,173.9654998779297,0.32877326011657715
160,1,0.4927711486816406,259.6636962890625,140.9427490234375,470.3892517089844,0.906676173210144
160,2,267.0140380859375,113.12345123291016,518.7108154296875,245.95318603515625,0.8986819982528687
160,3,0.29491424560546875,118.46638488769531,268.8743591308594,222.8089599609375,0.8669670224189758
160,19,1070.0599365234375,197.96133422851562,1125.8126220703125,337.3719177246094,0.7842907905578613
160,9,951.1408081054688,174.472412109375,988.6864013671875,221.65640258789062,0.6620665192604065
160,4,1679.21630859375,34.25200653076172,1727.53564453125,195.7460174560547,0.616433322429657
160,6,1117.55517578125,31.004413604736328,1302.6707763671875,84.0865249633789,0.5765649080276489
160,11,1096.3004150390625,80.62422180175781,1125.51123046875,173.13999938964844,0.5310623049736023
160,8,956.0020751953125,40.139488220214844,1125.3131103515625,86.31660461425781,0.5257341265678406
160,7,1304.2724609375,42.07773208618164,1488.6571044921875,181.13150024414062,0.5115486979484558
160,14,1067.17333984375,81.36410522460938,1100.6007080078125,176.0371856689453,0.49895280599594116
160,15,1305.78662109375,42.533226013183594,1488.1453857421875,89.58849334716797,0.4074997305870056
160,5,1213.63525390625,68.01944732666016,1265.8873291015625,189.8539581298828,0.39569801092147827
160,12,1117.8223876953125,31.75316619873047,1302.63134765625,194.9266357421875,0.3944550156593323
160,20,139.84373474121094,72.04996490478516,169.49212646484375,125.48348236083984,0.3692968189716339
160,22,956.5238037109375,39.83734130859375,1122.09814453125,169.97543334960938,0.3322206735610962
161,1,0.4955406188964844,259.81329345703125,140.9447479248047,470.3758850097656,0.9061622023582458
161,2,267.04034423828125,112.99333953857422,518.7437133789062,246.04087829589844,0.8994953036308289
161,3,0.4471435546875,118.65227508544922,269.0060119628906,222.71961975097656,0.8685032725334167
161,19,1064.2767333984375,204.34808349609375,1118.82568359375,334.91107177734375,0.8163791298866272
161,9,951.18701171875,174.4339141845703,988.4205932617188,221.833740234375,0.6848337054252625
161,4,1679.295166015625,34.54836654663086,1727.366943359375,194.374755859375,0.6377965211868286
161,6,1117.2698974609375,30.956382751464844,1302.79833984375,84.1190414428711,0.5888165235519409
161,11,1095.8636474609375,80.84486389160156,1124.98876953125,172.76834106445312,0.5330637693405151
161,8,956.2864379882812,40.02973175048828,1124.936767578125,85.80633544921875,0.5279273390769958
161,7,1304.1212158203125,42.05890655517578,1489.12109375,181.60157775878906,0.5075117945671082
161,14,1066.9383544921875,81.1256103515625,1100.81396484375,176.02757263183594,0.4751189947128296
161,5,1213.5841064453125,68.0343017578125,1265.9903564453125,190.49395751953125,0.44322165846824646
161,15,1305.6697998046875,42.49025344848633,1488.5606689453125,89.81568908691406,0.4121498167514801
161,12,1117.4600830078125,31.729522705078125,1302.8682861328125,194.4499969482422,0.38101282715797424
161,20,141.09678649902344,71.53628540039062,172.03176879882812,125.90625,0.3556935489177704
161,22,956.6493530273438,39.805870056152344,1121.57861328125,168.68385314941406,0.33152487874031067
162,1,0.4974174499511719,259.6590270996094,140.9871826171875,470.3727722167969,0.9054462313652039
162,2,267.0986022949219,112.98133850097656,518.7607421875,246.03781127929688,0.9005841612815857
162,3,0.4954376220703125,118.27796173095703,269.11029052734375,222.75299072265625,0.869588315486908
162,19,1051.004150390625,199.28636169433594,1112.5535888671875,335.14630126953125,0.8068587779998779
162,9,951.73095703125,174.2815704345703,988.239990234375,221.78636169433594,0.6876607537269592
162,4,1679.408935546875,34.577537536621094,1727.5048828125,194.1712646484375,0.634307324886322
162,6,1117.916015625,31.001758575439453,1302.6383056640625,84.08146667480469,0.5857440233230591
162,11,1095.9185791015625,80.19854736328125,1125.182861328125,173.6231231689453,0.5624743103981018
162,8,956.7655029296875,39.9605712890625,1124.965087890625,85.7369155883789,0.54058837890625
162,14,1067.228759765625,81.05248260498047,1100.359375,177.25961303710938,0.5405691862106323
162,7,1304.0438232421875,42.021766662597656,1489.225341796875,181.7947998046875,0.519411563873291
162,5,1213.5457763671875,68.23081970214844,1266.008056640625,190.2666778564453,0.4722016751766205
162,15,1305.6607666015625,42.45332336425781,1488.68896484375,89.92977905273438,0.4035893678665161
162,12,1118.1544189453125,31.75458526611328,1302.7353515625,193.7388153076172,0.3762686252593994
162,22,957.001708984375,39.91747283935547,1120.8984375,171.1529998779297,0.3222300708293915
163,1,0.500152587890625,259.62646484375,140.92759704589844,470.3474426269531,0.9065526127815247
163,2,267.00579833984375,113.02046203613281,518.7926635742188,246.26284790039062,0.8988544940948486
163,3,0.577423095703125,117.89097595214844,269.0057067871094,222.5584716796875,0.8678449392318726
163,19,1046.4779052734375,198.4720458984375,1105.724609375,333.7233581542969,0.80483078956604
163,9,951.6436157226562,173.9242401123047,988.2584838867188,222.0402374267578,0.672680139541626
163,4,1678.5728759765625,34.496238708496094,1727.8465576171875,192.9854736328125,0.629479169845581
163,11,1095.721923828125,80.8699722290039,1124.6690673828125,173.90841674804688,0.5937604904174805
163,6,1118.16650390625,30.982074737548828,1302.5426025390625,83.83868408203125,0.5850372314453125
163,14,1067.2742919921875,81.2215805053711,1100.1387939453125,177.57009887695312,0.5442641377449036
163,8,956.6254272460938,39.92438888549805,1125.01416015625,85.9347152709961,0.543850839138031
163,7,1304.197265625,42.05500030517578,1489.2071533203125,181.19517517089844,0.5213184952735901
163,5,1213.766845703125,68.31108856201172,1265.989990234375,189.7833251953125,0.45089197158813477
163,15,1305.7520751953125,42.498687744140625,1488.7659912109375,89.82707977294922,0.40035611391067505
163,20,145.2608642578125,72.65595245361328,174.68617248535156,124.37445831298828,0.38259777426719666
163,12,1118.3878173828125,31.696815490722656,1302.57177734375,193.3014678955078,0.37236806750297546
163,22,956.6914672851562,39.91511917114258,1120.8363037109375,171.4457244873047,0.31510600447654724
164,1,0.49665069580078125,259.60858154296875,140.9613800048828,470.3150939941406,0.9058592319488525
164,2,267.0057373046875,113.06735229492188,518.8345336914062,246.1750030517578,0.9015236496925354
164,3,0.607818603515625,117.14669799804688,269.363525390625,222.48069763183594,0.8650503754615784
164,19,1040.1522216796875,195.64036560058594,1101.0543212890625,334.4049072265625,0.8343798518180847
164,9,951.662841796875,174.00901794433594,988.3828125,222.14552307128906,0.6668899059295654
164,4,1678.6241455078125,34.469261169433594,1727.8582763671875,193.0991973876953,0.6205068826675415
164,6,1118.0302734375,30.94650650024414,1302.6927490234375,83.99478912353516,0.59393709897995
164,11,1095.5958251953125,81.41015625,1123.97900390625,174.54164123535156,0.5864997506141663
164,8,957.1692504882812,39.87602233886719,1125.1448974609375,85.92864990234375,0.5503812432289124
164,14,1067.3955078125,81.22686767578125,1100.1138916015625,177.6921844482422,0.5495821237564087
164,7,1304.230712890625,42.09837341308594,1489.2122802734375,181.08114624023438,0.5201584696769714
164,5,1213.788330078125,68.19346618652344,1265.9268798828125,189.79000854492188,0.4671161472797394
164,15,1305.766845703125,42.528377532958984,1488.7554931640625,89.7162094116211,0.40036556124687195
164,12,1118.22216796875,31.665367126464844,1302.78662109375,193.17713928222656,0.36349138617515564
164,22,957.04833984375,39.95750427246094,1120.73291015625,171.2350616455078,0.3041829466819763
165,1,0.4958152770996094,259.6186828613281,140.96466064453125,470.3895568847656,0.9058330059051514
165,2,267.0383605957031,113.0783462524414,518.6856079101562,246.26678466796875,0.9015132784843445
165,3,0.6725692749023438,117.25067138671875,269.30755615234375,222.25360107421875,0.8670575022697449
165,19,1034.5751953125,191.88800048828125,1096.9044189453125,334.0180358886719,0.839990496635437
165,9,951.69287109375,174.00567626953125,988.5362548828125,222.15673828125,0.6558831334114075
165,4,1679.0108642578125,34.52961730957031,1727.5704345703125,192.6683349609375,0.6176369786262512
165,11,1096.1873779296875,81.47492980957031,1123.7535400390625,174.24954223632812,0.602074146270752
165,6,1118.0430908203125,31.018741607666016,1302.5560302734375,83.95475006103516,0.5994788408279419
165,14,1067.3880615234375,81.08784484863281,1100.319580078125,177.3865966796875,0.5571078658103943
165,8,957.4658203125,39.790443420410156,1125.09375,85.88587188720703,0.5481110215187073
165,7,1304.3123779296875,42.03868103027344,1489.0374755859375,181.18972778320312,0.5131078958511353
165,5,1213.660888671875,67.89225769042969,1266.0045166015625,189.7484130859375,0.5036073923110962
165,15,1305.816650390625,42.50847244262695,1488.5562744140625,89.59097290039062,0.40601611137390137
165,12,1118.162109375,31.7112979888916,1302.697998046875,193.01028442382812,0.3604904115200043
165,22,957.580810546875,39.912269592285156,1120.7596435546875,174.48550415039062,0.3083178699016571
166,1,0.4958610534667969,259.6329345703125,140.9880828857422,470.360595703125,0.9059740900993347
166,2,267.04083251953125,113.06009674072266,518.6773681640625,246.3280029296875,0.9009501338005066
166,3,0.45302581787109375,117.68585205078125,269.1060485839844,222.35948181152344,0.8657231330871582
166,19,1030.1859130859375,196.01943969726562,1094.5709228515625,335.3608703613281,0.8458130359649658
166,9,951.5255126953125,173.8190460205078,988.4241943359375,222.46998596191406,0.6507236957550049
166,4,1678.9359130859375,34.55681228637695,1727.384521484375,192.45469665527344,0.6266856789588928
166,6,1117.847900390625,31.055957794189453,1302.6544189453125,83.97679138183594,0.6046604514122009
166,11,1096.3590087890625,81.71466064453125,1123.5076904296875,174.00961303710938,0.5737249255180359
166,14,1067.3775634765625,81.00780487060547,1100.7064208984375,177.16685485839844,0.5714320540428162
166,8,957.2594604492188,39.71512222290039,1125.1370849609375,85.89198303222656,0.5566695928573608
166,7,1304.5264892578125,41.929290771484375,1489.1517333984375,181.10345458984375,0.5130265355110168
166,5,1213.5667724609375,67.89422607421875,1266.0869140625,189.8220977783203,0.5008344054222107
166,15,1306.00390625,42.382450103759766,1488.697998046875,89.57996368408203,0.41189122200012207
166,12,1117.8955078125,31.768386840820312,1302.84326171875,193.24237060546875,0.3613777458667755
166,22,957.2715454101562,39.91062927246094,1120.8919677734375,172.41981506347656,0.31042781472206116
167,1,0.495208740234375,259.58245849609375,140.95205688476562,470.4421691894531,0.9088502526283264
167,2,267.0226135253906,113.0591812133789,518.7684326171875,246.28822326660156,0.90349942445755
167,3,0.191619873046875,118.275146484375,269.0623474121094,221.96640014648438,0.8681018352508545
167,19,1021.7977294921875,201.88059997558594,1088.3104248046875,334.4686279296875,0.8446990847587585
167,9,951.8048095703125,173.92251586914062,988.7540283203125,222.5355987548828,0.6616960763931274
167,4,1678.962890625,34.54865264892578,1727.117431640625,191.8622589111328,0.6103531122207642
167,14,1067.423583984375,80.01773071289062,1102.3743896484375,175.60240173339844,0.5958085656166077
167,6,1117.904296875,31.13986587524414,1302.6705322265625,83.94209289550781,0.5929749608039856
167,11,1096.601806640625,81.14891052246094,1123.8690185546875,173.68240356445312,0.5829302072525024
167,8,957.2781372070312,39.73639678955078,1125.157958984375,85.995849609375,0.5509478449821472
167,7,1304.2724609375,41.95921325683594,1489.22802734375,182.90061950683594,0.5221970081329346
167,5,1213.353515625,67.63790130615234,1266.0936279296875,189.8241729736328,0.49337098002433777
167,20,149.11766052246094,74.41767883300781,179.21702575683594,125.45230865478516,0.4243637025356293
167,15,1305.73388671875,42.35757064819336,1488.75,89.91259765625,0.40953683853149414
167,12,1118.0042724609375,31.857221603393555,1302.92919921875,193.01107788085938,0.3586595058441162
167,22,957.2982788085938,39.83049774169922,1120.838134765625,173.73587036132812,0.3094688355922699
168,1,0.5053367614746094,259.86273193359375,140.8908233642578,470.55670166015625,0.9094343781471252
168,2,266.8218688964844,112.64202880859375,518.8563842773438,246.4113006591797,0.9052507281303406
168,3,0.033966064453125,117.97904968261719,269.0779724121094,221.7293701171875,0.8729094862937927
168,19,1017.8234252929688,195.7789306640625,1082.31494140625,332.7279968261719,0.8393630981445312
168,9,953.0465698242188,173.9889678955078,988.4749145507812,223.51332092285156,0.6803417801856995
168,4,1677.0164794921875,35.00994110107422,1727.3902587890625,192.9235382080078,0.6289467811584473
168,6,1117.3861083984375,30.88359832763672,1302.6668701171875,83.88787078857422,0.5899596810340881
168,14,1067.512939453125,80.23878479003906,1102.1971435546875,175.44204711914062,0.5884433388710022
168,11,1097.000244140625,81.40811920166016,1123.4893798828125,173.421630859375,0.5845040678977966
168,8,958.871337890625,39.47092819213867,1125.54638671875,85.58878326416016,0.5541391968727112
168,7,1304.344482421875,41.841148376464844,1489.80615234375,183.37811279296875,0.5297861695289612
168,5,1213.6201171875,68.15741729736328,1266.146484375,191.09579467773438,0.48320505023002625
168,10,1081.8765869140625,173.51925659179688,1183.2396240234375,298.4797668457031,0.40098461508750916
168,15,1305.734619140625,42.235042572021484,1489.3458251953125,89.88297271728516,0.39545655250549316
168,12,1117.651611328125,31.666534423828125,1302.9066162109375,194.6629638671875,0.382196843624115
168,20,152.34959411621094,73.27648162841797,179.4749298095703,125.19317626953125,0.37326186895370483
168,22,958.6926879882812,39.66215515136719,1121.089111328125,172.5161590576172,0.31883442401885986
169,1,0.5126838684082031,259.9077453613281,140.88226318359375,470.5909423828125,0.9100837707519531
169,2,266.678955078125,112.69547271728516,518.8927001953125,246.26449584960938,0.9052543044090271
169,3,0.00634002685546875,117.84175872802734,269.28802490234375,221.74879455566406,0.8723788857460022
169,19,1014.884765625,187.7024688720703,1071.9503173828125,332.3078918457031,0.7887698411941528
169,9,952.7459106445312,173.90672302246094,988.9561157226562,223.74020385742188,0.6576266288757324
169,4,1678.86767578125,34.590858459472656,1726.89111328125,191.5745086669922,0.6419467329978943
169,14,1067.427001953125,79.73556518554688,1102.62890625,175.78646850585938,0.5996181964874268
169,6,1117.4395751953125,30.723106384277344,1302.22412109375,83.76881408691406,0.5906200408935547
169,8,958.5042724609375,39.42043685913086,1125.6763916015625,85.24459075927734,0.5539980530738831
169,11,1096.928955078125,81.01876831054688,1123.546630859375,173.7286376953125,0.5404969453811646
169,7,1304.238037109375,41.60105895996094,1489.3624267578125,183.2109832763672,0.5195414423942566
169,5,1213.6458740234375,67.8196792602539,1266.2216796875,191.78866577148438,0.48649218678474426
169,15,1305.6761474609375,42.02959442138672,1488.8408203125,89.87386322021484,0.40248382091522217
169,20,153.1333465576172,73.10838317871094,181.0514373779297,125.11175537109375,0.3986915946006775
169,12,1117.7099609375,31.552093505859375,1302.383544921875,195.45359802246094,0.38715505599975586
169,10,1081.102294921875,173.14572143554688,1183.3564453125,298.25421142578125,0.30286404490470886
170,1,0.5095252990722656,259.9010925292969,141.00021362304688,470.5859069824219,0.909787654876709
170,2,266.77325439453125,112.67017364501953,518.93115234375,246.38522338867188,0.9048384428024292
170,3,0.0566253662109375,118.32742309570312,269.1830139160156,221.63360595703125,0.8730615973472595
170,19,1009.283935546875,194.28451538085938,1065.3892822265625,330.88909912109375,0.8111191391944885
170,9,952.80126953125,174.65162658691406,989.7464599609375,224.38563537597656,0.645835816860199
170,4,1678.7608642578125,34.65204620361328,1726.9571533203125,192.32615661621094,0.6285891532897949
170,14,1067.0703125,80.13963317871094,1103.805908203125,175.41448974609375,0.5893237590789795
170,6,1117.61865234375,30.878883361816406,1302.333251953125,83.91879272460938,0.586306631565094
170,8,957.69970703125,39.467926025390625,1125.8349609375,85.53932189941406,0.5567785501480103
170,7,1304.2315673828125,41.61735534667969,1489.3948974609375,184.00091552734375,0.5199015140533447
170,5,1213.9600830078125,67.83828735351562,1266.030517578125,191.62802124023438,0.461987167596817
170,11,1097.361328125,80.97246551513672,1125.54345703125,174.08702087402344,0.4500415027141571
170,15,1305.665283203125,41.982948303222656,1488.9146728515625,90.17353820800781,0.40420809388160706
170,12,1117.8824462890625,31.68939971923828,1302.46484375,195.3274383544922,0.39237159490585327
170,20,155.78402709960938,73.40789794921875,180.34487915039062,123.85395812988281,0.33637455105781555
171,1,0.5095481872558594,259.8661193847656,141.0063018798828,470.5760192871094,0.9100058674812317
171,2,266.7628173828125,112.7318115234375,518.9181518554688,246.2936553955078,0.905120313167572
171,3,0.0904541015625,117.91429901123047,269.37664794921875,221.63758850097656,0.87054044008255
171,19,1005.4813842773438,187.31007385253906,1057.53076171875,332.1753234863281,0.8277033567428589
171,4,1678.4044189453125,34.68475341796875,1727.0233154296875,190.94577026367188,0.6558337211608887
171,9,952.8385620117188,174.75115966796875,989.6788330078125,224.12673950195312,0.624062716960907
171,6,1117.6256103515625,30.86107635498047,1302.111572265625,83.85018157958984,0.6000374555587769
171,8,955.9649047851562,39.489681243896484,1125.81201171875,85.57606506347656,0.557986319065094
171,14,1067.101318359375,80.58210754394531,1102.7874755859375,177.8086395263672,0.5354890823364258
171,7,1304.348876953125,41.65768814086914,1489.2352294921875,183.9086151123047,0.5202094316482544
171,5,1213.9227294921875,67.87165832519531,1265.996826171875,191.56631469726562,0.48964306712150574
171,11,1097.93798828125,80.6480941772461,1126.6973876953125,173.8559112548828,0.4420678913593292
171,15,1305.7613525390625,42.04011535644531,1488.6917724609375,90.27312469482422,0.405291885137558
171,20,156.1169891357422,73.5347671508789,181.36032104492188,124.18517303466797,0.3881525695323944
171,12,1117.704345703125,31.57818603515625,1302.2542724609375,195.10955810546875,0.3744700849056244
171,22,955.9949340820312,39.6594352722168,1121.453369140625,172.6602783203125,0.3148233890533447
172,1,0.5060348510742188,259.8134765625,141.05149841308594,470.5044250488281,0.9101555347442627
172,2,266.7928161621094,112.77740478515625,518.9213256835938,246.29754638671875,0.9054235816001892
172,3,0.342681884765625,117.69900512695312,268.3129577636719,222.232177734375,0.8683834671974182
172,19,1000.4060668945312,189.1350860595703,1050.707275390625,331.26812744140625,0.7851831912994385
172,4,1677.946044921875,34.819854736328125,1726.6993408203125,190.0369873046875,0.6559227108955383
172,9,951.9710083007812,174.37966918945312,990.5648803710938,224.10443115234375,0.6362922787666321
172,6,1117.393798828125,30.905010223388672,1302.1439208984375,83.92364501953125,0.5959447026252747
172,14,1067.20703125,80.33047485351562,1102.5487060546875,177.93069458007812,0.5602264404296875
172,8,954.772705078125,39.58946228027344,1125.9803466796875,85.71150970458984,0.5449874997138977
172,7,1304.252197265625,41.577049255371094,1489.251708984375,183.0445556640625,0.5249962210655212
172,5,1213.98681640625,67.8790512084961,1266.0887451171875,192.41683959960938,0.48857101798057556
172,11,1097.7603759765625,80.53962707519531,1126.3092041015625,173.66189575195312,0.4788631498813629
172,15,1305.669921875,41.97585678100586,1488.7408447265625,90.29363250732422,0.4017079174518585
172,12,1117.4774169921875,31.587478637695312,1302.245849609375,195.90504455566406,0.3757816255092621
172,20,156.5709228515625,74.4448013305664,184.30307006835938,127.11955261230469,0.33175548911094666
172,22,954.7167358398438,39.65080642700195,1121.3985595703125,177.667236328125,0.3211107850074768
173,1,0.5106697082519531,259.81805419921875,141.09530639648438,470.4818115234375,0.9106542468070984
173,2,266.7713928222656,112.73170471191406,518.9165649414062,246.33544921875,0.905903160572052
173,3,0.6003341674804688,117.22726440429688,269.0091247558594,222.4171600341797,0.8705531358718872
173,19,988.4075317382812,190.02301025390625,1042.3316650390625,328.963623046875,0.7524624466896057
173,9,952.8125610351562,174.71383666992188,990.0031127929688,225.18136596679688,0.707575261592865
173,4,1677.247314453125,34.93993377685547,1726.3214111328125,191.121337890625,0.6693972945213318
173,6,1117.2799072265625,30.84697723388672,1302.06689453125,83.92391967773438,0.6014745235443115
173,14,1067.0955810546875,79.41293334960938,1103.9027099609375,175.53970336914062,0.5851185321807861
173,8,955.0208129882812,39.5936393737793,1125.799560546875,85.69766998291016,0.5532697439193726
173,7,1304.3409423828125,41.559104919433594,1489.10205078125,182.81402587890625,0.5262969136238098
173,20,157.310302734375,73.11893463134766,187.1704559326172,127.41751098632812,0.5005529522895813
173,5,1213.9735107421875,67.98181915283203,1266.1275634765625,192.1143035888672,0.4978494644165039
173,11,1097.7496337890625,80.42003631591797,1126.455810546875,173.58348083496094,0.48730576038360596
173,15,1305.7525634765625,41.95576858520508,1488.642333984375,90.28718566894531,0.4010790288448334
173,12,1117.2646484375,31.550771713256836,1302.2171630859375,195.70614624023438,0.3714502453804016
173,22,955.0475463867188,39.730018615722656,1120.9556884765625,175.79049682617188,0.3271961510181427
174,1,0.5136451721191406,259.7703552246094,141.0421600341797,470.45709228515625,0.9104099273681641
174,2,266.8233947753906,112.7537841796875,519.0231323242188,246.37664794921875,0.9064608216285706
174,3,0.6205215454101562,117.41120910644531,268.8443603515625,222.48541259765625,0.8681554794311523
174,19,979.8239135742188,188.07083129882812,1039.3280029296875,328.66845703125,0.8093211650848389
174,9,952.6124267578125,175.65614318847656,989.8428955078125,225.1288604736328,0.6958011388778687
174,4,1677.230712890625,34.91981506347656,1725.984375,190.6244354248047,0.6855243444442749
174,6,1117.4146728515625,30.837993621826172,1302.0625,83.81502532958984,0.6049200892448425
174,20,157.89610290527344,74.40220642089844,187.6746063232422,128.0825958251953,0.5982445478439331
174,14,1066.975830078125,79.81450653076172,1103.6873779296875,175.69557189941406,0.5691449642181396
174,8,955.9586791992188,39.56928634643555,1125.7406005859375,85.69414520263672,0.5393602848052979
174,5,1213.868408203125,67.94336700439453,1266.2479248046875,192.3021697998047,0.5298078656196594
174,11,1096.9595947265625,79.69683837890625,1127.22216796875,173.78567504882812,0.5268162488937378
174,7,1304.3038330078125,41.591209411621094,1489.248046875,182.88299560546875,0.5230890512466431
174,15,1305.7874755859375,42.02606964111328,1488.7034912109375,90.33446502685547,0.40587303042411804
174,12,1117.4554443359375,31.47356414794922,1302.229736328125,195.7822723388672,0.3731856644153595
174,22,956.0189208984375,39.732421875,1121.40966796875,177.38877868652344,0.3289340138435364
175,1,0.5081863403320312,259.5509948730469,141.01528930664062,470.4238586425781,0.9094979763031006
175,2,266.97467041015625,112.70110321044922,518.999755859375,246.34254455566406,0.9051398634910583
175,3,0.6533660888671875,117.64956665039062,268.8620910644531,222.5192413330078,0.8693816661834717
175,19,974.7193603515625,191.28492736816406,1034.7967529296875,328.8598327636719,0.8511508107185364
175,4,1676.595703125,34.938514709472656,1726.2447509765625,191.32887268066406,0.6864719986915588
175,9,952.207275390625,174.55020141601562,991.0626220703125,225.0602569580078,0.6725691556930542
175,14,1066.9566650390625,79.63153839111328,1104.604248046875,174.89956665039062,0.609815239906311
175,6,1117.4495849609375,30.817520141601562,1301.8697509765625,83.65910339355469,0.6085426211357117
175,20,159.63340759277344,73.17084503173828,188.9842071533203,128.3641357421875,0.5688078999519348
175,8,955.9556274414062,39.74171447753906,1125.99560546875,85.68193817138672,0.5500742197036743
175,5,1213.8575439453125,67.77117919921875,1266.29052734375,191.7725830078125,0.5350589752197266
175,7,1304.265380859375,41.69240951538086,1489.22021484375,182.5798797607422,0.5200304985046387
175,11,1096.10205078125,79.61874389648438,1128.0565185546875,173.35693359375,0.42645561695098877
175,15,1305.7484130859375,42.15603256225586,1488.7586669921875,90.1783218383789,0.40013688802719116
175,12,1117.34521484375,31.425567626953125,1302.0506591796875,195.5958251953125,0.3678804337978363
176,1,0.5086212158203125,259.5374450683594,140.9478759765625,470.4330139160156,0.9094279408454895
176,2,266.93768310546875,112.69276428222656,519.1304931640625,246.31727600097656,0.9054165482521057
176,3,0.5729598999023438,117.51341247558594,268.8641052246094,222.54830932617188,0.8706199526786804
176,19,963.7280883789062,185.73574829101562,1032.7139892578125,329.3688049316406,0.8203710317611694
176,4,1676.6876220703125,35.01445770263672,1726.0858154296875,192.26449584960938,0.6878767013549805
176,6,1117.550537109375,30.775554656982422,1302.019775390625,83.60435485839844,0.6061645746231079
176,14,1067.1767578125,79.7783203125,1104.6888427734375,174.95892333984375,0.5835638046264648
176,9,951.4000854492188,174.34117126464844,991.5477905273438,222.8524932861328,0.5706613659858704
176,8,957.2583618164062,39.823997497558594,1125.7188720703125,85.6963119506836,0.5441663265228271
176,5,1213.8802490234375,67.61311340332031,1266.1854248046875,191.8040313720703,0.5224035382270813
176,20,159.9588165283203,74.04646301269531,190.4973907470703,131.00961303710938,0.5179133415222168
176,7,1304.080810546875,41.617652893066406,1489.32275390625,182.64102172851562,0.513370156288147
176,11,1095.433349609375,79.7292709350586,1126.7249755859375,173.38583374023438,0.4384500980377197
176,15,1305.5794677734375,42.045867919921875,1488.8515625,90.24778747558594,0.4034897983074188
176,12,1117.494384765625,31.368370056152344,1302.1881103515625,195.6250457763672,0.378370463848114
176,22,957.2728271484375,40.030052185058594,1121.4140625,178.0931854248047,0.30293771624565125
177,1,0.5200538635253906,259.55914306640625,141.11257934570312,470.2503662109375,0.9115684032440186
177,2,266.90643310546875,112.31790161132812,519.1461791992188,246.21592712402344,0.9059634208679199
177,3,0.3199310302734375,118.374755859375,268.0342712402344,222.12583923339844,0.8706031441688538
177,19,955.631103515625,183.77481079101562,1030.4959716796875,328.4278564453125,0.833989143371582
177,4,1677.4183349609375,34.74732971191406,1725.49853515625,192.72280883789062,0.713666558265686
177,6,1118.2294921875,30.746109008789062,1301.832275390625,83.45958709716797,0.593984067440033
177,14,1067.0914306640625,79.47793579101562,1105.3212890625,174.4259033203125,0.589048445224762
177,20,161.20033264160156,72.7489013671875,192.8173370361328,132.3578338623047,0.5856186151504517
177,8,958.6168212890625,39.88252258300781,1125.0037841796875,85.57477569580078,0.5555989742279053
177,7,1303.735107421875,41.74170684814453,1488.697998046875,182.24647521972656,0.5148676633834839
177,5,1213.970703125,68.14775848388672,1266.00732421875,190.668701171875,0.49943646788597107
177,15,1305.2794189453125,42.2466926574707,1488.2615966796875,90.27671813964844,0.392087459564209
177,12,1117.8248291015625,31.3297119140625,1301.953857421875,194.15725708007812,0.3750832676887512
178,1,0.516357421875,259.5317687988281,141.05831909179688,470.2162170410156,0.9104733467102051
178,2,266.8564453125,112.35392761230469,519.4270629882812,246.28221130371094,0.9052302241325378
178,3,0.31903839111328125,118.38292694091797,268.0108947753906,222.0792999267578,0.8704432845115662
178,19,958.2006225585938,183.94090270996094,1022.1557006835938,328.2446594238281,0.8356043100357056
178,4,1676.279296875,34.563438415527344,1725.4727783203125,195.116455078125,0.710791289806366
178,14,1067.1234130859375,79.33905029296875,1104.7918701171875,174.94583129882812,0.6119188070297241
178,6,1117.8262939453125,30.789905548095703,1301.9827880859375,83.36918640136719,0.5930503606796265
178,20,161.8980255126953,73.42138671875,192.5444793701172,131.29750061035156,0.5608978271484375
178,8,957.4166259765625,39.864097595214844,1125.0380859375,85.47052001953125,0.5552237629890442
178,7,1303.7901611328125,41.75770950317383,1488.8489990234375,182.01141357421875,0.5216892957687378
178,5,1214.033447265625,68.0779037475586,1266.118896484375,191.2436981201172,0.5091517567634583
178,12,1117.58544921875,31.366561889648438,1302.07666015625,195.05360412597656,0.39029619097709656
178,15,1305.308349609375,42.2364616394043,1488.4376220703125,90.13922882080078,0.3893220126628876
179,1,0.5192070007324219,259.62469482421875,141.12939453125,470.12091064453125,0.9115352034568787
179,2,266.8436279296875,112.33356475830078,519.5584716796875,246.15289306640625,0.9055963754653931
179,3,0.29857635498046875,118.14981079101562,268.15814208984375,222.0355682373047,0.8723350763320923
179,4,1676.0460205078125,34.541107177734375,1725.6148681640625,194.29766845703125,0.7230544686317444
179,19,955.7999267578125,184.08370971679688,1014.44970703125,325.97955322265625,0.7039732336997986
179,14,1067.1302490234375,79.32508850097656,1105.0400390625,174.6508026123047,0.6097949743270874
179,6,1117.89404296875,30.766101837158203,1302.0802001953125,83.42701721191406,0.5887340903282166
179,8,957.4816284179688,39.73491668701172,1124.99072265625,85.44131469726562,0.556655764579773
179,20,162.9627227783203,73.21570587158203,198.7039031982422,138.13906860351562,0.5557020902633667
179,7,1303.8651123046875,41.775306701660156,1489.3267822265625,182.19068908691406,0.5225705504417419
179,5,1214.0205078125,68.31690216064453,1266.237060546875,191.24258422851562,0.5155130624771118
179,12,1117.6177978515625,31.360885620117188,1302.1571044921875,195.16195678710938,0.39678141474723816
179,15,1305.38720703125,42.26142120361328,1488.975341796875,89.98654174804688,0.3888147473335266
180,1,0.46121978759765625,258.8136291503906,140.23619079589844,470.4832763671875,0.9133416414260864
180,2,267.6513977050781,112.62368774414062,519.1331787109375,246.37229919433594,0.9009338617324829
180,3,0.30384063720703125,118.74703216552734,267.5488586425781,221.83709716796875,0.8679674863815308
180,19,946.0382080078125,183.1775665283203,1007.259521484375,326.0938415527344,0.7847172021865845
180,4,1675.673583984375,34.86213684082031,1725.8023681640625,196.7787322998047,0.694927990436554
180,14,1067.354248046875,79.76570892333984,1104.8602294921875,176.15460205078125,0.6716827154159546
180,20,163.95663452148438,72.7906723022461,199.19281005859375,135.40870666503906,0.6129463315010071
180,6,1118.5709228515625,31.111907958984375,1301.9356689453125,83.36656951904297,0.5856669545173645
180,7,1303.6805419921875,42.34053039550781,1489.0023193359375,182.32659912109375,0.5308181643486023
180,5,1214.27099609375,68.86317443847656,1265.9144287109375,192.7727508544922,0.525687575340271
180,8,956.0724487304688,40.13068771362305,1124.9266357421875,85.92183685302734,0.5245160460472107
180,15,1305.3284912109375,42.716793060302734,1488.529541015625,89.8864517211914,0.3946397602558136
180,12,1118.427978515625,31.82575035095215,1301.950927734375,197.4210662841797,0.3881356418132782
180,11,1095.2257080078125,79.4615478515625,1123.4078369140625,173.6532440185547,0.3406490385532379
181,1,0.4668388366699219,258.8482971191406,140.2749481201172,470.54754638671875,0.9132000207901001
181,2,267.6705017089844,112.64016723632812,519.1459350585938,246.30738830566406,0.9021751880645752
181,3,0.30928802490234375,118.6703109741211,267.73150634765625,221.81622314453125,0.8701069355010986
181,19,945.6124877929688,183.2153778076172,999.4026489257812,326.1861267089844,0.7741604447364807
181,4,1675.7548828125,34.78974151611328,1725.804931640625,195.51708984375,0.7001093029975891
181,14,1067.1959228515625,79.53236389160156,1104.9287109375,175.36148071289062,0.6486350893974304
181,20,166.74693298339844,71.9930191040039,203.762939453125,138.43771362304688,0.6113465428352356
181,6,1118.674560546875,31.270442962646484,1301.9364013671875,83.40502166748047,0.5847095251083374
181,5,1214.31640625,68.9021987915039,1265.87158203125,192.66380310058594,0.5364012122154236
181,7,1303.5335693359375,42.28765869140625,1488.98828125,182.49266052246094,0.5296713709831238
181,8,955.828125,40.20711135864258,1124.5235595703125,85.92687225341797,0.5174084901809692
181,15,1305.185302734375,42.65558624267578,1488.5262451171875,89.99317932128906,0.3963986039161682
181,12,1118.5087890625,31.959732055664062,1301.988525390625,197.03770446777344,0.38763922452926636
181,11,1095.1873779296875,79.10941314697266,1123.111083984375,172.88540649414062,0.32908257842063904
182,1,0.4677543640136719,258.991455078125,140.26263427734375,470.554443359375,0.9132912158966064
182,2,267.6611022949219,112.67010498046875,519.0734252929688,246.32034301757812,0.9025261402130127
182,3,0.320343017578125,118.67122650146484,267.7348937988281,221.72279357910156,0.869353711605072
182,19,936.2794189453125,181.71286010742188,992.1807861328125,326.0334777832031,0.814976692199707
182,4,1675.77392578125,34.78064727783203,1726.02978515625,195.53041076660156,0.6953474879264832
182,14,1067.2288818359375,79.72224426269531,1104.919921875,175.3826446533203,0.6491175889968872
182,20,167.9398193359375,72.63848876953125,200.98989868164062,136.16976928710938,0.6167948246002197
182,6,1118.3660888671875,31.291133880615234,1301.863525390625,83.23274993896484,0.5855227112770081
182,5,1214.3184814453125,68.97132110595703,1265.9677734375,192.55418395996094,0.5404189825057983
182,7,1303.5260009765625,42.37601089477539,1488.9656982421875,182.1968994140625,0.5339333415031433
182,8,955.3901977539062,40.066314697265625,1124.8665771484375,86.17570495605469,0.5146787762641907
182,15,1305.189453125,42.69875717163086,1488.4967041015625,90.05632781982422,0.3956834673881531
182,12,1118.230712890625,32.02239990234375,1301.9503173828125,196.9232177734375,0.38498833775520325
182,11,1095.3973388671875,79.24736022949219,1123.6922607421875,173.30433654785156,0.3472850024700165
182,22,955.9368896484375,40.25927734375,1120.023193359375,168.7393035888672,0.3044140636920929
183,1,0.47259521484375,259.10943603515625,140.29330444335938,470.525390625,0.9131974577903748
183,2,267.67803955078125,112.66138458251953,519.022216796875,246.3082733154297,0.9030901789665222
183,3,0.327850341796875,118.63294219970703,267.8019104003906,221.7392578125,0.8709009885787964
183,19,927.4521484375,185.14476013183594,987.9763793945312,325.8999328613281,0.804667592048645
183,4,1675.60693359375,34.684844970703125,1726.0048828125,195.42507934570312,0.6783658266067505
183,14,1067.1640625,79.4479751586914,1105.1741943359375,175.81626892089844,0.6669995784759521
183,20,168.86990356445312,71.63374328613281,208.60255432128906,137.13990783691406,0.6226534843444824
183,6,1118.269775390625,31.282745361328125,1301.3485107421875,83.11151123046875,0.5837923288345337
183,7,1303.6689453125,42.436912536621094,1488.91748046875,181.88385009765625,0.534851610660553
183,5,1214.2677001953125,68.92719268798828,1265.908935546875,192.8741455078125,0.5211855173110962
183,8,955.7391357421875,39.933162689208984,1125.28173828125,86.1135025024414,0.5151488780975342
183,15,1305.2371826171875,42.74595260620117,1488.4268798828125,90.06566619873047,0.3992985785007477
183,12,1118.0887451171875,31.981035232543945,1301.33642578125,197.29428100585938,0.37842926383018494
183,11,1095.7137451171875,79.51620483398438,1123.9456787109375,173.88134765625,0.3428821563720703
184,1,0.4759368896484375,259.0870056152344,140.296875,470.5683288574219,0.9129511713981628
184,2,267.6632385253906,112.5616455078125,519.0618896484375,246.3053741455078,0.9030336141586304
184,3,0.34934234619140625,118.48612976074219,267.8326416015625,221.80572509765625,0.8716309666633606
184,19,923.05078125,189.83763122558594,981.7467041015625,324.50726318359375,0.7726800441741943
184,14,1067.105712890625,79.48548889160156,1105.111083984375,176.73252868652344,0.6891207098960876
184,4,1676.063232421875,34.619686126708984,1726.03857421875,194.8175506591797,0.6782276034355164
184,20,169.3826446533203,71.921630859375,205.6529541015625,134.82815551757812,0.5915006399154663
184,6,1118.4111328125,31.34798812866211,1300.8424072265625,83.01265716552734,0.5861307382583618
184,7,1304.3182373046875,42.434879302978516,1488.5911865234375,182.44825744628906,0.5386488437652588
184,5,1214.2398681640625,69.30260467529297,1265.9971923828125,193.12716674804688,0.534591019153595
184,8,955.7164306640625,39.6650505065918,1125.3087158203125,86.1252212524414,0.5171467661857605
184,9,951.9694213867188,176.18417358398438,989.98779296875,223.06576538085938,0.4024668335914612
184,15,1305.8050537109375,42.786895751953125,1488.153564453125,90.14076232910156,0.39751043915748596
184,11,1096.24267578125,79.54911804199219,1124.8690185546875,173.79766845703125,0.3778422176837921
184,12,1118.2386474609375,32.031158447265625,1300.7471923828125,197.4875946044922,0.37222230434417725
185,1,0.4775962829589844,259.01312255859375,140.30970764160156,470.6033935546875,0.9122776985168457
185,2,267.5876770019531,112.59329223632812,518.961181640625,246.33389282226562,0.9036819934844971
185,3,0.35066986083984375,118.22664642333984,267.822998046875,221.87879943847656,0.8739407062530518
185,19,917.145263671875,188.3847198486328,976.1455078125,324.05816650390625,0.8142412900924683
185,14,1067.0863037109375,79.48672485351562,1104.8724365234375,176.53675842285156,0.6975611448287964
185,4,1675.9793701171875,34.43009948730469,1726.1004638671875,194.99539184570312,0.6825900077819824
185,6,1118.3843994140625,31.125194549560547,1301.1236572265625,83.26886749267578,0.5843104720115662
185,20,169.7175750732422,72.37591552734375,206.65228271484375,132.9071502685547,0.5842471122741699
185,7,1304.906982421875,42.27253341674805,1488.8909912109375,183.03956604003906,0.5370740294456482
185,8,955.8555908203125,39.41868591308594,1125.6947021484375,86.31786346435547,0.5282776951789856
185,5,1214.0450439453125,68.91426086425781,1266.0341796875,192.3244171142578,0.5216106176376343
185,9,947.6480712890625,175.75306701660156,990.9525146484375,224.33277893066406,0.46071937680244446
185,15,1306.3194580078125,42.583168029785156,1488.402099609375,90.21853637695312,0.3959868550300598
185,11,1096.30078125,79.66310119628906,1125.5426025390625,173.36585998535156,0.38401979207992554
185,12,1118.267333984375,31.821121215820312,1301.035888671875,196.33526611328125,0.37580767273902893
186,1,0.4780426025390625,258.8648986816406,140.30442810058594,470.58343505859375,0.9130595922470093
186,2,267.61395263671875,112.52520751953125,519.00830078125,246.3178253173828,0.9035203456878662
186,3,0.35135650634765625,118.49726104736328,267.860595703125,222.04843139648438,0.874888002872467
186,19,907.950439453125,179.97337341308594,973.6435546875,325.0578918457031,0.8039618730545044
186,14,1067.068359375,79.55108642578125,1104.8756103515625,176.81076049804688,0.7076705694198608
186,4,1676.08154296875,34.42936706542969,1726.2158203125,194.0112762451172,0.6746358275413513
186,9,948.3622436523438,176.5010986328125,990.1970825195312,225.6260528564453,0.6245698928833008
186,6,1118.2637939453125,31.18084716796875,1300.96240234375,83.29534149169922,0.5865040421485901
186,20,171.29507446289062,74.23258209228516,210.1801300048828,136.7903289794922,0.5677248239517212
186,8,956.1740112304688,39.05998229980469,1125.9151611328125,86.00397491455078,0.5304260849952698
186,7,1305.0257568359375,42.191314697265625,1488.8453369140625,182.81544494628906,0.5302724838256836
186,5,1213.97900390625,68.58407592773438,1265.958740234375,192.03208923339844,0.5204817056655884
186,15,1306.3597412109375,42.468833923339844,1488.3570556640625,90.15284729003906,0.4015326201915741
186,11,1096.7259521484375,79.72695922851562,1126.7275390625,173.7246551513672,0.3995930850505829
186,12,1118.1708984375,31.84025001525879,1300.776123046875,196.1605224609375,0.365465372800827
187,1,0.4826774597167969,258.97210693359375,140.3271942138672,470.5972595214844,0.9130848050117493
187,2,267.66424560546875,112.44438171386719,518.966796875,246.26243591308594,0.9043266177177429
187,3,0.37969207763671875,118.87791442871094,267.8233337402344,222.0406494140625,0.8750713467597961
187,19,900.854736328125,186.42929077148438,967.0068969726562,325.4231262207031,0.7442340850830078
187,14,1067.053466796875,79.32563781738281,1104.82666015625,177.17868041992188,0.7159818410873413
187,4,1675.9637451171875,34.397850036621094,1726.2349853515625,193.07203674316406,0.6664785742759705
187,9,950.1356201171875,176.26675415039062,989.6563720703125,223.1810760498047,0.6512829661369324
187,20,171.96127319335938,74.20374298095703,210.28793334960938,136.5258331298828,0.5843953490257263
187,6,1117.934326171875,31.130172729492188,1301.4935302734375,83.45767211914062,0.5810098648071289
187,8,956.2379150390625,38.91779708862305,1126.4132080078125,86.05191040039062,0.5365116000175476
187,7,1305.1636962890625,42.23112487792969,1488.7166748046875,181.86282348632812,0.5336094498634338
187,5,1213.752685546875,68.60794830322266,1265.898193359375,192.10585021972656,0.4975418746471405
187,15,1306.414794921875,42.48800277709961,1488.2449951171875,90.17891693115234,0.3929682672023773
187,12,1117.880859375,31.829063415527344,1301.394287109375,196.55245971679688,0.37191590666770935
187,11,1097.3521728515625,80.00333404541016,1127.461669921875,174.1914520263672,0.36314812302589417
188,1,0.4792671203613281,258.9516296386719,140.3102264404297,470.6144104003906,0.9126019477844238
188,2,267.7065124511719,112.4381332397461,519.0161743164062,246.2379608154297,0.9040040373802185
188,3,0.37223052978515625,119.00381469726562,267.7598876953125,222.0791473388672,0.8745737671852112
188,19,891.6727294921875,186.39051818847656,962.464599609375,323.53289794921875,0.8000267744064331
188,14,1067.1163330078125,79.22804260253906,1105.05322265625,177.67694091796875,0.7319123148918152
188,4,1676.28662109375,34.718467712402344,1726.3740234375,192.8279571533203,0.656328022480011
188,9,951.759765625,176.10411071777344,990.0484008789062,222.8016815185547,0.6254751086235046
188,6,1118.073486328125,30.95321273803711,1300.8702392578125,83.21654510498047,0.5839968323707581
188,8,956.208251953125,39.01074981689453,1126.568115234375,86.01338195800781,0.5343106389045715
188,20,172.03614807128906,74.5341796875,208.99754333496094,137.1004638671875,0.5328354239463806
188,7,1305.26513671875,42.28092956542969,1488.5291748046875,181.1839599609375,0.5269914865493774
188,5,1213.8856201171875,68.489501953125,1266.0908203125,192.27127075195312,0.5249879360198975
188,15,1306.5523681640625,42.53432846069336,1488.06005859375,89.80748748779297,0.38798269629478455
188,11,1097.1466064453125,79.9808120727539,1126.970947265625,174.7383270263672,0.38478362560272217
188,12,1117.979248046875,31.603981018066406,1300.7772216796875,196.77108764648438,0.37124916911125183
189,1,0.48012542724609375,258.9880676269531,140.31227111816406,470.6242980957031,0.9127468466758728
189,2,267.6713562011719,112.2536392211914,519.0853881835938,246.15234375,0.9042749404907227
189,3,0.38596343994140625,118.98172760009766,267.6972351074219,222.19937133789062,0.8729981780052185
189,19,892.1166381835938,184.1195068359375,954.4395141601562,322.8945007324219,0.8111772537231445
189,14,1067.0589599609375,79.20316314697266,1105.097900390625,177.31219482421875,0.727100133895874
189,9,950.9419555664062,175.91249084472656,990.7857055664062,222.4764862060547,0.6436089277267456
189,4,1675.6102294921875,34.620933532714844,1726.5465087890625,195.03607177734375,0.6432462930679321
189,6,1118.179443359375,30.935165405273438,1300.51611328125,83.32546997070312,0.5827621221542358
189,20,171.5243377685547,72.86071014404297,207.12474060058594,135.7339324951172,0.5521306991577148
189,8,955.5399169921875,39.09973907470703,1126.5103759765625,86.0416259765625,0.5331746935844421
189,7,1305.23583984375,42.36822509765625,1488.658447265625,180.2156524658203,0.5237160921096802
189,5,1213.904052734375,68.5111083984375,1266.074462890625,192.58872985839844,0.5206968784332275
189,15,1306.554443359375,42.60612487792969,1488.156982421875,89.68148803710938,0.38743993639945984
189,12,1118.11962890625,31.610733032226562,1300.41357421875,197.0192413330078,0.3761386275291443
189,11,1097.4591064453125,79.55740356445312,1126.7801513671875,174.4211883544922,0.3503766357898712
190,1,0.4864311218261719,258.9393005371094,140.3180389404297,470.57684326171875,0.9132084846496582
190,2,267.618896484375,112.18846893310547,519.0825805664062,246.1280517578125,0.9032119512557983
190,3,0.3885955810546875,118.70812225341797,267.57647705078125,222.1746063232422,0.8740618228912354
190,14,1066.995849609375,79.49146270751953,1105.1341552734375,177.21006774902344,0.7218492031097412
190,19,888.6990966796875,187.00494384765625,946.3853759765625,321.1625061035156,0.6958009004592896
190,20,173.23646545410156,72.43034362792969,206.40940856933594,138.26893615722656,0.6330352425575256
190,4,1675.8526611328125,34.65733337402344,1727.0797119140625,194.6175537109375,0.6222595572471619
190,9,951.2532958984375,175.5852813720703,990.9747314453125,222.43885803222656,0.5807275176048279
190,6,1118.2469482421875,30.936412811279297,1300.55517578125,83.41033172607422,0.5696936845779419
190,8,955.7880859375,39.00840377807617,1126.46484375,86.07579803466797,0.5267007350921631
190,7,1304.9674072265625,42.38465118408203,1488.3603515625,180.41510009765625,0.5013836026191711
190,5,1213.9317626953125,68.57368469238281,1265.949462890625,192.7192840576172,0.4936937987804413
190,15,1306.28076171875,42.672218322753906,1487.881103515625,89.69636535644531,0.39251554012298584
190,12,1118.3052978515625,31.633094787597656,1300.421630859375,197.19483947753906,0.3855739235877991
190,11,1097.34423828125,79.8958511352539,1127.3603515625,174.40489196777344,0.33911561965942383
191,1,0.48181915283203125,258.9026794433594,140.31170654296875,470.62591552734375,0.9128715991973877
191,2,267.6344909667969,112.28155517578125,519.13818359375,246.09718322753906,0.9016277194023132
191,3,0.3706512451171875,118.10934448242188,267.8322448730469,222.21121215820312,0.8751497864723206
191,19,882.3607177734375,181.771728515625,942.246826171875,319.2580261230469,0.7851300239562988
191,14,1067.041259765625,79.40185546875,1105.2945556640625,177.54885864257812,0.7352593541145325
191,4,1677.112060546875,34.023399353027344,1727.1064453125,192.5918426513672,0.6233733892440796
191,9,951.39111328125,176.12384033203125,990.8953857421875,223.11785888671875,0.5914821624755859
191,20,174.1587677001953,73.22586822509766,206.67637634277344,140.91709899902344,0.5877295732498169
191,6,1117.8804931640625,30.88370132446289,1301.089599609375,83.38845825195312,0.5676594376564026
191,8,955.0946044921875,39.17082595825195,1126.5765380859375,86.09473419189453,0.5328601598739624
191,7,1304.5968017578125,42.159523010253906,1488.6676025390625,180.59568786621094,0.4598185122013092
191,5,1213.9547119140625,68.85232543945312,1265.78564453125,192.63363647460938,0.45823541283607483
191,15,1304.6407470703125,42.72100067138672,1488.38037109375,86.64791107177734,0.43357643485069275
191,12,1118.0255126953125,31.613937377929688,1301.155517578125,197.2296905517578,0.3908814787864685
192,1,0.46964263916015625,259.0001220703125,140.4234619140625,470.2484436035156,0.9108631610870361
192,2,267.6363830566406,112.2301025390625,519.1154174804688,245.83424377441406,0.8996134996414185
192,3,0.3878631591796875,118.38856506347656,267.9541931152344,222.120849609375,0.8721531629562378
192,19,877.9010009765625,185.19886779785156,933.58447265625,320.7039489746094,0.8269520998001099
192,14,1066.98779296875,79.2905502319336,1105.2257080078125,177.29843139648438,0.736320972442627
192,4,1677.9810791015625,34.13170623779297,1727.1177978515625,191.9996795654297,0.6271825432777405
192,9,951.470458984375,175.387939453125,989.2258911132812,223.4417724609375,0.5605107545852661
192,6,1118.1976318359375,30.88022232055664,1300.9189453125,83.37224578857422,0.5573937296867371
192,20,176.0584259033203,72.0160903930664,207.97769165039062,141.0723419189453,0.5540924072265625
192,8,955.0526733398438,38.98509979248047,1126.8348388671875,86.12248992919922,0.5513800382614136
192,7,1304.09912109375,42.2109375,1489.13232421875,179.95880126953125,0.4832875728607178
192,15,1304.54248046875,42.777523040771484,1488.661376953125,86.54286193847656,0.4127331078052521
192,12,1118.197265625,31.687705993652344,1300.8314208984375,196.74050903320312,0.40413767099380493
192,5,1214.52685546875,68.76944732666016,1265.5858154296875,191.4930877685547,0.4033575654029846
192,11,1097.7144775390625,79.2330551147461,1133.5050048828125,173.76861572265625,0.3222653865814209
193,1,0.4702491760253906,259.0191650390625,140.4317169189453,470.20330810546875,0.9108619689941406
193,2,267.56103515625,112.15603637695312,519.119384765625,245.81900024414062,0.8984671831130981
193,3,0.3787994384765625,117.78174591064453,268.021484375,222.1232452392578,0.8757719397544861
193,19,872.40234375,186.94839477539062,922.670654296875,320.5406799316406,0.7868221998214722
193,14,1067.146484375,79.20124053955078,1105.545166015625,177.5283203125,0.7436975836753845
193,4,1678.0126953125,34.03337097167969,1727.1915283203125,192.19973754882812,0.6241451501846313
193,20,177.26412963867188,73.36720275878906,209.71334838867188,145.5762176513672,0.5879947543144226
193,9,951.7350463867188,175.2916717529297,988.983642578125,223.74806213378906,0.5755615234375
193,6,1118.1805419921875,30.809795379638672,1300.697509765625,83.36174011230469,0.5558323860168457
193,8,954.6007690429688,39.25348663330078,1126.9337158203125,86.1881103515625,0.5539650321006775
193,7,1304.2159423828125,42.117942810058594,1489.127197265625,179.4716033935547,0.4780588746070862
193,5,1214.380126953125,69.0190200805664,1265.8646240234375,191.20716857910156,0.4180874228477478
193,15,1304.4764404296875,42.65376663208008,1488.6790771484375,86.53368377685547,0.41794952750205994
193,12,1118.098876953125,31.60422706604004,1300.655029296875,196.48342895507812,0.3976905643939972
193,11,1098.186279296875,78.94976806640625,1134.46826171875,173.50369262695312,0.31100699305534363
194,1,0.4710044860839844,259.0320739746094,140.4329833984375,470.1741027832031,0.9099706411361694
194,2,267.5697021484375,112.26750183105469,519.1650390625,245.80572509765625,0.8992398977279663
194,3,0.382598876953125,117.72416687011719,268.4095458984375,222.13064575195312,0.8757598996162415
194,19,862.9022827148438,185.9626007080078,925.5613403320312,316.4613037109375,0.8065093159675598
194,14,1067.1629638671875,79.18373107910156,1105.9044189453125,177.27589416503906,0.7311648726463318
194,4,1677.923583984375,34.030059814453125,1727.070556640625,191.51747131347656,0.6379222869873047
194,9,952.072998046875,175.64378356933594,989.142333984375,223.5465545654297,0.5990156531333923
194,8,953.855224609375,39.218421936035156,1127.0936279296875,86.14972686767578,0.5532767176628113
194,6,1118.0780029296875,30.813846588134766,1300.9871826171875,83.3622055053711,0.5525137186050415
194,20,180.10525512695312,74.46337127685547,209.87957763671875,145.51174926757812,0.526395320892334
194,7,1304.2340087890625,42.149314880371094,1489.17529296875,180.05621337890625,0.47497889399528503
194,15,1304.4925537109375,42.71993637084961,1488.6878662109375,86.59280395507812,0.4212423264980316
194,12,1117.9599609375,31.73195457458496,1300.959228515625,196.59654235839844,0.3918544054031372
194,5,1214.4254150390625,68.9629898071289,1265.7667236328125,191.25839233398438,0.3552611470222473
194,10,1081.694580078125,176.87802124023438,1182.2564697265625,297.50408935546875,0.30819541215896606
195,1,0.4772758483886719,259.0740966796875,140.45718383789062,470.1964416503906,0.9099240303039551
195,2,267.620849609375,112.23615264892578,519.1207885742188,245.75701904296875,0.8991953730583191
195,3,0.388458251953125,117.83222198486328,268.05023193359375,222.0223388671875,0.8763425946235657
195,19,855.6315307617188,178.39585876464844,921.0785522460938,319.0996398925781,0.8369346857070923
195,14,1067.1871337890625,79.43023681640625,1105.5946044921875,177.1102294921875,0.7231001257896423
195,4,1678.4578857421875,34.05995178222656,1726.8592529296875,192.18600463867188,0.6136093735694885
195,20,180.21507263183594,73.52069091796875,211.9422149658203,144.80503845214844,0.5948249697685242
195,9,952.0676879882812,175.6229248046875,989.2040405273438,223.52688598632812,0.579211413860321
195,8,953.958251953125,39.07023620605469,1127.1983642578125,86.2972183227539,0.552741289138794
195,6,1118.1865234375,30.918914794921875,1301.2176513671875,83.53550720214844,0.5486732125282288
195,7,1304.3280029296875,42.104530334472656,1489.3092041015625,180.20420837402344,0.483171671628952
195,15,1305.96826171875,42.62812042236328,1489.263427734375,88.2271957397461,0.4148089587688446
195,12,1118.148193359375,31.86101531982422,1301.1177978515625,196.36538696289062,0.3986089527606964
195,10,1081.591796875,176.79469299316406,1182.4825439453125,297.8792724609375,0.31842750310897827
195,5,1214.362060546875,68.41603088378906,1265.4412841796875,191.13539123535156,0.31598910689353943
196,1,0.4765663146972656,258.98333740234375,140.54518127441406,470.1852722167969,0.9093629121780396
196,2,267.6021423339844,112.58260345458984,518.8317260742188,245.8915252685547,0.902557909488678
196,3,0.3909759521484375,117.87897491455078,268.3099670410156,221.93386840820312,0.8752397894859314
196,19,849.5125122070312,175.61672973632812,917.9765625,318.9502258300781,0.8537406325340271
196,14,1067.14599609375,79.42304992675781,1105.3333740234375,176.67306518554688,0.711586594581604
196,4,1678.26416015625,34.10220718383789,1726.784912109375,191.59913635253906,0.6257483959197998
196,9,951.9115600585938,176.4169158935547,989.4073486328125,222.829345703125,0.5972771048545837
196,8,953.4173583984375,38.756404876708984,1127.2281494140625,86.31237030029297,0.5538477301597595
196,6,1118.091796875,30.883838653564453,1301.0244140625,83.29154968261719,0.5447589159011841
196,20,178.65936279296875,73.11591339111328,212.52650451660156,145.56996154785156,0.5304845571517944
196,7,1304.47998046875,42.01089859008789,1489.0804443359375,180.16854858398438,0.4670470654964447
196,15,1304.643310546875,42.463165283203125,1488.5953369140625,86.57393646240234,0.4265916049480438
196,12,1118.16552734375,31.867441177368164,1300.859619140625,196.47244262695312,0.404644638299942
196,10,1081.5584716796875,176.88079833984375,1182.25732421875,297.76885986328125,0.3087606430053711
197,1,0.47234344482421875,258.9672546386719,140.57672119140625,470.24249267578125,0.909060537815094
197,2,267.57476806640625,112.5920639038086,518.7952880859375,245.9158172607422,0.901694655418396
197,3,0.40161895751953125,118.07368469238281,268.370361328125,221.93490600585938,0.8737925887107849
197,19,839.771484375,179.78155517578125,912.8477783203125,317.673828125,0.8143980503082275
197,14,1067.0689697265625,79.29771423339844,1105.5482177734375,176.67137145996094,0.7048786282539368
197,4,1676.643310546875,34.47919464111328,1727.004638671875,194.15232849121094,0.6109917163848877
197,9,951.7838745117188,176.01100158691406,989.6145629882812,222.74290466308594,0.5947837233543396
197,8,954.301025390625,38.89822006225586,1126.9654541015625,86.26306915283203,0.5601422190666199
197,6,1118.1053466796875,30.975414276123047,1301.16357421875,83.1897201538086,0.5510956645011902
197,20,179.46253967285156,73.22797393798828,212.0566864013672,146.6050567626953,0.5107598304748535
197,7,1304.394287109375,42.04096984863281,1489.3125,179.84971618652344,0.4688188135623932
197,15,1304.5272216796875,42.50798034667969,1488.793212890625,86.53120422363281,0.4285959303379059
197,12,1118.076904296875,31.94677734375,1301.0791015625,196.3908233642578,0.400808721780777
197,10,1081.313232421875,177.04803466796875,1182.0562744140625,297.5532531738281,0.3347325921058655
198,1,0.46435546875,258.960205078125,140.59127807617188,470.3170166015625,0.9081481695175171
198,2,267.58758544921875,112.5820083618164,518.7799682617188,245.9405059814453,0.9010790586471558
198,3,0.420867919921875,117.47921752929688,268.4647521972656,221.87892150878906,0.8746515512466431
198,19,841.0056762695312,175.48814392089844,905.4258422851562,317.1181945800781,0.8022529482841492
198,14,1067.04296875,79.39336395263672,1105.4395751953125,176.7292938232422,0.7152846455574036
198,4,1676.7205810546875,34.41920471191406,1727.124755859375,193.60423278808594,0.6189101338386536
198,9,951.9380493164062,177.017822265625,989.5867309570312,222.87278747558594,0.5867261290550232
198,8,953.6783447265625,38.941123962402344,1126.7098388671875,86.24501037597656,0.5637895464897156
198,6,1118.0390625,31.00371551513672,1301.24560546875,83.321533203125,0.5475549697875977
198,20,182.48190307617188,74.26034545898438,214.13648986816406,146.70281982421875,0.4788704812526703
198,7,1304.4454345703125,41.99452209472656,1489.218017578125,179.9325408935547,0.4583330750465393
198,15,1304.5782470703125,42.472938537597656,1488.7076416015625,86.46546936035156,0.4333600103855133
198,12,1117.9859619140625,31.978883743286133,1301.1181640625,196.65135192871094,0.40098708868026733
198,5,1214.157470703125,68.41939544677734,1265.3914794921875,191.575439453125,0.3362354338169098
198,22,955.2581176757812,39.54302215576172,1119.5655517578125,181.3297119140625,0.3006892502307892
199,1,0.46131134033203125,258.9739990234375,140.58042907714844,470.5183410644531,0.9077417850494385
199,2,267.553955078125,112.61952209472656,518.7825317382812,245.9574737548828,0.899596631526947
199,3,0.40473175048828125,117.2872543334961,268.7489318847656,222.1618194580078,0.8770533800125122
199,19,836.9842529296875,179.8099365234375,890.592041015625,312.634765625,0.7650351524353027
199,14,1067.095458984375,79.30915832519531,1105.0511474609375,176.78271484375,0.7198399305343628
199,4,1677.9488525390625,34.24086380004883,1726.6827392578125,191.42752075195312,0.627500057220459
199,9,952.1788330078125,177.4543914794922,989.4744873046875,222.8062744140625,0.5682916641235352
199,8,953.767333984375,38.94440460205078,1125.911376953125,86.32976531982422,0.5580111742019653
199,6,1118.5723876953125,30.88128662109375,1301.5079345703125,83.3823471069336,0.5391461849212646
199,15,1304.5048828125,42.34705352783203,1488.6697998046875,86.46176147460938,0.45000356435775757
199,7,1304.3067626953125,41.87468719482422,1489.2020263671875,179.79946899414062,0.4430762827396393
199,12,1118.5601806640625,31.841096878051758,1301.364990234375,196.52542114257812,0.4083479642868042
199,20,183.80181884765625,76.83929443359375,213.13247680664062,137.67942810058594,0.36409273743629456
199,11,1097.5218505859375,78.55432891845703,1129.3126220703125,173.30613708496094,0.3483459949493408
199,5,1214.18603515625,68.22523498535156,1265.5888671875,191.7964324951172,0.32031458616256714
200,1,0.466644287109375,258.9818115234375,140.5808868408203,470.5045166015625,0.908122181892395
200,2,267.5312805175781,112.71730041503906,518.8477172851562,246.01405334472656,0.9006479382514954
200,3,0.4185333251953125,117.13449096679688,268.4551696777344,222.2281036376953,0.8760602474212646
200,19,823.9022827148438,180.1970672607422,878.5111083984375,312.8286437988281,0.7763002514839172
200,14,1067.1009521484375,79.15628814697266,1104.9320068359375,176.47738647460938,0.7104020714759827
200,4,1676.8271484375,34.486793518066406,1726.74462890625,192.86436462402344,0.6407859325408936
200,8,954.3704223632812,39.003387451171875,1125.524169921875,86.413330078125,0.5562223196029663
200,6,1118.5880126953125,31.015296936035156,1301.5242919921875,83.60245513916016,0.5319418907165527
200,9,952.2971801757812,177.6968536376953,989.1878051757812,222.83656311035156,0.5225573778152466
200,20,185.40353393554688,75.2245101928711,216.60227966308594,135.4174041748047,0.4638355076313019
200,11,1098.1226806640625,78.26136016845703,1129.1253662109375,173.1334686279297,0.45117735862731934
200,7,1304.3946533203125,41.82005310058594,1489.245361328125,179.930419921875,0.450320839881897
200,15,1304.51220703125,42.27493667602539,1488.677490234375,86.3485107421875,0.44357413053512573
200,12,1118.7110595703125,31.969802856445312,1301.3306884765625,196.5406951904297,0.413994163274765
200,5,1214.24609375,68.32511901855469,1265.365478515625,191.79885864257812,0.30694779753685
201,1,0.46158599853515625,259.0535888671875,140.58998107910156,470.5252990722656,0.9081974029541016
201,2,267.5867919921875,112.7255859375,518.8483276367188,245.89242553710938,0.8991321325302124
201,3,0.4138641357421875,117.42797088623047,268.4502258300781,222.20741271972656,0.8809940814971924
201,19,815.8172607421875,184.8756866455078,879.021240234375,314.9062805175781,0.805778980255127
201,14,1067.1064453125,79.34170532226562,1105.2352294921875,175.93844604492188,0.6988734006881714
201,4,1676.080810546875,34.479286193847656,1727.0379638671875,195.84715270996094,0.6362191438674927
201,8,953.4614868164062,38.895263671875,1126.15185546875,86.2591552734375,0.5585193634033203
201,9,952.3276977539062,177.18923950195312,989.4545288085938,222.54263305664062,0.552945077419281
201,6,1118.4075927734375,31.113418579101562,1301.1300048828125,83.48863983154297,0.5392853021621704
201,7,1304.05419921875,41.763153076171875,1489.4158935546875,179.5276336669922,0.45022547245025635
201,15,1304.2777099609375,42.220848083496094,1488.866455078125,86.09239196777344,0.4490668475627899
201,12,1118.37060546875,31.960533142089844,1300.9871826171875,196.0865020751953,0.40693560242652893
201,11,1097.5723876953125,78.01421356201172,1130.2354736328125,172.6314239501953,0.40540316700935364
201,5,1213.9478759765625,68.02079772949219,1265.7451171875,191.28057861328125,0.3886561989784241
201,20,186.42660522460938,75.84886169433594,217.1512908935547,134.0196533203125,0.3699283003807068
201,10,1081.2857666015625,176.90570068359375,1182.1585693359375,296.6999206542969,0.3218194544315338
202,1,0.46893310546875,258.96002197265625,140.58714294433594,470.5551452636719,0.9079889059066772
202,2,267.51947021484375,112.70347595214844,518.9296875,245.87924194335938,0.9022842645645142
202,3,0.435699462890625,117.44132995605469,268.1669616699219,222.20013427734375,0.8790844678878784
202,19,811.634765625,180.56483459472656,876.492919921875,315.2915954589844,0.7529093027114868
202,14,1066.8487548828125,79.20648193359375,1105.0408935546875,175.51364135742188,0.6725673079490662
202,4,1676.7652587890625,34.30833435058594,1726.6431884765625,193.9400634765625,0.6483099460601807
202,8,952.9296264648438,39.082801818847656,1126.1539306640625,86.14082336425781,0.5575057864189148
202,6,1118.6173095703125,31.095497131347656,1301.4847412109375,83.46673583984375,0.5393030643463135
202,9,952.0673828125,177.32276916503906,989.3319091796875,222.5869903564453,0.519363284111023
202,20,187.10049438476562,76.06617736816406,219.9564971923828,135.65322875976562,0.47420212626457214
202,7,1304.2357177734375,41.73360824584961,1489.3582763671875,179.5113525390625,0.4664411246776581
202,15,1304.138671875,42.1212272644043,1488.7496337890625,86.07074737548828,0.43673771619796753
202,11,1097.7938232421875,77.91114807128906,1131.66943359375,172.50054931640625,0.40957140922546387
202,12,1118.6396484375,31.982093811035156,1301.3154296875,197.05752563476562,0.4087066352367401
202,25,974.6356201171875,186.88966369628906,1050.790283203125,287.56964111328125,0.3943418264389038
202,10,1080.777587890625,176.58238220214844,1182.604736328125,296.96954345703125,0.35596129298210144
202,5,1214.0333251953125,68.06277465820312,1265.7012939453125,192.1470947265625,0.34031906723976135
202,22,954.3325805664062,39.55101013183594,1119.848876953125,179.9608154296875,0.3062545657157898
203,1,0.46245574951171875,258.968017578125,140.56436157226562,470.5394287109375,0.9077740907669067
203,2,267.51580810546875,112.65612030029297,518.8986206054688,245.93661499023438,0.8997856378555298
203,3,0.397064208984375,118.76921081542969,267.91278076171875,222.21185302734375,0.8780413866043091
203,19,808.2068481445312,178.46316528320312,869.7041015625,314.40216064453125,0.7967808246612549
203,14,1066.849853515625,78.88359832763672,1104.7657470703125,175.0817413330078,0.6586048603057861
203,4,1676.6239013671875,34.35346984863281,1726.6776123046875,194.197265625,0.649051308631897
203,8,953.3003540039062,39.12981033325195,1126.548828125,86.16300964355469,0.5548059940338135
203,6,1118.2174072265625,31.069896697998047,1301.802978515625,83.66253662109375,0.5432913303375244
203,9,951.7758178710938,176.6436309814453,989.6193237304688,222.29310607910156,0.5264571309089661
203,7,1304.216064453125,41.73262405395508,1489.364990234375,180.0567169189453,0.4887956976890564
203,11,1097.8106689453125,77.84028625488281,1134.506103515625,172.2960662841797,0.47520318627357483
203,15,1304.1724853515625,42.062599182128906,1488.75048828125,86.1016616821289,0.4245032072067261
203,12,1118.354736328125,31.97003746032715,1301.71728515625,196.96275329589844,0.4105193316936493
203,5,1213.8876953125,68.01988220214844,1265.790771484375,192.12643432617188,0.3656311333179474
203,25,974.7471313476562,187.02943420410156,1050.8035888671875,287.7408142089844,0.363395094871521
203,10,1080.9259033203125,176.7908935546875,1182.587158203125,297.0297546386719,0.33523717522621155
204,1,0.46799468994140625,258.9877624511719,140.26173400878906,470.1378479003906,0.9080932140350342
204,2,267.3855285644531,112.77381134033203,519.17236328125,245.9006805419922,0.9004510045051575
204,3,0.3686370849609375,119.01578521728516,267.4953308105469,222.0214385986328,0.880078136920929
204,19,802.0919189453125,174.4031982421875,860.6642456054688,313.6985168457031,0.7938161492347717
204,14,1067.2860107421875,78.8397445678711,1104.2645263671875,174.82736206054688,0.6684176325798035
204,4,1677.07470703125,34.92485046386719,1726.4505615234375,194.5220947265625,0.6668050289154053
204,6,1117.861572265625,30.73641586303711,1301.6156005859375,83.5846939086914,0.5672236680984497
204,8,952.4945068359375,39.52819061279297,1126.2711181640625,86.36588287353516,0.5474931001663208
204,11,1097.8992919921875,77.7059097290039,1131.9041748046875,171.5358123779297,0.5369755029678345
204,7,1303.840576171875,41.559791564941406,1490.319580078125,180.1300048828125,0.5186298489570618
204,9,951.8888549804688,175.99310302734375,989.3253173828125,222.60397338867188,0.5048926472663879
204,5,1213.716796875,67.5047836303711,1266.0526123046875,191.43516540527344,0.46343258023262024
204,10,1080.8966064453125,176.1294708251953,1182.5113525390625,296.88934326171875,0.4425375759601593
204,15,1305.569580078125,41.87467575073242,1490.0955810546875,87.58548736572266,0.40869051218032837
204,12,1117.9559326171875,31.564476013183594,1301.5579833984375,195.5576934814453,0.4002300500869751
204,25,975.2764892578125,187.2176971435547,1050.232177734375,287.5263366699219,0.35323071479797363
205,1,0.47339630126953125,258.9092102050781,140.25372314453125,470.0803527832031,0.9088191390037537
205,2,267.30682373046875,112.66925811767578,519.0501708984375,245.87632751464844,0.9016816020011902
205,3,0.38312530517578125,118.79729461669922,267.156005859375,222.09408569335938,0.8795776963233948
205,19,797.1161499023438,174.08834838867188,857.4732055664062,314.1014099121094,0.8331752419471741
205,4,1677.090087890625,34.944305419921875,1726.568115234375,195.01571655273438,0.6740109324455261
205,14,1067.3203125,79.12564086914062,1104.472412109375,174.88352966308594,0.661727786064148
205,6,1117.96630859375,30.96456527709961,1301.8778076171875,83.82777404785156,0.576129138469696
205,8,952.7191772460938,39.51097106933594,1125.8511962890625,86.00983428955078,0.5528231859207153
205,7,1303.843994140625,41.543312072753906,1490.3240966796875,180.108642578125,0.5339548587799072
205,11,1098.070068359375,77.56839752197266,1131.4051513671875,171.4474639892578,0.5291888117790222
205,9,952.1976928710938,175.59292602539062,989.0403442382812,222.56016540527344,0.5195927619934082
205,5,1213.9720458984375,67.66504669189453,1266.2117919921875,191.42254638671875,0.5094645619392395
205,20,193.8204345703125,77.44184875488281,222.42965698242188,138.8054962158203,0.49100738763809204
205,10,1080.9976806640625,176.2104949951172,1182.4237060546875,296.8462219238281,0.45570844411849976
205,15,1305.597900390625,41.69486618041992,1489.693359375,89.27152252197266,0.40496543049812317
205,12,1118.0498046875,31.768020629882812,1301.923583984375,195.7320556640625,0.3925733268260956
205,25,975.271728515625,186.9990692138672,1050.1688232421875,287.5358581542969,0.36582842469215393
206,1,0.4644813537597656,258.96826171875,140.33941650390625,470.0797119140625,0.9081788063049316
206,2,267.3634338378906,112.6678695678711,519.06005859375,245.9374237060547,0.9024816155433655
206,3,0.35272979736328125,118.91651916503906,267.2872619628906,222.1110076904297,0.8765923380851746
206,19,791.29248046875,170.4609832763672,855.4486083984375,313.35894775390625,0.8458788990974426
206,4,1677.1527099609375,34.89715576171875,1726.9156494140625,193.96299743652344,0.660419762134552
206,14,1067.351806640625,78.9159164428711,1104.585693359375,174.8867950439453,0.6060094237327576
206,8,953.6658935546875,39.57846450805664,1126.3131103515625,86.02279663085938,0.5571126341819763
206,6,1118.2076416015625,31.07918930053711,1302.0177001953125,83.8337631225586,0.5543578267097473
206,7,1303.846435546875,41.382408142089844,1490.3404541015625,181.35855102539062,0.5366962552070618
206,11,1097.2919921875,77.9344482421875,1129.0638427734375,171.96104431152344,0.5313783884048462
206,9,952.1187744140625,175.38510131835938,990.104736328125,222.64956665039062,0.5167083144187927
206,10,1081.081298828125,176.0861358642578,1182.3382568359375,296.5726013183594,0.46816208958625793
206,12,1118.4423828125,32.012489318847656,1301.9385986328125,195.37985229492188,0.40926116704940796
206,15,1305.60986328125,41.51019287109375,1489.7645263671875,89.26908874511719,0.4068925082683563
206,5,1214.208984375,67.52037048339844,1265.9276123046875,190.73684692382812,0.39403578639030457
206,25,975.0968627929688,186.37156677246094,1050.4388427734375,287.830810546875,0.3681883215904236
206,20,195.48875427246094,77.27973175048828,223.41416931152344,134.40235900878906,0.3606026768684387
207,1,0.5037918090820312,259.3840026855469,140.53500366210938,470.25750732421875,0.9091282486915588
207,2,267.4424743652344,112.41279602050781,519.0776977539062,245.87832641601562,0.9016430974006653
207,3,0.4066314697265625,118.32463836669922,267.4836730957031,221.8054962158203,0.8776091933250427
207,19,781.0728149414062,166.9662322998047,851.3746948242188,312.1571350097656,0.8321684002876282
207,4,1677.7562255859375,34.56053924560547,1727.2789306640625,191.27467346191406,0.7031658291816711
207,20,198.02203369140625,76.4424819946289,226.24545288085938,137.88711547851562,0.5836196541786194
207,14,1067.395751953125,79.06622314453125,1104.2882080078125,174.5518341064453,0.579365611076355
207,8,954.1506958007812,39.403324127197266,1125.7406005859375,86.18138885498047,0.5635283589363098
207,6,1118.2607421875,31.186603546142578,1302.1568603515625,83.78364562988281,0.5559644103050232
207,9,952.224609375,175.844970703125,989.56201171875,222.28271484375,0.5423962473869324
207,7,1303.754150390625,41.176212310791016,1490.267578125,183.09933471679688,0.5417751669883728
207,11,1097.297119140625,78.10977172851562,1129.590087890625,172.08380126953125,0.5226725339889526
207,5,1214.0987548828125,67.4487533569336,1265.9765625,191.96746826171875,0.45508113503456116
207,10,1081.1376953125,175.49136352539062,1182.6572265625,296.8719787597656,0.4459596574306488
207,15,1305.5501708984375,41.31683349609375,1489.728271484375,89.4539794921875,0.4095776379108429
207,12,1118.42138671875,32.038856506347656,1302.28564453125,195.51466369628906,0.4030517339706421
207,25,974.9426879882812,186.04042053222656,1049.9993896484375,288.21160888671875,0.36296799778938293
207,22,955.4013061523438,39.48291778564453,1120.7744140625,175.3450927734375,0.3088560700416565
208,1,0.500152587890625,259.58258056640625,140.54745483398438,470.337890625,0.9087420701980591
208,2,267.5088806152344,112.29600524902344,519.1438598632812,245.97500610351562,0.9010539054870605
208,3,0.4072723388671875,118.89112091064453,267.5464172363281,221.66299438476562,0.8752445578575134
208,19,775.769775390625,169.26905822753906,843.3779907226562,310.26666259765625,0.8266898393630981
208,4,1677.6507568359375,34.43706130981445,1727.37158203125,191.79039001464844,0.6831507682800293
208,14,1067.397705078125,78.69831848144531,1104.3443603515625,175.2290496826172,0.6400514841079712
208,9,952.27001953125,175.3629150390625,989.5006713867188,222.372314453125,0.5880998373031616
208,8,954.9318237304688,39.51157760620117,1125.58642578125,86.3104019165039,0.5774378180503845
208,6,1118.4849853515625,31.175010681152344,1302.0648193359375,83.62998962402344,0.5595874190330505
208,11,1097.2679443359375,78.07754516601562,1129.3875732421875,172.42190551757812,0.5586491823196411
208,7,1303.8673095703125,41.17671585083008,1490.00830078125,182.58544921875,0.540736734867096
208,20,199.10733032226562,77.24031829833984,226.75048828125,138.90830993652344,0.4948112964630127
208,5,1214.038330078125,67.56431579589844,1266.0457763671875,192.00320434570312,0.4746113121509552
208,15,1305.6199951171875,41.382328033447266,1489.4549560546875,89.41077423095703,0.40810951590538025
208,10,1081.2349853515625,175.30673217773438,1182.540283203125,297.1117858886719,0.4048280119895935
208,12,1118.6827392578125,32.03638458251953,1302.1932373046875,195.8000946044922,0.4029602110385895
208,25,975.0272827148438,186.74281311035156,1049.697998046875,287.72967529296875,0.3524436354637146
209,1,0.5003585815429688,259.5972900390625,140.53866577148438,470.4203796386719,0.9091527462005615
209,2,267.5007019042969,112.42304992675781,519.0703125,245.94786071777344,0.9016167521476746
209,3,0.41017913818359375,118.83741760253906,267.524658203125,221.72914123535156,0.8753917813301086
209,19,776.7861938476562,173.43997192382812,838.3110961914062,311.0796203613281,0.8085964918136597
209,4,1677.257568359375,34.244239807128906,1727.377197265625,192.5863494873047,0.6740296483039856
209,14,1067.2830810546875,78.4877700805664,1104.2161865234375,175.79493713378906,0.662365734577179
209,9,951.8091430664062,175.00392150878906,989.6094360351562,222.41908264160156,0.6003727316856384
209,8,954.8270874023438,39.45490264892578,1125.5732421875,86.25780487060547,0.5810900330543518
209,11,1097.1396484375,78.30951690673828,1129.04248046875,173.01486206054688,0.5706415772438049
209,6,1118.4525146484375,31.250049591064453,1302.2110595703125,83.69369506835938,0.5587947368621826
209,7,1304.1947021484375,41.078800201416016,1489.9486083984375,182.77894592285156,0.5345070958137512
209,20,200.24771118164062,76.66312408447266,227.9688262939453,138.9696502685547,0.5055180191993713
209,5,1214.09765625,67.7709732055664,1265.8299560546875,191.88153076171875,0.47379517555236816
209,10,1081.2147216796875,175.30526733398438,1182.4127197265625,297.0619812011719,0.44635090231895447
209,15,1305.8880615234375,41.24966812133789,1489.348388671875,89.67559051513672,0.4176158607006073
209,12,1118.7337646484375,32.15895080566406,1302.373291015625,195.84754943847656,0.4103264808654785
209,25,975.104736328125,187.20021057128906,1049.7784423828125,287.1789855957031,0.3841586709022522
210,1,0.5180854797363281,259.63946533203125,140.61465454101562,470.3665771484375,0.9109748601913452
210,2,267.57073974609375,112.45967102050781,519.0328369140625,245.7688751220703,0.9017174243927002
210,3,0.38861846923828125,119.1790771484375,267.33941650390625,222.28065490722656,0.8771950006484985
210,19,771.3831176757812,176.08604431152344,823.8413696289062,309.4062805175781,0.7676295638084412
210,4,1677.30908203125,34.12799835205078,1728.0245361328125,191.35780334472656,0.6875094175338745
210,14,1067.2628173828125,78.34293365478516,1104.3995361328125,175.2333221435547,0.6037261486053467
210,20,200.83602905273438,75.08802795410156,228.4288330078125,142.2611541748047,0.5962224006652832
210,8,955.7005004882812,39.54951095581055,1125.6640625,85.99027252197266,0.5700538754463196
210,6,1118.68505859375,31.38259506225586,1301.73046875,83.68929290771484,0.5597749352455139
210,9,951.6502075195312,174.98350524902344,989.3406372070312,223.20945739746094,0.5596800446510315
210,7,1304.345947265625,41.662330627441406,1490.173095703125,182.6973419189453,0.5370489358901978
210,10,1081.0169677734375,175.32691955566406,1182.7099609375,296.5408020019531,0.4881659150123596
210,11,1097.6268310546875,78.18804931640625,1129.270751953125,172.13511657714844,0.4875611662864685
210,5,1214.09326171875,67.83753204345703,1265.9029541015625,191.33905029296875,0.47270846366882324
210,15,1305.9364013671875,41.93233108520508,1489.6585693359375,89.88016510009766,0.41360118985176086
210,12,1118.9791259765625,32.3338623046875,1301.7923583984375,195.4709930419922,0.40764257311820984
210,25,976.2588500976562,186.83200073242188,1050.1268310546875,287.1045837402344,0.3778129816055298
211,1,0.5098114013671875,259.55975341796875,140.578369140625,470.4233093261719,0.9111442565917969
211,2,267.5621643066406,112.48736572265625,518.9248657226562,245.75624084472656,0.9038493037223816
211,3,0.39312744140625,119.00360870361328,266.9824523925781,222.21044921875,0.8766142725944519
211,19,765.6639404296875,175.35621643066406,815.28076171875,309.4250183105469,0.7758745551109314
211,4,1677.3369140625,34.20474624633789,1727.99267578125,189.94798278808594,0.7098986506462097
211,14,1067.0718994140625,78.16209411621094,1104.6861572265625,175.5428466796875,0.6129132509231567
211,8,955.4747924804688,39.450965881347656,1125.44970703125,85.99507141113281,0.567369818687439
211,6,1118.6639404296875,31.145816802978516,1301.781494140625,83.82046508789062,0.5623597502708435
211,20,201.87799072265625,75.92269134521484,228.71795654296875,142.44091796875,0.5619639158248901
211,9,951.4097900390625,174.699462890625,989.560546875,223.2905731201172,0.5598278641700745
211,7,1304.45703125,41.5391960144043,1490.1373291015625,182.3157958984375,0.543792724609375
211,10,1081.09228515625,175.24021911621094,1182.77197265625,296.8792419433594,0.4953821897506714
211,5,1214.14501953125,68.01896667480469,1265.9378662109375,191.3842315673828,0.48617589473724365
211,11,1097.83154296875,77.81950378417969,1128.980712890625,172.05056762695312,0.4718255400657654
211,15,1305.9803466796875,41.83454513549805,1489.642822265625,89.9937515258789,0.4061473608016968
211,12,1118.9122314453125,32.08396911621094,1301.7979736328125,195.24838256835938,0.4059470295906067
211,25,976.0851440429688,186.7367401123047,1050.078369140625,286.6116027832031,0.3961959779262543
212,1,0.5075111389160156,259.49322509765625,140.6846466064453,470.5304260253906,0.9101388454437256
212,2,267.49420166015625,112.57963562011719,519.0302124023438,245.69403076171875,0.9041454195976257
212,3,0.34687042236328125,119.32354736328125,267.18133544921875,222.21336364746094,0.8754106163978577
212,19,760.205810546875,176.46849060058594,814.7461547851562,311.3240051269531,0.7614291906356812
212,4,1677.517578125,34.54147720336914,1728.0616455078125,189.54881286621094,0.6938714981079102
212,14,1067.277099609375,78.35275268554688,1104.6624755859375,175.35275268554688,0.6285763382911682
212,8,955.6339111328125,39.559879302978516,1125.3814697265625,85.94348907470703,0.5586006045341492
212,6,1118.9857177734375,31.036022186279297,1302.0948486328125,83.9703598022461,0.5539416074752808
212,7,1304.39208984375,41.492637634277344,1490.24267578125,182.91915893554688,0.5503305792808533
212,20,204.27561950683594,78.28175354003906,232.74343872070312,141.974853515625,0.5414242744445801
212,9,951.8031005859375,174.8741455078125,989.5616455078125,223.38592529296875,0.5377907752990723
212,11,1098.188720703125,77.57002258300781,1129.462646484375,171.8126678466797,0.527903139591217
212,10,1081.2049560546875,175.03831481933594,1182.6834716796875,297.1351013183594,0.5152820944786072
212,5,1214.056640625,67.80752563476562,1265.7359619140625,191.47789001464844,0.44289928674697876
212,12,1119.246826171875,32.005374908447266,1302.065185546875,195.20919799804688,0.411842942237854
212,15,1305.97900390625,41.676395416259766,1489.7117919921875,90.07835388183594,0.40203073620796204
212,25,976.162353515625,186.47305297851562,1050.2486572265625,286.65997314453125,0.38428327441215515
213,1,0.5000839233398438,259.367431640625,140.67935180664062,470.5414123535156,0.9093368649482727
213,2,267.5373840332031,112.74730682373047,519.0115356445312,245.74147033691406,0.9041099548339844
213,3,0.35836029052734375,119.6741714477539,267.16021728515625,222.31558227539062,0.8723052740097046
213,19,751.9612426757812,179.3562469482422,801.2464599609375,311.4269104003906,0.7790529131889343
213,4,1677.521484375,34.55351257324219,1728.03369140625,189.49053955078125,0.7012866139411926
213,14,1067.176513671875,78.5079345703125,1104.89111328125,174.68563842773438,0.6161353588104248
213,11,1098.7413330078125,77.77569580078125,1129.924560546875,171.7060089111328,0.5839459896087646
213,8,955.7191772460938,39.54620361328125,1125.0433349609375,86.039794921875,0.5588710904121399
213,7,1304.5272216796875,41.559471130371094,1490.202392578125,182.07025146484375,0.5556213855743408
213,6,1119.05029296875,31.036216735839844,1302.1964111328125,84.04125213623047,0.5507320761680603
213,9,951.7958374023438,175.06068420410156,989.5587768554688,223.75502014160156,0.5466375350952148
213,20,206.92758178710938,78.61111450195312,234.72308349609375,141.11746215820312,0.5252043604850769
213,10,1081.2613525390625,175.0604248046875,1182.619384765625,296.89019775390625,0.5193256735801697
213,5,1214.1082763671875,67.94318389892578,1265.6220703125,191.19577026367188,0.4256884455680847
213,12,1119.5419921875,31.387802124023438,1302.4493408203125,193.70742797851562,0.4166955351829529
213,15,1306.0924072265625,41.76164627075195,1489.631103515625,89.98667907714844,0.3941807448863983
213,25,976.1803588867188,186.45318603515625,1050.37353515625,286.4953308105469,0.38723814487457275
214,1,0.50830078125,259.50604248046875,140.68521118164062,470.53948974609375,0.9099180102348328
214,2,267.5677490234375,112.72984313964844,518.9585571289062,245.6572723388672,0.9038539528846741
214,3,0.36005401611328125,119.49490356445312,267.4186096191406,222.30702209472656,0.8740082383155823
214,19,747.4423217773438,177.31736755371094,799.6153564453125,309.8913879394531,0.7744479775428772
214,4,1677.3475341796875,34.648319244384766,1727.9835205078125,188.94525146484375,0.7095969319343567
214,14,1067.1522216796875,78.53640747070312,1105.0909423828125,174.31031799316406,0.618285596370697
214,20,206.8553924560547,78.01256561279297,236.77345275878906,142.91763305664062,0.5946307182312012
214,8,956.1156005859375,39.60063171386719,1124.8323974609375,86.25027465820312,0.5610880255699158
214,6,1118.544189453125,31.084224700927734,1302.1552734375,83.99996185302734,0.5580995678901672
214,7,1304.5091552734375,41.58397674560547,1490.19384765625,181.60267639160156,0.5558156967163086
214,11,1098.9466552734375,77.71705627441406,1130.1712646484375,170.82293701171875,0.5501655340194702
214,9,952.10302734375,174.80653381347656,989.6193237304688,223.7135467529297,0.548029899597168
214,10,1081.307373046875,175.07318115234375,1182.739013671875,296.99432373046875,0.5097396969795227
214,5,1214.108642578125,67.98335266113281,1265.719482421875,190.98895263671875,0.4323979318141937
214,12,1118.826416015625,32.039520263671875,1302.161865234375,194.65145874023438,0.41002988815307617
214,25,976.1896362304688,186.34616088867188,1050.27001953125,286.26214599609375,0.407192200422287
214,15,1306.1148681640625,41.7451171875,1489.61328125,89.84735870361328,0.3945530652999878
214,22,957.090087890625,39.76359558105469,1119.6514892578125,178.60104370117188,0.3100264072418213
215,1,0.5059661865234375,259.56634521484375,140.6879425048828,470.5262145996094,0.9094594120979309
215,2,267.56378173828125,112.66593933105469,518.8870239257812,245.67091369628906,0.9035910964012146
215,3,0.35977935791015625,119.41944885253906,267.4208679199219,222.34835815429688,0.8740627765655518
215,19,734.285400390625,165.56231689453125,799.9171142578125,308.1964416503906,0.8232229948043823
215,4,1676.7586669921875,34.703773498535156,1728.0908203125,189.87094116210938,0.6991022229194641
215,20,206.7799072265625,75.38545989990234,239.05490112304688,141.3939208984375,0.6240979433059692
215,14,1067.2457275390625,78.56806182861328,1105.0528564453125,174.6184539794922,0.6105440855026245
215,8,955.5778198242188,39.61941146850586,1124.985107421875,86.14490509033203,0.5541309118270874
215,9,952.0765380859375,175.02859497070312,989.6688232421875,223.71615600585938,0.5507753491401672
215,7,1304.3677978515625,41.56686782836914,1490.212646484375,181.6450653076172,0.5486294627189636
215,6,1118.329833984375,31.305953979492188,1302.3162841796875,83.95340728759766,0.5428034663200378
215,11,1098.481689453125,77.91618347167969,1129.326904296875,170.07843017578125,0.5291721224784851
215,10,1081.1068115234375,175.06500244140625,1182.834716796875,297.1299133300781,0.5076858401298523
215,12,1118.640380859375,32.269615173339844,1302.3167724609375,194.86614990234375,0.4189722239971161
215,25,976.2474975585938,186.2552032470703,1050.2923583984375,286.2243347167969,0.4034932255744934
215,15,1306.0679931640625,41.73387908935547,1489.66455078125,89.43660736083984,0.39583924412727356
215,5,1214.13623046875,67.82439422607422,1265.482666015625,190.88865661621094,0.36698833107948303
215,22,956.4141235351562,39.66986846923828,1120.1748046875,180.14016723632812,0.3296922445297241
216,1,0.5171012878417969,259.99261474609375,140.7847137451172,471.2386779785156,0.9102073907852173
216,2,267.35540771484375,113.45144653320312,518.5692138671875,245.9146270751953,0.8983500599861145
216,3,0.31340789794921875,119.58147430419922,267.5225524902344,222.73072814941406,0.8749781250953674
216,19,727.3118286132812,165.84727478027344,800.2008056640625,306.6687927246094,0.8485639691352844
216,20,208.11685180664062,74.47212982177734,241.63265991210938,141.1332244873047,0.6821803450584412
216,14,1067.246826171875,78.79508972167969,1104.856689453125,175.08897399902344,0.6817964315414429
216,4,1677.6961669921875,34.7203254699707,1727.3074951171875,192.3102264404297,0.5943310856819153
216,9,952.13232421875,174.37774658203125,989.322509765625,223.8460693359375,0.5715686082839966
216,8,955.004150390625,39.337867736816406,1125.39404296875,86.13166809082031,0.561642587184906
216,10,1081.064208984375,174.80850219726562,1183.9771728515625,295.95330810546875,0.5489692091941833
216,7,1304.7313232421875,41.727210998535156,1489.4462890625,182.3013153076172,0.5483558177947998
216,6,1118.54345703125,31.353343963623047,1302.5028076171875,83.53876495361328,0.5307575464248657
216,11,1098.4920654296875,78.0677719116211,1128.8941650390625,168.9066925048828,0.45442187786102295
216,25,975.6559448242188,186.7968292236328,1049.0350341796875,285.5326843261719,0.445615291595459
216,12,1119.0908203125,31.72159767150879,1302.6654052734375,195.12510681152344,0.4284142553806305
216,15,1306.1800537109375,41.966583251953125,1488.9951171875,89.19120025634766,0.3749959468841553
217,1,0.5199851989746094,259.960693359375,140.74478149414062,471.2350158691406,0.9104980826377869
217,2,267.3661193847656,113.31944274902344,518.5646362304688,245.87338256835938,0.8986977934837341
217,3,0.317138671875,119.5440444946289,267.622802734375,222.7154998779297,0.8750930428504944
217,19,723.7061157226562,169.72825622558594,793.1708374023438,306.5329895019531,0.7901996970176697
217,20,208.58985900878906,74.47989654541016,243.94894409179688,140.87049865722656,0.6650109887123108
217,14,1067.2529296875,78.8214111328125,1104.7716064453125,174.75257873535156,0.632001519203186
217,4,1677.61669921875,34.553653717041016,1727.4228515625,192.42613220214844,0.6044731736183167
217,9,952.3899536132812,174.5221710205078,989.2159423828125,223.65330505371094,0.5722626447677612
217,10,1081.1597900390625,174.92999267578125,1183.910888671875,296.4052734375,0.5683612823486328
217,8,954.6497192382812,39.4123649597168,1125.740478515625,86.02023315429688,0.5635586977005005
217,7,1304.7894287109375,41.82829666137695,1489.246337890625,181.56248474121094,0.546014666557312
217,6,1118.4442138671875,31.182289123535156,1302.4798583984375,83.56594848632812,0.5427653789520264
217,25,975.6596069335938,186.73416137695312,1049.200927734375,285.453369140625,0.4597643315792084
217,12,1118.65869140625,32.146751403808594,1302.3372802734375,196.95584106445312,0.4231821298599243
217,15,1306.2305908203125,42.08811950683594,1488.787841796875,88.98193359375,0.3729020059108734
217,11,1098.205810546875,78.00192260742188,1128.27978515625,161.32713317871094,0.3233461380004883
218,1,0.51580810546875,259.838623046875,140.76361083984375,471.1681823730469,0.9096920490264893
218,2,267.2911682128906,113.17926025390625,518.55224609375,245.9246063232422,0.8990572690963745
218,3,0.31894683837890625,119.38934326171875,267.6700744628906,222.76748657226562,0.8762980699539185
218,19,714.3486328125,169.96041870117188,786.61962890625,308.30072021484375,0.7954536080360413
218,20,210.6464080810547,77.4085464477539,245.6602020263672,142.22998046875,0.6705289483070374
218,14,1067.1796875,79.03848266601562,1104.5870361328125,174.92811584472656,0.6627792716026306
218,4,1677.2698974609375,34.456695556640625,1727.4862060546875,192.57984924316406,0.6136838793754578
218,9,952.2449340820312,174.93980407714844,989.2044067382812,223.18658447265625,0.561160683631897
218,8,954.7584228515625,39.26407241821289,1125.93798828125,86.0563735961914,0.5606110692024231
218,7,1304.7587890625,41.75122833251953,1488.92626953125,182.1709442138672,0.5458292365074158
218,10,1081.1201171875,175.1107635498047,1183.500732421875,296.5543212890625,0.5434274673461914
218,6,1118.4071044921875,31.26174545288086,1302.75146484375,83.80390167236328,0.5312148332595825
218,12,1118.759033203125,32.30834197998047,1302.573486328125,196.640625,0.43571701645851135
218,25,975.5480346679688,186.67588806152344,1049.2794189453125,285.7265930175781,0.42228764295578003
218,15,1306.1878662109375,42.03079605102539,1488.5269775390625,89.11725616455078,0.3681696951389313
218,11,1097.8699951171875,78.2479019165039,1127.9586181640625,169.82826232910156,0.3596911132335663
219,1,0.52203369140625,259.87371826171875,140.66062927246094,471.148681640625,0.9094933271408081
219,2,267.3143005371094,112.96493530273438,518.5479125976562,245.9856719970703,0.8981100916862488
219,3,0.32544708251953125,119.51165771484375,267.55706787109375,222.83299255371094,0.8736521601676941
219,19,706.092041015625,173.1540985107422,777.7164916992188,306.1630859375,0.7262228727340698
219,14,1066.98681640625,79.06668090820312,1104.4208984375,174.62974548339844,0.6499956250190735
219,20,210.9282684326172,75.63091278076172,248.3538360595703,143.53367614746094,0.6216418743133545
219,4,1676.747314453125,34.57276153564453,1727.8004150390625,192.92950439453125,0.6185353398323059
219,8,954.5878295898438,39.37676239013672,1125.73486328125,85.89505004882812,0.5613152384757996
219,9,952.1221313476562,175.2029571533203,989.0411376953125,223.0308380126953,0.5454204678535461
219,7,1304.940673828125,41.73788833618164,1488.7159423828125,181.75941467285156,0.541114091873169
219,10,1081.34765625,175.11488342285156,1183.6629638671875,296.8147888183594,0.5379163026809692
219,6,1118.33203125,31.287792205810547,1302.7254638671875,83.78490447998047,0.5299897193908691
219,12,1118.720458984375,32.28849792480469,1302.5906982421875,196.87229919433594,0.43002673983573914
219,11,1098.627685546875,77.975830078125,1131.7578125,168.1021270751953,0.4118107557296753
219,25,975.6002807617188,186.7522430419922,1049.4022216796875,285.708251953125,0.4040758013725281
219,15,1306.328369140625,42.108882904052734,1488.317626953125,89.02155303955078,0.3676798343658447
219,26,602.3693237304688,105.33416748046875,646.0004272460938,160.55877685546875,0.31437185406684875
220,1,0.522216796875,259.8141174316406,140.68727111816406,471.1539001464844,0.9095956683158875
220,2,267.30633544921875,113.0145034790039,518.55712890625,246.0624542236328,0.8982865214347839
220,3,0.326019287109375,119.3896713256836,267.5769348144531,222.83290100097656,0.8749962449073792
220,19,705.024658203125,177.04971313476562,757.9260864257812,304.0513000488281,0.7828332781791687
220,20,212.2027587890625,76.99795532226562,250.2352294921875,144.62962341308594,0.6312425136566162
220,14,1066.9281005859375,79.25342559814453,1104.48779296875,174.39309692382812,0.6237662434577942
220,4,1676.7137451171875,34.403324127197266,1727.9766845703125,193.0066680908203,0.6165279150009155
220,8,953.8447265625,39.42729949951172,1125.2490234375,85.81061553955078,0.5591786503791809
220,9,952.3610229492188,175.10801696777344,989.0498657226562,223.0799102783203,0.5527344942092896
220,7,1305.1270751953125,41.767616271972656,1488.5582275390625,181.64012145996094,0.544154703617096
220,10,1081.375244140625,174.93605041503906,1183.552490234375,296.8616638183594,0.5428988933563232
220,6,1118.3232421875,31.21688461303711,1302.93310546875,83.7228775024414,0.5287088751792908
220,12,1118.750732421875,32.25249481201172,1302.8262939453125,196.80303955078125,0.4283671975135803
220,11,1098.69091796875,77.8509292602539,1132.98583984375,167.23086547851562,0.4057905972003937
220,25,975.7850341796875,186.7375030517578,1049.386474609375,285.69464111328125,0.38762956857681274
220,15,1306.4173583984375,42.14989471435547,1488.122802734375,89.20747375488281,0.36981499195098877
221,1,0.5181884765625,259.8749084472656,140.7176055908203,471.2015075683594,0.9092435240745544
221,2,267.2486572265625,112.98946380615234,518.5596923828125,246.1063995361328,0.8981618285179138
221,3,0.34037017822265625,119.25943756103516,267.5672912597656,222.8411865234375,0.8742804527282715
221,19,705.90380859375,175.33213806152344,748.52001953125,304.0413513183594,0.7713209390640259
221,4,1676.6514892578125,34.394073486328125,1728.2293701171875,191.4554901123047,0.6450519561767578
221,14,1066.968505859375,79.29368591308594,1104.505126953125,174.2537841796875,0.6257973909378052
221,20,212.78549194335938,76.66252899169922,254.72021484375,146.037841796875,0.6039402484893799
221,8,953.6460571289062,39.41319274902344,1124.8887939453125,85.82549285888672,0.5607985258102417
221,9,952.3275146484375,175.5149688720703,988.86474609375,222.98460388183594,0.5471133589744568
221,7,1305.113525390625,41.802452087402344,1488.6070556640625,181.3622589111328,0.5439943671226501
221,10,1081.359375,174.7789306640625,1183.59619140625,296.8912353515625,0.5388123393058777
221,6,1118.07275390625,31.383899688720703,1302.9385986328125,83.73538970947266,0.5249084234237671
221,12,1118.5418701171875,32.42958068847656,1302.788818359375,196.7450408935547,0.42510277032852173
221,11,1100.2071533203125,77.82426452636719,1133.101318359375,164.22227478027344,0.39457064867019653
221,25,975.7985229492188,186.6975860595703,1049.4517822265625,285.708740234375,0.38571569323539734
221,15,1306.3912353515625,42.197296142578125,1488.1307373046875,89.15192413330078,0.36599594354629517
222,1,0.5168609619140625,259.8485412597656,140.69427490234375,471.1855773925781,0.9093582630157471
222,2,267.322265625,112.96925354003906,518.5444946289062,245.99917602539062,0.9012240767478943
222,3,0.34375762939453125,119.35228729248047,267.3643493652344,222.76828002929688,0.8736966848373413
222,19,705.8344116210938,176.68226623535156,747.851806640625,303.078857421875,0.7739531993865967
222,4,1676.7218017578125,34.465362548828125,1728.5465087890625,191.74591064453125,0.646755576133728
222,14,1067.019287109375,79.21380615234375,1104.5042724609375,174.08065795898438,0.624934196472168
222,20,213.28656005859375,77.51154327392578,255.81500244140625,145.28233337402344,0.5837141275405884
222,8,954.1371459960938,39.47630310058594,1124.27978515625,85.87042236328125,0.562047004699707
222,10,1081.373046875,174.97828674316406,1183.3155517578125,296.9850158691406,0.5593407154083252
222,7,1305.2275390625,41.884464263916016,1488.579833984375,181.60574340820312,0.5363308787345886
222,9,952.1824951171875,175.456787109375,988.8242797851562,222.9525604248047,0.5291049480438232
222,6,1117.660888671875,31.54010009765625,1302.76513671875,83.71357727050781,0.5045232772827148
222,11,1100.138671875,77.56997680664062,1133.93115234375,167.3822021484375,0.4721098244190216
222,12,1118.1910400390625,32.55773162841797,1302.619384765625,196.87527465820312,0.4311419725418091
222,25,975.983642578125,186.5343475341797,1049.3115234375,285.69281005859375,0.3925652801990509
222,15,1306.4864501953125,42.282005310058594,1488.0860595703125,88.90985870361328,0.3685801923274994
223,1,0.5209465026855469,259.81640625,140.66021728515625,471.16424560546875,0.9096715450286865
223,2,267.34307861328125,112.97164154052734,518.7212524414062,246.0494842529297,0.9013345241546631
223,3,0.35913848876953125,119.07230377197266,267.42608642578125,222.7298583984375,0.8746541142463684
223,19,697.2240600585938,176.41598510742188,740.4986572265625,301.9386291503906,0.767636239528656
223,4,1676.8477783203125,34.33399200439453,1728.294189453125,190.35914611816406,0.6508135795593262
223,14,1066.9332275390625,79.34127044677734,1104.4962158203125,174.6193084716797,0.6367691159248352
223,20,215.93289184570312,77.93360137939453,256.31341552734375,146.8233184814453,0.5904015898704529
223,8,954.5802612304688,39.62482833862305,1124.462890625,85.9408950805664,0.5631999969482422
223,9,951.9812622070312,175.24667358398438,989.0227661132812,223.29574584960938,0.5424381494522095
223,10,1081.0308837890625,175.13682556152344,1183.426513671875,297.0323181152344,0.5401603579521179
223,7,1305.1385498046875,41.938385009765625,1488.5791015625,181.96812438964844,0.5325255990028381
223,6,1117.534423828125,31.442447662353516,1302.9796142578125,83.6932144165039,0.4958733916282654
223,11,1100.298095703125,77.66846466064453,1132.865966796875,168.98040771484375,0.4717549681663513
223,12,1118.3603515625,31.863550186157227,1303.161376953125,194.70835876464844,0.4430869519710541
223,25,975.9248657226562,186.8891143798828,1049.405029296875,286.00189208984375,0.38376274704933167
223,15,1306.4356689453125,42.381229400634766,1488.0396728515625,88.98028564453125,0.37304598093032837
223,26,601.3558959960938,104.82920837402344,646.998046875,160.7948455810547,0.33541759848594666
224,1,0.5138511657714844,259.82574462890625,140.66517639160156,471.08642578125,0.9099596738815308
224,2,267.3836975097656,113.01091766357422,518.612060546875,245.98338317871094,0.9021487832069397
224,3,0.35886383056640625,119.01181030273438,267.76361083984375,222.6573028564453,0.8754988312721252
224,19,689.6445922851562,172.69422912597656,737.306396484375,303.59197998046875,0.8281905651092529
224,4,1676.8016357421875,34.31394577026367,1728.47802734375,190.2548828125,0.6765967607498169
224,14,1067.148193359375,79.01751708984375,1104.65185546875,174.8829345703125,0.6621014475822449
224,8,954.81005859375,39.487728118896484,1124.7982177734375,85.9350814819336,0.5704938173294067
224,9,952.1380004882812,175.01939392089844,989.1410522460938,222.96556091308594,0.553311824798584
224,20,216.0802001953125,76.94210815429688,250.71194458007812,144.31333923339844,0.5377933979034424
224,7,1305.06884765625,41.92927551269531,1488.204833984375,182.16329956054688,0.5270695686340332
224,10,1080.9510498046875,175.42771911621094,1183.053955078125,297.38427734375,0.5170841217041016
224,6,1117.387451171875,31.485008239746094,1302.849853515625,83.57427978515625,0.49501386284828186
224,11,1100.7088623046875,77.19152069091797,1132.4285888671875,169.88424682617188,0.47294870018959045
224,12,1118.118408203125,31.92909049987793,1302.9630126953125,194.5842742919922,0.4479884207248688
224,25,976.0902099609375,186.78355407714844,1049.033935546875,286.1547546386719,0.3799148499965668
224,15,1306.329345703125,42.424415588378906,1487.7066650390625,88.80919647216797,0.3732244074344635
224,26,601.0149536132812,104.89741516113281,647.43603515625,161.06781005859375,0.36838456988334656
225,1,0.5062408447265625,259.63470458984375,140.6583251953125,471.0594482421875,0.9092539548873901
225,2,267.34405517578125,112.92158508300781,518.5224609375,245.95440673828125,0.9020563364028931
225,3,0.36090087890625,118.94573211669922,267.8892517089844,222.6390838623047,0.8770931363105774
225,19,683.1681518554688,170.2756805419922,739.69775390625,303.54119873046875,0.7770910859107971
225,4,1676.7872314453125,34.232276916503906,1728.5145263671875,190.1583709716797,0.6898421049118042
225,14,1066.9639892578125,78.44995880126953,1104.6002197265625,174.910400390625,0.6540631055831909
225,20,217.72325134277344,77.24569702148438,253.82423400878906,144.57000732421875,0.5852605104446411
225,8,954.823974609375,39.542842864990234,1124.643798828125,85.9621353149414,0.5728201866149902
225,9,952.2617797851562,174.72866821289062,989.0835571289062,223.0312957763672,0.5514757037162781
225,7,1304.899169921875,41.795562744140625,1488.4451904296875,182.12307739257812,0.5323042869567871
225,10,1080.7017822265625,175.8925323486328,1182.9935302734375,296.7174072265625,0.5229053497314453
225,6,1117.12060546875,31.424468994140625,1302.7510986328125,83.68274688720703,0.49897322058677673
225,11,1100.6751708984375,77.25434875488281,1132.04052734375,169.564453125,0.44753411412239075
225,12,1117.6629638671875,31.87067413330078,1302.7554931640625,194.7915802001953,0.44586464762687683
225,26,600.9021606445312,104.89839935302734,647.3612060546875,161.1588134765625,0.39288389682769775
225,25,976.13232421875,186.89620971679688,1049.4918212890625,286.3099365234375,0.3762381672859192
225,15,1306.1785888671875,42.284996032714844,1487.84765625,88.9134521484375,0.3679584860801697
226,1,0.5026702880859375,259.6689453125,140.58956909179688,471.059814453125,0.9096465110778809
226,2,267.3511047363281,112.63104248046875,518.5963134765625,246.03089904785156,0.9010461568832397
226,3,0.361907958984375,118.80599212646484,268.02044677734375,222.57139587402344,0.8769364953041077
226,19,677.8673095703125,167.9835662841797,739.2228393554688,304.27874755859375,0.775344729423523
226,4,1676.615478515625,34.205238342285156,1728.38232421875,191.12525939941406,0.6864960193634033
226,14,1066.888916015625,78.53968048095703,1104.5072021484375,175.052001953125,0.6510641574859619
226,20,217.9932403564453,76.75381469726562,254.9026336669922,146.14849853515625,0.6008325219154358
226,9,952.3284912109375,175.0591278076172,988.9497680664062,222.919189453125,0.5780237913131714
226,8,955.201904296875,39.52945327758789,1124.5526123046875,86.02871704101562,0.5703719854354858
226,7,1304.7066650390625,41.66304016113281,1488.5679931640625,182.64747619628906,0.5320412516593933
226,10,1080.6939697265625,175.97067260742188,1182.8583984375,297.294921875,0.5120073556900024
226,6,1117.0081787109375,31.362361907958984,1302.7371826171875,83.63884735107422,0.5059630274772644
226,11,1100.5609130859375,77.20223236083984,1131.859619140625,169.69854736328125,0.46538132429122925
226,12,1117.6844482421875,31.807205200195312,1302.8719482421875,194.3479766845703,0.43808168172836304
226,26,600.9805297851562,104.94445037841797,647.11083984375,161.06585693359375,0.4270128607749939
226,15,1306.0379638671875,42.12118148803711,1487.9847412109375,89.0446548461914,0.36681297421455383
226,25,976.0237426757812,186.76629638671875,1049.60888671875,286.7394104003906,0.3572070002555847
227,1,0.5017547607421875,259.6410217285156,140.51651000976562,471.0062561035156,0.9094982743263245
227,2,267.4405517578125,112.56884765625,518.50341796875,246.0509490966797,0.9000277519226074
227,3,0.36417388916015625,118.77759552001953,268.1382751464844,222.5855712890625,0.8776109218597412
227,19,669.4310302734375,166.5902862548828,734.898193359375,303.6856994628906,0.7903262972831726
227,4,1676.8128662109375,34.309043884277344,1728.3826904296875,190.157958984375,0.689507782459259
227,14,1066.7955322265625,78.29328918457031,1104.4412841796875,175.0345458984375,0.6373043656349182
227,20,217.77627563476562,77.22430419921875,254.6933135986328,146.1500701904297,0.6172485947608948
227,9,952.3385009765625,175.04132080078125,988.844970703125,222.52780151367188,0.5835260152816772
227,8,955.1199340820312,39.50679016113281,1124.759033203125,86.21612548828125,0.5739218592643738
227,7,1304.6661376953125,41.64623260498047,1488.4212646484375,181.6923065185547,0.5332493782043457
227,6,1117.5230712890625,31.27020263671875,1302.7337646484375,83.6562728881836,0.5276212692260742
227,10,1080.702880859375,175.93075561523438,1182.6815185546875,297.7004699707031,0.5051518678665161
227,11,1100.4237060546875,76.99868774414062,1131.4447021484375,169.55479431152344,0.47881630063056946
227,26,601.360107421875,104.85227966308594,647.1602172851562,161.02166748046875,0.4420643746852875
227,12,1117.885009765625,32.228599548339844,1302.7178955078125,195.92481994628906,0.422713965177536
227,15,1306.0023193359375,42.0826530456543,1487.8916015625,88.95055389404297,0.3684596121311188
227,25,976.0215454101562,186.91026306152344,1049.9847412109375,287.3150939941406,0.35872143507003784
228,1,0.5022125244140625,259.8158264160156,140.77032470703125,470.9893798828125,0.9092466831207275
228,2,267.3222351074219,112.52740478515625,518.3397216796875,245.6993865966797,0.8978521823883057
228,3,0.3822784423828125,119.01541900634766,268.2138366699219,222.2602996826172,0.8759329319000244
228,19,668.419189453125,167.30429077148438,719.7561645507812,301.3537292480469,0.803534746170044
228,4,1677.1300048828125,34.26374816894531,1728.8756103515625,190.56678771972656,0.7105920910835266
228,14,1066.910888671875,78.20267486572266,1104.5167236328125,174.79888916015625,0.6148079633712769
228,20,220.29446411132812,77.34626770019531,251.14389038085938,145.4907684326172,0.5975378751754761
228,8,954.3733520507812,39.50972366333008,1125.61865234375,86.05279541015625,0.5746251344680786
228,9,951.6265869140625,174.80177307128906,988.7193603515625,222.5881805419922,0.5680729150772095
228,6,1117.640869140625,30.90630340576172,1302.322998046875,83.9342041015625,0.5420306324958801
228,7,1304.742919921875,41.98889923095703,1488.7027587890625,180.71914672851562,0.5334623456001282
228,10,1080.7686767578125,175.7991943359375,1182.48974609375,297.5357666015625,0.46632277965545654
228,11,1100.5396728515625,77.34059143066406,1131.2314453125,170.3836669921875,0.43851611018180847
228,12,1118.0845947265625,31.772621154785156,1302.398193359375,196.1103057861328,0.42453208565711975
228,5,1214.2823486328125,67.73652648925781,1265.8897705078125,192.21734619140625,0.42162439227104187
228,26,601.4942626953125,105.05962371826172,646.6506958007812,161.05276489257812,0.3911360800266266
228,15,1306.116943359375,42.405189514160156,1488.2926025390625,88.69377136230469,0.36976712942123413
228,25,975.6845092773438,187.3153533935547,1050.410888671875,288.1907043457031,0.3443378806114197
229,1,0.4978179931640625,259.7130432128906,140.79397583007812,471.0163879394531,0.9086968898773193
229,2,267.2820739746094,112.5154800415039,518.382080078125,245.76223754882812,0.8994651436805725
229,3,0.404388427734375,118.86695098876953,268.17584228515625,222.356689453125,0.8737767338752747
229,19,662.8472900390625,167.10488891601562,716.9618530273438,301.2601318359375,0.7900305390357971
229,4,1677.0223388671875,34.174110412597656,1728.7862548828125,190.77745056152344,0.7182307839393616
229,14,1066.91796875,78.25215911865234,1104.6201171875,175.02325439453125,0.6229792833328247
229,20,221.2333984375,77.1383285522461,253.44000244140625,144.99642944335938,0.5857375264167786
229,8,955.07373046875,39.5423583984375,1125.69580078125,86.03839874267578,0.572868287563324
229,9,951.5429077148438,174.71099853515625,988.8072509765625,222.40576171875,0.5634170770645142
229,6,1117.7537841796875,31.126018524169922,1302.363037109375,84.14374542236328,0.5393752455711365
229,7,1304.7410888671875,42.032867431640625,1488.843017578125,180.0486602783203,0.5334333181381226
229,10,1080.79443359375,175.9188995361328,1182.7314453125,297.4344482421875,0.4488351047039032
229,11,1100.343017578125,77.46215057373047,1131.3365478515625,170.9000244140625,0.4359981417655945
229,12,1118.167236328125,32.04425811767578,1302.4315185546875,196.25482177734375,0.42208459973335266
229,5,1214.4449462890625,67.61013793945312,1265.87841796875,192.16378784179688,0.40293264389038086
229,26,601.642333984375,104.97608184814453,646.5245971679688,160.91552734375,0.4016134738922119
229,15,1306.10009765625,42.44911193847656,1488.4229736328125,89.0756607055664,0.3694651424884796
229,25,975.7762451171875,187.39805603027344,1050.4068603515625,288.10986328125,0.33449769020080566
230,1,0.4942131042480469,259.55712890625,140.8129119873047,471.052734375,0.9082921743392944
230,2,267.3516845703125,112.46746063232422,518.4354858398438,245.63246154785156,0.9007456302642822
230,3,0.3397064208984375,119.02757263183594,268.3968505859375,222.65560913085938,0.8737732768058777
230,4,1676.9066162109375,34.34168243408203,1729.1802978515625,190.8318328857422,0.7015694379806519
230,19,660.8543090820312,166.45477294921875,718.1170654296875,300.10272216796875,0.6435882449150085
230,9,951.61376953125,174.4034881591797,988.9599609375,222.3177032470703,0.595341145992279
230,20,221.85809326171875,75.93768310546875,255.343505859375,145.8490447998047,0.5788353681564331
230,8,955.2381591796875,39.65873718261719,1125.085693359375,86.0475082397461,0.5719518065452576
230,14,1066.91015625,78.46939086914062,1104.68408203125,174.37744140625,0.5716663002967834
230,6,1117.96142578125,31.17858123779297,1302.22705078125,84.13265991210938,0.5386790633201599
230,7,1304.7261962890625,41.89292907714844,1488.721923828125,180.63182067871094,0.5268853306770325
230,11,1101.0535888671875,77.4917221069336,1132.75830078125,170.596435546875,0.44854384660720825
230,10,1081.0140380859375,176.0131072998047,1182.519775390625,297.4544982910156,0.4442870020866394
230,5,1214.087158203125,67.67388153076172,1265.975830078125,192.12997436523438,0.42743200063705444
230,12,1118.28857421875,32.09014892578125,1302.23876953125,196.3110809326172,0.42583876848220825
230,26,601.756591796875,105.18392944335938,646.3358154296875,160.7742462158203,0.3858441710472107
230,15,1306.1326904296875,42.325836181640625,1488.328857421875,89.15709686279297,0.3653642237186432
230,25,975.5711059570312,187.67816162109375,1050.342529296875,288.00274658203125,0.3312991261482239
231,1,0.4963645935058594,259.65399169921875,140.853271484375,471.1293640136719,0.9083101749420166
231,2,267.1549072265625,112.5908432006836,518.3128051757812,245.6940460205078,0.9002109169960022
231,3,0.3092193603515625,119.08759307861328,268.34942626953125,222.79742431640625,0.8754818439483643
231,19,652.2202758789062,167.2734832763672,700.113525390625,302.346435546875,0.7188770174980164
231,4,1676.786865234375,34.48695373535156,1729.1898193359375,191.7838897705078,0.69776850938797
231,14,1066.8651123046875,78.40418243408203,1104.7928466796875,175.51763916015625,0.6046857833862305
231,9,951.1966552734375,174.3211212158203,988.8526611328125,221.96534729003906,0.5812661647796631
231,8,955.0819702148438,39.733909606933594,1124.8408203125,85.73332214355469,0.5751295685768127
231,6,1118.006591796875,31.01154327392578,1302.191650390625,83.96862030029297,0.5450190901756287
231,7,1304.65283203125,41.81243133544922,1488.2662353515625,179.82139587402344,0.526280403137207
231,20,222.36465454101562,76.08968353271484,255.99810791015625,145.82191467285156,0.4926680624485016
231,5,1214.3331298828125,67.75685119628906,1266.0985107421875,192.05543518066406,0.4480319023132324
231,11,1101.593994140625,77.40898132324219,1132.5179443359375,169.93478393554688,0.4374232292175293
231,12,1118.355224609375,31.864774703979492,1302.2242431640625,196.37522888183594,0.42495325207710266
231,10,1081.09130859375,176.22853088378906,1182.516357421875,297.892578125,0.40453463792800903
231,26,601.5936889648438,105.27195739746094,646.434814453125,160.67005920410156,0.40251484513282776
231,15,1306.0218505859375,42.26633834838867,1487.947021484375,89.0838394165039,0.36959904432296753
231,25,975.769775390625,187.63938903808594,1050.44677734375,288.1219787597656,0.3012598156929016
232,1,0.4948997497558594,259.73126220703125,140.81993103027344,471.02508544921875,0.9078127145767212
232,2,267.1047668457031,112.51183319091797,518.309814453125,245.50457763671875,0.9013510942459106
232,3,0.3224945068359375,119.23974609375,268.32293701171875,222.6127166748047,0.8742120862007141
232,4,1676.810302734375,34.269126892089844,1729.281005859375,192.27017211914062,0.7046917676925659
232,19,652.5791015625,166.89486694335938,696.0759887695312,283.11431884765625,0.6798895597457886
232,14,1066.7684326171875,78.40264892578125,1104.82470703125,175.0512237548828,0.6111410856246948
232,9,951.10986328125,174.1620635986328,988.692626953125,221.89212036132812,0.5796576142311096
232,8,954.8367919921875,39.578773498535156,1124.7923583984375,85.6941146850586,0.5736743211746216
232,6,1118.175537109375,31.180973052978516,1302.19873046875,83.94749450683594,0.5503696203231812
232,7,1305.156494140625,41.88981628417969,1488.20703125,179.74124145507812,0.5200544595718384
232,5,1214.321044921875,67.83082580566406,1266.1123046875,192.42764282226562,0.4804200232028961
232,11,1102.1558837890625,77.52948760986328,1132.87109375,169.80386352539062,0.46009063720703125
232,20,222.42100524902344,75.86343383789062,256.46295166015625,145.6387481689453,0.4499666690826416
232,26,601.2755126953125,105.07676696777344,646.722412109375,160.75057983398438,0.4330143332481384
232,12,1118.5255126953125,32.007293701171875,1302.23486328125,196.47491455078125,0.42340055108070374
232,10,1081.2030029296875,176.4711456298828,1182.6375732421875,297.5809020996094,0.38285139203071594
232,15,1306.4202880859375,42.38120651245117,1487.873046875,89.4148178100586,0.37510916590690613
233,1,0.4848175048828125,259.6339416503906,140.81082153320312,470.9955139160156,0.9076725244522095
233,2,267.0232849121094,112.56056213378906,518.2817993164062,245.49417114257812,0.900275707244873
233,3,0.3078460693359375,119.51907348632812,268.3916015625,222.6679229736328,0.8759441375732422
233,19,647.3973999023438,165.79522705078125,691.2022705078125,300.2384338378906,0.7698206901550293
233,4,1677.2000732421875,34.41401290893555,1729.3287353515625,192.3052978515625,0.6997626423835754
233,14,1066.7247314453125,78.38232421875,1104.8682861328125,175.33506774902344,0.6113185882568359
233,9,951.2645874023438,174.23631286621094,988.7411499023438,221.9265899658203,0.5882073044776917
233,8,955.2667846679688,39.66983413696289,1124.689697265625,85.9080810546875,0.570796012878418
233,6,1118.29736328125,31.077037811279297,1302.3958740234375,84.06674194335938,0.5511402487754822
233,7,1304.997802734375,41.952301025390625,1488.2969970703125,180.4661407470703,0.49850910902023315
233,26,601.081787109375,105.00384521484375,646.5408935546875,161.1639862060547,0.46521154046058655
233,5,1214.487060546875,67.69528198242188,1265.9774169921875,192.3899688720703,0.46462878584861755
233,12,1118.5423583984375,31.849279403686523,1302.4215087890625,196.59503173828125,0.41706815361976624
233,11,1102.2322998046875,77.67745971679688,1132.14892578125,169.05079650878906,0.41393664479255676
233,10,1081.123291015625,176.60247802734375,1182.7672119140625,297.840087890625,0.3944644331932068
233,15,1306.2406005859375,42.45519256591797,1487.921630859375,89.71147155761719,0.3872544467449188
233,20,227.66427612304688,78.27596282958984,255.95864868164062,145.14273071289062,0.35186567902565
234,1,0.48099517822265625,259.68768310546875,140.82794189453125,470.994873046875,0.9072789549827576
234,2,267.0693359375,112.58613586425781,518.2979736328125,245.51797485351562,0.8969508409500122
234,3,0.3178253173828125,119.57096862792969,268.1448974609375,222.64727783203125,0.8752326965332031
234,19,642.0801391601562,164.28854370117188,686.69677734375,301.1961364746094,0.8021043539047241
234,4,1677.2047119140625,34.654197692871094,1729.5205078125,192.364990234375,0.6926295757293701
234,14,1066.7484130859375,78.2896957397461,1104.8109130859375,175.15777587890625,0.5991389155387878
234,8,956.1573486328125,39.600223541259766,1124.7901611328125,85.89683532714844,0.5750415921211243
234,9,951.1895141601562,174.4005126953125,988.7228393554688,221.8811798095703,0.5736038684844971
234,6,1118.5213623046875,31.001358032226562,1302.431396484375,84.04950714111328,0.5405840277671814
234,7,1305.1015625,41.964595794677734,1488.4637451171875,179.88479614257812,0.50506591796875
234,26,601.352294921875,105.54210662841797,646.3352661132812,161.13034057617188,0.43792814016342163
234,5,1214.7890625,68.0240478515625,1265.993408203125,192.1171417236328,0.41649457812309265
234,12,1118.775634765625,31.799142837524414,1302.4234619140625,196.21929931640625,0.4132005274295807
234,10,1081.1864013671875,176.6444549560547,1182.6187744140625,297.7808837890625,0.40037035942077637
234,15,1306.2996826171875,42.39604568481445,1488.0565185546875,89.9286880493164,0.38786780834198
234,11,1102.1259765625,77.84813690185547,1132.4332275390625,168.74232482910156,0.38624849915504456
234,20,228.58790588378906,76.70970916748047,255.4551544189453,144.23619079589844,0.30749136209487915
235,1,0.4844398498535156,259.6851501464844,140.8528289794922,470.9961853027344,0.907551646232605
235,2,267.060791015625,112.6493911743164,518.2869873046875,245.59947204589844,0.8973700404167175
235,3,0.2914581298828125,119.56794738769531,267.8855895996094,222.66421508789062,0.8741376996040344
235,19,633.3905029296875,163.04530334472656,681.9801635742188,299.6028747558594,0.8206295371055603
235,4,1676.9884033203125,34.558685302734375,1729.1910400390625,191.35491943359375,0.6801989674568176
235,14,1066.801025390625,78.37071990966797,1104.849609375,175.50796508789062,0.6194763779640198
235,8,956.4473876953125,39.78708267211914,1125.127197265625,85.81224060058594,0.5734242796897888
235,6,1118.7694091796875,31.040393829345703,1302.5439453125,84.04965209960938,0.5497702360153198
235,9,950.8836059570312,174.4727783203125,988.585205078125,221.80233764648438,0.5462295413017273
235,7,1305.3509521484375,41.97905731201172,1488.4630126953125,180.8302459716797,0.4978457987308502
235,5,1214.61767578125,68.24935913085938,1266.0897216796875,191.7063446044922,0.4339895248413086
235,27,939.8052978515625,44.32624053955078,973.8056030273438,159.4093780517578,0.422638475894928
235,12,1118.9036865234375,31.828405380249023,1302.5989990234375,195.73741149902344,0.4032778739929199
235,15,1306.5238037109375,42.40381622314453,1488.067626953125,89.98544311523438,0.39565369486808777
235,26,601.1676635742188,105.52702331542969,646.7282104492188,161.30714416503906,0.388325959444046
235,10,1081.401123046875,176.89793395996094,1182.3153076171875,297.7799072265625,0.3747778534889221
235,11,1102.2664794921875,77.86640167236328,1131.842041015625,169.00086975097656,0.3568960726261139
236,1,0.4721832275390625,259.7258605957031,140.81451416015625,470.9054260253906,0.9074813723564148
236,2,267.20025634765625,112.65287780761719,518.2464599609375,245.54855346679688,0.8987196683883667
236,3,0.28951263427734375,119.55853271484375,267.7035827636719,222.62265014648438,0.8779979348182678
236,19,627.6043090820312,160.72320556640625,685.3873901367188,300.04534912109375,0.7872408032417297
236,4,1676.9854736328125,34.56674575805664,1729.4884033203125,190.76019287109375,0.6623287200927734
236,14,1066.746826171875,78.42285919189453,1104.7393798828125,175.79595947265625,0.6314473152160645
236,8,955.522705078125,39.773780822753906,1125.2801513671875,85.84263610839844,0.5718492269515991
236,6,1118.1607666015625,30.882305145263672,1302.421875,83.98739624023438,0.5540031790733337
236,9,950.7828979492188,174.49722290039062,988.5337524414062,221.8377227783203,0.5269520878791809
236,7,1305.4075927734375,42.06644821166992,1488.38232421875,180.02125549316406,0.5040543675422668
236,5,1214.5916748046875,68.11271667480469,1266.0157470703125,192.01446533203125,0.41953352093696594
236,12,1118.36572265625,31.64472770690918,1302.416015625,195.95591735839844,0.3970774710178375
236,15,1306.583251953125,42.49012756347656,1487.98876953125,89.9194564819336,0.39328306913375854
236,27,939.9190673828125,44.21489334106445,973.5429077148438,159.51040649414062,0.3898903429508209
236,10,1081.4278564453125,176.58078002929688,1182.4302978515625,297.5343017578125,0.38696640729904175
236,11,1102.468994140625,78.06202697753906,1131.8057861328125,169.49853515625,0.3618840277194977
236,26,600.8968505859375,105.18138885498047,646.754638671875,161.1050262451172,0.3557473421096802
237,1,0.4793815612792969,259.5168151855469,141.08395385742188,470.75885009765625,0.9073119759559631
237,2,266.9658508300781,112.4593734741211,518.3222045898438,245.6516571044922,0.902224600315094
237,3,0.310638427734375,119.31230163574219,268.4527893066406,222.42494201660156,0.8751490116119385
237,19,620.6782836914062,160.40318298339844,680.49755859375,298.2270202636719,0.7309814095497131
237,4,1677.6661376953125,34.45610046386719,1729.0367431640625,190.21829223632812,0.6966272592544556
237,14,1066.6519775390625,78.85004425048828,1104.8682861328125,175.81248474121094,0.657234787940979
237,8,955.4401245117188,39.3745002746582,1126.209716796875,86.01068115234375,0.5779930353164673
237,6,1118.3214111328125,30.76156997680664,1301.953857421875,83.56671142578125,0.5582078695297241
237,9,952.422607421875,174.7392120361328,988.8118896484375,222.2107696533203,0.5538855195045471
237,7,1305.178955078125,41.86951446533203,1488.880615234375,179.58164978027344,0.5094724297523499
237,5,1214.5408935546875,67.8475112915039,1267.7506103515625,191.4862518310547,0.4139586389064789
237,10,1081.4188232421875,176.6491241455078,1182.484619140625,297.49267578125,0.4037913978099823
237,26,601.3438110351562,104.94385528564453,647.5852661132812,161.20101928710938,0.40010184049606323
237,15,1306.4827880859375,42.29167556762695,1488.402099609375,89.94207763671875,0.39772361516952515
237,12,1118.4576416015625,31.483177185058594,1301.934326171875,195.31887817382812,0.3945050537586212
237,11,1102.431640625,78.38262176513672,1131.7720947265625,171.6033935546875,0.38189515471458435
237,20,232.48182678222656,75.64576721191406,259.98223876953125,148.31936645507812,0.34644749760627747
237,25,975.7549438476562,186.9429473876953,1050.00341796875,288.0110168457031,0.33684033155441284
238,1,0.4741859436035156,259.4338684082031,141.05235290527344,470.72113037109375,0.9072124361991882
238,2,267.5005187988281,112.2795639038086,518.3905029296875,245.5040283203125,0.8984653353691101
238,3,0.326568603515625,119.12176513671875,268.9289245605469,222.3812713623047,0.8754637837409973
238,19,619.8761596679688,161.18019104003906,674.387939453125,297.5649719238281,0.7846011519432068
238,4,1677.6932373046875,34.613746643066406,1729.1158447265625,190.39022827148438,0.6885417103767395
238,14,1066.6597900390625,78.96356964111328,1104.8131103515625,175.7841339111328,0.6847986578941345
238,8,955.179931640625,39.200260162353516,1126.1280517578125,86.07672119140625,0.5787222385406494
238,9,952.4683837890625,174.8623504638672,988.5297241210938,222.4301300048828,0.5732755661010742
238,6,1119.0260009765625,30.730693817138672,1301.7923583984375,83.64205932617188,0.5629075169563293
238,7,1304.8349609375,41.965110778808594,1489.311767578125,179.6586456298828,0.5117752552032471
238,11,1102.483154296875,78.1417465209961,1132.2843017578125,172.06980895996094,0.4393525719642639
238,5,1214.5260009765625,67.90168762207031,1267.989501953125,191.80079650878906,0.43744537234306335
238,10,1081.3997802734375,176.88917541503906,1182.51904296875,297.3338317871094,0.4081421196460724
238,20,233.358642578125,76.34609985351562,261.3201599121094,149.54241943359375,0.3999365568161011
238,12,1119.0462646484375,31.455825805664062,1301.76318359375,195.77723693847656,0.3927976191043854
238,15,1306.19580078125,42.364837646484375,1488.8935546875,89.71149444580078,0.39070141315460205
238,26,600.8972778320312,104.62477111816406,647.3881225585938,161.32357788085938,0.35735559463500977
238,25,975.8223266601562,186.91021728515625,1049.7694091796875,288.3621826171875,0.32605740427970886
239,1,0.47186279296875,259.371826171875,140.98538208007812,470.6765441894531,0.9066195487976074
239,2,267.349609375,112.37539672851562,518.4866333007812,245.59478759765625,0.8962329626083374
239,3,0.3358154296875,119.10413360595703,268.34002685546875,222.35340881347656,0.8730522394180298
239,19,620.8226318359375,164.68936157226562,666.43017578125,297.6602783203125,0.7973180413246155
239,4,1677.224609375,34.69052505493164,1729.37451171875,189.27557373046875,0.691524088382721
239,14,1066.7244873046875,78.98009490966797,1104.7801513671875,175.0275421142578,0.6709092259407043
239,8,954.8173828125,39.19603729248047,1125.963623046875,86.0204086303711,0.5745407938957214
239,9,952.4813232421875,174.67300415039062,988.6636962890625,222.69927978515625,0.5735154151916504
239,6,1119.8463134765625,30.845706939697266,1301.7685546875,83.55867767333984,0.554973304271698
239,7,1304.5924072265625,41.92180633544922,1489.35400390625,180.19125366210938,0.5017277598381042
239,11,1102.5052490234375,78.29296875,1132.343017578125,172.0315704345703,0.4641134738922119
239,5,1214.511474609375,68.20223236083984,1267.8673095703125,191.64633178710938,0.44377976655960083
239,10,1081.461669921875,176.4733428955078,1182.5780029296875,297.752685546875,0.4260095953941345
239,12,1119.6358642578125,31.620849609375,1301.7261962890625,195.59738159179688,0.39838260412216187
239,15,1306.0423583984375,42.37006759643555,1488.904296875,89.62102508544922,0.3944530785083771
239,26,601.4345092773438,104.6487808227539,647.6393432617188,160.42013549804688,0.3693560063838959
239,25,975.83740234375,186.8643035888672,1049.4520263671875,287.9057312011719,0.3628441393375397
239,20,235.11044311523438,76.39105224609375,263.3868713378906,156.75732421875,0.31985151767730713
240,1,0.5010223388671875,259.6282958984375,140.68841552734375,470.520751953125,0.9059491157531738
240,2,266.9382629394531,112.00386047363281,519.0917358398438,245.4481201171875,0.8899205327033997
240,3,0.3365478515625,119.55326843261719,267.5799255371094,222.15476989746094,0.8718790411949158
240,19,615.9144897460938,164.46258544921875,660.6156616210938,293.1060791015625,0.8019592761993408
240,14,1066.8006591796875,79.48947143554688,1104.647705078125,174.98025512695312,0.7015655636787415
240,4,1677.08203125,35.48210906982422,1729.537353515625,190.15444946289062,0.6827618479728699
240,8,954.5009765625,39.661834716796875,1125.840087890625,86.2401123046875,0.5614197254180908
240,6,1118.3565673828125,31.343536376953125,1301.7791748046875,83.41392517089844,0.5454174876213074
240,11,1102.21337890625,77.97711181640625,1135.2001953125,171.13636779785156,0.5309188961982727
240,9,952.6690063476562,176.0418243408203,988.4410400390625,223.16726684570312,0.5152148604393005
240,7,1304.7894287109375,41.88825988769531,1487.9542236328125,180.30162048339844,0.5010496377944946
240,5,1213.4014892578125,69.58282470703125,1265.8172607421875,195.55691528320312,0.46387049555778503
240,12,1118.697265625,32.246543884277344,1301.9224853515625,198.1299591064453,0.42326194047927856
240,15,1306.1873779296875,42.39518737792969,1487.7315673828125,88.83627319335938,0.41107434034347534
240,27,939.4552612304688,44.90201950073242,971.7464599609375,160.5731201171875,0.37294477224349976
240,10,1083.1484375,175.78204345703125,1180.60693359375,295.9237060546875,0.37103497982025146
240,20,236.34173583984375,76.97731018066406,262.2325744628906,155.92959594726562,0.3411128520965576
240,25,975.4720458984375,186.1057586669922,1048.3311767578125,288.4333190917969,0.32008811831474304
241,1,0.49459075927734375,259.6588439941406,140.7386016845703,470.4562683105469,0.9057132005691528
241,2,266.837646484375,111.85704803466797,519.015625,245.4263458251953,0.8901186585426331
241,3,0.352569580078125,119.62838745117188,268.3464050292969,222.1501007080078,0.8639896512031555
241,19,611.6372680664062,163.74270629882812,658.3029174804688,295.833251953125,0.8031349778175354
241,14,1066.80322265625,79.46566772460938,1104.697265625,175.2792205810547,0.7028802037239075
241,4,1677.205078125,35.47975158691406,1729.535888671875,189.802001953125,0.6759138107299805
241,8,954.2297973632812,39.59745407104492,1126.296142578125,86.4286880493164,0.5661157965660095
241,6,1117.637451171875,31.28423309326172,1301.82470703125,83.39275360107422,0.5344204902648926
241,9,952.7568969726562,175.98435974121094,988.4580688476562,223.1576385498047,0.5180457830429077
241,11,1102.05078125,77.97118377685547,1135.24267578125,171.63909912109375,0.5177209973335266
241,7,1304.7462158203125,41.81964111328125,1488.032958984375,180.26275634765625,0.5041381120681763
241,5,1213.4154052734375,69.6587905883789,1265.80517578125,195.14031982421875,0.43386706709861755
241,12,1118.1397705078125,32.20074462890625,1301.9256591796875,197.496826171875,0.42969006299972534
241,15,1306.1639404296875,42.29746627807617,1487.794677734375,88.68009185791016,0.40881192684173584
241,10,1083.563720703125,175.68333435058594,1180.6993408203125,296.0720520019531,0.3736155033111572
241,27,939.51708984375,44.35414123535156,971.37158203125,159.614013671875,0.3578384816646576
241,25,975.7086181640625,186.22206115722656,1048.2760009765625,288.2793273925781,0.3174642026424408
242,1,0.4913520812988281,259.695556640625,140.7436981201172,470.47283935546875,0.9065484404563904
242,2,266.8165283203125,111.90467834472656,519.1591186523438,245.5133514404297,0.8934144973754883
242,3,0.390472412109375,118.78060913085938,268.23114013671875,222.07379150390625,0.8731503486633301
242,19,608.2542114257812,164.262451171875,655.0226440429688,294.2803649902344,0.8047918677330017
242,14,1066.8370361328125,79.46692657470703,1104.7193603515625,175.28843688964844,0.6991246938705444
242,4,1677.15380859375,35.428348541259766,1729.423828125,189.08578491210938,0.6872910261154175
242,8,954.756103515625,39.55245590209961,1126.866943359375,86.44141387939453,0.5664166808128357
242,6,1116.248779296875,31.182037353515625,1301.8748779296875,83.40152740478516,0.5321225523948669
242,9,953.0972900390625,175.78738403320312,988.43994140625,222.53439331054688,0.5219385027885437
242,7,1304.7781982421875,41.81938934326172,1487.62548828125,179.83657836914062,0.5054552555084229
242,11,1101.9251708984375,77.9842300415039,1134.78857421875,171.5220489501953,0.5008407235145569
242,12,1116.6221923828125,32.07909393310547,1302.0047607421875,197.6922607421875,0.4292689859867096
242,5,1213.437744140625,69.68087768554688,1265.830078125,195.37550354003906,0.4260161817073822
242,15,1306.173095703125,42.27875518798828,1487.4500732421875,88.65266418457031,0.4075205624103546
242,10,1083.75439453125,175.63070678710938,1180.8084716796875,296.00726318359375,0.35962313413619995
242,26,601.541748046875,104.47386932373047,649.2317504882812,159.47869873046875,0.3364677429199219
242,20,238.0385284423828,76.60267639160156,279.14935302734375,164.73789978027344,0.3292655348777771
242,27,939.812255859375,43.56024169921875,973.0074462890625,159.86509704589844,0.3236461579799652
243,1,0.4923591613769531,259.5563659667969,140.77066040039062,470.50506591796875,0.9070641398429871
243,2,266.6214599609375,111.91930389404297,519.0623779296875,245.46749877929688,0.8923562169075012
243,3,0.30141448974609375,119.15511322021484,266.9174499511719,222.0080108642578,0.8686095476150513
243,19,603.6177368164062,163.74609375,653.2019653320312,295.6910705566406,0.8259562253952026
243,14,1066.9093017578125,79.45035552978516,1104.669677734375,175.28665161132812,0.6817094683647156
243,4,1677.24609375,35.294403076171875,1728.8031005859375,190.62771606445312,0.6713283658027649
243,8,954.5656127929688,39.50170135498047,1126.5491943359375,86.26263427734375,0.5709469318389893
243,9,953.1790161132812,175.5082550048828,988.358154296875,222.5388946533203,0.5393717885017395
243,6,1116.897705078125,31.287906646728516,1301.7716064453125,83.42351531982422,0.5239372253417969
243,7,1304.726806640625,41.810306549072266,1487.361328125,180.11434936523438,0.5001552104949951
243,11,1102.25146484375,77.70309448242188,1136.080078125,170.27586364746094,0.4831913709640503
243,12,1117.3084716796875,32.18250274658203,1301.860595703125,197.8916473388672,0.431753545999527
243,15,1306.0928955078125,42.27477264404297,1487.1954345703125,88.69267272949219,0.4078875482082367
243,5,1213.7347412109375,69.87398529052734,1265.63525390625,195.49942016601562,0.38629037141799927
243,10,1083.37890625,175.40162658691406,1180.6983642578125,296.37408447265625,0.37516170740127563
243,26,601.7334594726562,104.76264953613281,648.9721069335938,160.21929931640625,0.3663470149040222
243,25,976.2825317382812,186.632080078125,1048.29296875,287.9981689453125,0.31303513050079346
243,27,939.7265625,43.20311737060547,973.0733642578125,159.81646728515625,0.30278921127319336
244,1,0.48085784912109375,259.459716796875,140.73831176757812,470.3033752441406,0.9079971313476562
244,2,266.655517578125,111.88372039794922,519.0818481445312,245.5081329345703,0.8929883241653442
244,3,0.13593292236328125,118.85697174072266,267.92181396484375,222.16680908203125,0.8741093277931213
244,19,601.939208984375,162.28125,650.4658813476562,295.5418701171875,0.8106528520584106
244,14,1067.0230712890625,79.477294921875,1104.702880859375,175.3527374267578,0.6938764452934265
244,4,1677.4149169921875,35.14329528808594,1728.7423095703125,190.9488525390625,0.6698572039604187
244,8,955.1270141601562,39.510074615478516,1126.2686767578125,86.13270568847656,0.5742989778518677
244,9,953.2296752929688,175.8643341064453,988.3998413085938,222.43711853027344,0.5413777232170105
244,6,1116.8709716796875,31.219905853271484,1301.949951171875,83.5016098022461,0.5294156074523926
244,7,1304.8604736328125,41.757041931152344,1487.0137939453125,180.52134704589844,0.5058804750442505
244,11,1102.3677978515625,77.81236267089844,1136.10205078125,169.8452911376953,0.4957355558872223
244,12,1117.3154296875,32.11738967895508,1302.09521484375,197.6272430419922,0.42486029863357544
244,5,1213.771484375,69.79472351074219,1265.7740478515625,194.91293334960938,0.4067833125591278
244,15,1306.177001953125,42.25498580932617,1486.8387451171875,88.96610260009766,0.40509799122810364
244,10,1083.0595703125,175.52252197265625,1180.9766845703125,296.1105651855469,0.38247594237327576
244,26,600.8558349609375,104.45272064208984,649.0206298828125,161.33908081054688,0.3333945870399475
244,25,976.346923828125,186.87130737304688,1048.5179443359375,287.997802734375,0.31193482875823975
245,1,0.48081207275390625,259.48291015625,140.75157165527344,470.3479919433594,0.9085800647735596
245,2,266.6723327636719,111.96060180664062,519.1820678710938,245.50685119628906,0.8930745124816895
245,3,0.1497802734375,119.36154174804688,267.7588806152344,222.2567596435547,0.8760523796081543
245,19,599.8760986328125,159.33897399902344,649.4041137695312,297.32073974609375,0.8188176155090332
245,14,1067.01416015625,79.47221374511719,1104.7294921875,174.89498901367188,0.6804535388946533
245,4,1677.5888671875,35.187034606933594,1728.473876953125,191.0803985595703,0.6647001504898071
245,9,953.2410278320312,175.67710876464844,988.5225219726562,222.7507781982422,0.5671767592430115
245,8,955.6461181640625,39.61427307128906,1125.528076171875,86.05046081542969,0.564885139465332
245,6,1117.168701171875,31.20395278930664,1301.78955078125,83.45881652832031,0.5387536883354187
245,7,1304.94775390625,41.93726348876953,1486.9007568359375,179.44496154785156,0.5007609724998474
245,11,1102.194580078125,77.56697845458984,1135.811279296875,169.20790100097656,0.500552237033844
245,12,1117.5384521484375,32.071266174316406,1301.9456787109375,197.0020751953125,0.4150683283805847
245,5,1213.71875,69.65473937988281,1265.8155517578125,193.995849609375,0.405448853969574
245,15,1306.152587890625,42.41208267211914,1486.723876953125,88.95954895019531,0.40535661578178406
245,10,1083.4652099609375,175.36766052246094,1181.216796875,296.1528015136719,0.3960220217704773
245,25,976.0401000976562,186.4750213623047,1048.3428955078125,287.705322265625,0.3177018463611603
246,1,0.4791297912597656,259.5310363769531,140.8480224609375,470.42047119140625,0.9090363383293152
246,2,266.583740234375,111.87348937988281,519.1490478515625,245.53436279296875,0.8919298052787781
246,3,0.18198394775390625,119.26341247558594,268.61883544921875,222.1768341064453,0.8786702752113342
246,19,597.4790649414062,155.88389587402344,648.4140625,297.0354309082031,0.8126111626625061
246,14,1067.0562744140625,79.52030181884766,1104.6529541015625,175.25355529785156,0.6998887658119202
246,4,1677.6328125,35.06348419189453,1728.177978515625,191.73492431640625,0.6661442518234253
246,8,954.80126953125,39.62773132324219,1126.2579345703125,86.05435180664062,0.5663685202598572
246,9,953.2371826171875,175.99667358398438,988.430419921875,222.4259033203125,0.5613555908203125
246,6,1117.19091796875,31.180103302001953,1301.790283203125,83.4225082397461,0.5446366667747498
246,11,1102.35986328125,77.54946899414062,1135.40087890625,169.95762634277344,0.5281796455383301
246,7,1304.92578125,41.92305374145508,1486.8428955078125,179.2844696044922,0.49919289350509644
246,5,1213.7967529296875,69.65361785888672,1265.864990234375,193.5819091796875,0.4206937849521637
246,12,1117.5150146484375,32.036773681640625,1301.956787109375,196.68621826171875,0.4068668782711029
246,10,1083.6016845703125,175.48443603515625,1181.208251953125,296.5302734375,0.403627872467041
246,15,1306.133056640625,42.447750091552734,1486.653076171875,89.16749572753906,0.3985382914543152
246,25,976.11181640625,186.33604431152344,1048.1722412109375,287.75421142578125,0.31713351607322693
247,1,0.4746437072753906,258.96319580078125,140.87478637695312,470.5179748535156,0.909212589263916
247,2,266.47265625,111.81695556640625,519.054931640625,245.45558166503906,0.8902714848518372
247,3,0.27532196044921875,119.22952270507812,268.2046813964844,222.07383728027344,0.8821099400520325
247,19,596.5821533203125,156.2134552001953,649.3598022460938,296.69549560546875,0.7695263028144836
247,14,1067.0438232421875,79.58958435058594,1104.58447265625,175.24951171875,0.6904741525650024
247,4,1677.7869873046875,35.08222961425781,1728.2962646484375,190.38121032714844,0.6708919405937195
247,9,953.1183471679688,176.07925415039062,988.3634033203125,222.5123748779297,0.5837584137916565
247,8,955.0616455078125,39.835853576660156,1126.2974853515625,85.93011474609375,0.5576803088188171
247,6,1116.941650390625,31.123226165771484,1301.6771240234375,83.49066925048828,0.5478271245956421
247,11,1102.095458984375,77.48792266845703,1135.0775146484375,170.51312255859375,0.5383551716804504
247,7,1304.9425048828125,42.046897888183594,1486.9354248046875,179.60362243652344,0.487880140542984
247,5,1213.877685546875,69.26229858398438,1265.8983154296875,193.18405151367188,0.42764103412628174
247,12,1117.296142578125,31.96845245361328,1301.7615966796875,196.488525390625,0.4050464332103729
247,15,1306.2733154296875,42.099544525146484,1486.7607421875,90.09917449951172,0.40297824144363403
247,10,1083.2730712890625,175.55841064453125,1181.263427734375,296.7308349609375,0.3966078460216522
248,1,0.4810981750488281,258.9890441894531,140.6876678466797,470.4203796386719,0.909021258354187
248,2,266.2083435058594,111.77096557617188,518.9002685546875,245.3587646484375,0.8882115483283997
248,3,0.2175750732421875,119.61854553222656,267.3249206542969,222.2936553955078,0.8782309889793396
248,19,594.8809814453125,156.89044189453125,649.7234497070312,295.2056884765625,0.8029796481132507
248,14,1067.144775390625,79.39251708984375,1104.7122802734375,175.20643615722656,0.7135876417160034
248,4,1677.90966796875,35.021095275878906,1728.186767578125,189.5767364501953,0.6729843616485596
248,9,953.0511474609375,175.77369689941406,988.4208984375,222.63404846191406,0.5796366930007935
248,11,1102.348876953125,77.40316772460938,1135.8260498046875,171.4295196533203,0.5709055662155151
248,8,954.9135131835938,39.863685607910156,1126.2628173828125,85.98877716064453,0.5530331134796143
248,6,1117.21337890625,31.161300659179688,1301.779296875,83.40103912353516,0.5400530099868774
248,7,1304.6436767578125,41.913482666015625,1486.9903564453125,180.03343200683594,0.48232150077819824
248,5,1214.1522216796875,69.38154602050781,1265.9447021484375,193.12815856933594,0.41324853897094727
248,15,1306.0284423828125,41.979698181152344,1486.7449951171875,90.21748352050781,0.4047437906265259
248,12,1117.6490478515625,32.03519821166992,1301.8974609375,196.36666870117188,0.40406495332717896
248,10,1082.87255859375,175.62973022460938,1181.1910400390625,297.2674560546875,0.39758116006851196
248,25,976.1865844726562,186.6324920654297,1047.8740234375,288.2062683105469,0.30088692903518677
249,1,0.4758567810058594,259.0073547363281,140.67379760742188,470.56585693359375,0.908602774143219
249,2,266.28607177734375,111.57603454589844,518.8822631835938,245.382568359375,0.8879029750823975
249,3,0.15126800537109375,119.53289794921875,267.1412658691406,222.38104248046875,0.8759279847145081
249,19,594.5255126953125,158.23919677734375,645.8340454101562,290.27252197265625,0.7448089718818665
249,14,1067.296875,79.39107513427734,1104.6767578125,175.69644165039062,0.7198274731636047
249,4,1677.823974609375,34.97291946411133,1728.427734375,190.91725158691406,0.6736467480659485
249,9,952.7289428710938,175.81507873535156,988.2722778320312,222.5236358642578,0.5662299990653992
249,8,955.7030639648438,39.87059020996094,1126.1041259765625,85.9277572631836,0.5584271550178528
249,11,1102.6070556640625,77.56462097167969,1136.17138671875,171.4448699951172,0.5564749836921692
249,6,1117.260498046875,31.13257598876953,1301.84765625,83.24057006835938,0.5506739616394043
249,7,1304.813720703125,41.891571044921875,1487.1146240234375,179.51084899902344,0.4903726577758789
249,5,1214.299560546875,69.54501342773438,1265.96240234375,192.66600036621094,0.4347819983959198
249,10,1082.920654296875,175.78857421875,1181.2379150390625,297.0230712890625,0.41642919182777405
249,15,1306.11962890625,41.85890579223633,1486.871826171875,90.2396469116211,0.4001455008983612
249,12,1117.5518798828125,31.935012817382812,1301.991455078125,196.0048828125,0.3886459171772003
249,25,976.2533569335938,186.70468139648438,1048.081787109375,288.2026062011719,0.30382925271987915
250,1,0.4815788269042969,258.9899597167969,140.6555938720703,470.5804138183594,0.9086893796920776
250,2,266.34375,111.714599609375,518.7891235351562,245.30589294433594,0.8864405751228333
250,3,0.40887451171875,119.90540313720703,267.5152587890625,222.16444396972656,0.872982382774353
250,19,595.0191650390625,158.25357055664062,646.201904296875,285.408447265625,0.7579153180122375
250,14,1067.353271484375,79.40341186523438,1104.6650390625,175.61000061035156,0.7157810926437378
250,4,1677.5496826171875,34.99361038208008,1728.6676025390625,191.30145263671875,0.6751680970191956
250,8,955.5084228515625,39.95639419555664,1126.30224609375,85.9641342163086,0.5612587928771973
250,9,952.9449462890625,175.8680419921875,988.1444091796875,222.49630737304688,0.5594573020935059
250,11,1102.6630859375,77.61115264892578,1136.0635986328125,172.1362762451172,0.5570464134216309
250,6,1117.25146484375,31.163841247558594,1301.8858642578125,83.20425415039062,0.5528783798217773
250,7,1304.72607421875,41.931488037109375,1487.136474609375,179.6414031982422,0.48128798604011536
250,5,1214.1778564453125,69.40447998046875,1265.9835205078125,192.6580352783203,0.4429855942726135
250,10,1082.8463134765625,176.00698852539062,1180.86083984375,297.0770568847656,0.4139406085014343
250,15,1306.0872802734375,41.88780212402344,1486.8812255859375,90.27456665039062,0.4090668559074402
250,12,1117.60009765625,31.99358367919922,1302.0587158203125,195.97897338867188,0.3862428665161133
250,25,976.2861328125,186.73599243164062,1048.0345458984375,288.3534240722656,0.30300214886665344
251,1,0.488983154296875,259.0600280761719,140.7772979736328,470.5665283203125,0.9094600081443787
251,2,266.05450439453125,111.49188995361328,518.96435546875,244.9074249267578,0.884646475315094
251,3,0.4201812744140625,119.85509490966797,267.673095703125,222.12896728515625,0.8725661039352417
251,14,1067.4281005859375,79.3765869140625,1104.799072265625,176.28744506835938,0.7339605093002319
251,19,594.4739379882812,158.8726043701172,642.941162109375,283.3829345703125,0.6907070279121399
251,4,1677.685546875,34.981842041015625,1729.0155029296875,189.8484649658203,0.6767030358314514
251,11,1102.8958740234375,77.59725952148438,1136.779541015625,172.77529907226562,0.5916479229927063
251,9,952.979736328125,175.8065643310547,988.1273803710938,222.59678649902344,0.5745575428009033
251,8,955.3883056640625,39.88930892944336,1126.1405029296875,85.8857192993164,0.5613612532615662
251,6,1116.9305419921875,31.22713851928711,1302.1322021484375,83.28385162353516,0.5456873774528503
251,7,1304.707763671875,41.88060760498047,1488.0526123046875,180.5819091796875,0.48107463121414185
251,5,1214.1168212890625,69.34959411621094,1266.0030517578125,192.05557250976562,0.43656331300735474
251,15,1304.6015625,42.60447692871094,1487.8365478515625,86.34789276123047,0.41291505098342896
251,10,1082.3814697265625,176.23626708984375,1181.4808349609375,297.0301513671875,0.41208416223526
251,12,1117.424560546875,32.02759552001953,1302.3580322265625,195.4605712890625,0.3946061134338379
252,1,0.5049476623535156,259.9303894042969,140.59214782714844,470.49737548828125,0.9083923101425171
252,2,266.07904052734375,112.2209701538086,518.6085815429688,245.6278533935547,0.8907146453857422
252,3,0.3530731201171875,119.99622344970703,267.85198974609375,222.10520935058594,0.8766248226165771
252,19,594.9697875976562,160.02525329589844,644.78759765625,283.6716003417969,0.7657088041305542
252,14,1067.227783203125,79.86387634277344,1104.7940673828125,176.33047485351562,0.7193783521652222
252,4,1677.8470458984375,35.041282653808594,1730.132080078125,195.0900115966797,0.6278597712516785
252,9,952.5602416992188,175.9749755859375,988.1771850585938,222.42910766601562,0.577324390411377
252,6,1117.1334228515625,31.18271255493164,1302.0087890625,83.48643493652344,0.575994610786438
252,8,955.1055908203125,39.44950485229492,1127.436767578125,85.93270111083984,0.5661851167678833
252,7,1305.012939453125,42.018516540527344,1488.4471435546875,178.52627563476562,0.5051084160804749
252,11,1102.6395263671875,77.76113891601562,1134.509033203125,168.99673461914062,0.5005582571029663
252,5,1213.5316162109375,68.75761413574219,1266.167724609375,191.88381958007812,0.49495434761047363
252,10,1082.2119140625,176.22024536132812,1181.4525146484375,296.6821594238281,0.4311717748641968
252,15,1306.2086181640625,42.455177307128906,1487.97998046875,89.46574401855469,0.3981953263282776
252,12,1117.30810546875,31.818443298339844,1302.1080322265625,195.072509765625,0.3890872001647949
253,1,0.5030479431152344,259.9844055175781,140.589599609375,470.51422119140625,0.9084926843643188
253,2,265.99072265625,112.28665924072266,518.4803466796875,245.6057891845703,0.8894771933555603
253,3,0.3746795654296875,119.99370574951172,267.496337890625,221.9871063232422,0.8764411807060242
253,19,594.173583984375,158.6166229248047,642.4484252929688,286.5465087890625,0.8248973488807678
253,14,1067.19091796875,79.84343719482422,1104.904541015625,176.33213806152344,0.7230130434036255
253,4,1677.992431640625,34.971797943115234,1730.959716796875,194.21270751953125,0.6353486180305481
253,9,952.553466796875,176.031005859375,988.188720703125,222.34323120117188,0.5891797542572021
253,6,1117.457275390625,31.090930938720703,1301.86279296875,83.5514144897461,0.5786557197570801
253,8,954.3502807617188,39.405216217041016,1127.778564453125,86.11212158203125,0.5637431144714355
253,7,1305.010009765625,41.96495819091797,1488.2861328125,178.54898071289062,0.5102020502090454
253,5,1213.3377685546875,68.49835968017578,1266.1600341796875,191.9509735107422,0.49482110142707825
253,11,1102.843994140625,77.74504852294922,1134.6556396484375,169.15855407714844,0.4921252727508545
253,10,1082.0926513671875,175.88929748535156,1181.177978515625,296.6239929199219,0.41740718483924866
253,15,1306.2198486328125,42.39960479736328,1487.874755859375,89.58959197998047,0.3987777829170227
253,12,1117.58837890625,31.730255126953125,1301.94189453125,195.27101135253906,0.3895234763622284
254,1,0.49346923828125,260.04083251953125,140.52584838867188,470.57403564453125,0.9088451266288757
254,2,266.1217346191406,112.2707290649414,518.620849609375,245.65252685546875,0.8905767798423767
254,3,0.40550994873046875,120.0307846069336,268.03857421875,222.25416564941406,0.8778470158576965
254,19,591.95947265625,155.96243286132812,641.7767944335938,288.0576477050781,0.8342728018760681
254,14,1067.2049560546875,79.85897827148438,1104.967041015625,176.27334594726562,0.7173147201538086
254,4,1677.413818359375,34.982139587402344,1731.58447265625,194.92286682128906,0.6224849820137024
254,9,952.4945678710938,176.12997436523438,988.1851196289062,222.37110900878906,0.6184194087982178
254,6,1117.791259765625,31.071590423583984,1302.1876220703125,83.62972259521484,0.5665622353553772
254,8,953.9588012695312,39.319969177246094,1128.37841796875,86.18202209472656,0.5579434037208557
254,7,1304.914794921875,41.86676025390625,1488.2894287109375,178.7397918701172,0.5107817649841309
254,11,1102.7786865234375,77.9454574584961,1134.7744140625,169.2299346923828,0.4813813269138336
254,5,1213.546875,68.54502868652344,1266.0908203125,191.80239868164062,0.44226595759391785
254,10,1082.236572265625,175.78042602539062,1181.554443359375,296.75,0.4376905560493469
254,15,1306.1978759765625,42.252586364746094,1487.8948974609375,89.82366943359375,0.40116435289382935
254,12,1117.8841552734375,31.6918888092041,1302.3109130859375,195.103271484375,0.39875441789627075
254,27,939.907470703125,43.921165466308594,972.5674438476562,160.20828247070312,0.3248549997806549
255,1,0.495849609375,260.0238952636719,140.4226531982422,470.5296325683594,0.90842604637146
255,2,266.0251770019531,112.2538833618164,518.6472778320312,245.57713317871094,0.8836413621902466
255,3,0.330780029296875,119.97164154052734,267.1360168457031,221.99868774414062,0.8770172595977783
255,19,591.5534057617188,152.71463012695312,642.9212646484375,288.6203918457031,0.8252890706062317
255,14,1067.1060791015625,79.7145767211914,1105.0308837890625,176.1184539794922,0.7089036703109741
255,4,1677.142822265625,34.89269256591797,1731.54931640625,195.1761016845703,0.6252633929252625
255,9,952.5439453125,176.07705688476562,988.2636108398438,222.06015014648438,0.6185253858566284
255,6,1117.6199951171875,31.109756469726562,1302.158447265625,83.63232421875,0.570593535900116
255,8,954.2407836914062,39.23036193847656,1127.719970703125,86.07048797607422,0.5654051899909973
255,7,1305.0069580078125,41.929710388183594,1488.51123046875,179.50636291503906,0.5002608299255371
255,11,1102.7874755859375,77.48490142822266,1134.9989013671875,169.44998168945312,0.4900386929512024
255,5,1213.6007080078125,68.80677795410156,1266.18994140625,191.84632873535156,0.4506116509437561
255,10,1082.091064453125,176.3367156982422,1181.193603515625,296.254638671875,0.4372585713863373
255,15,1306.321044921875,42.37177658081055,1488.038818359375,89.9341049194336,0.40810516476631165
255,12,1117.686279296875,31.76085662841797,1302.2823486328125,195.0165252685547,0.39127078652381897
255,27,939.9864501953125,43.62311935424805,972.367919921875,160.1355438232422,0.3045540153980255
256,1,0.4990081787109375,260.103515625,140.3419647216797,470.44427490234375,0.9088612794876099
256,2,265.95025634765625,112.08200073242188,518.7333984375,245.47618103027344,0.8867993354797363
256,3,0.3856201171875,119.60765075683594,266.1129455566406,222.25437927246094,0.8767942786216736
256,19,590.1652221679688,150.23597717285156,643.541748046875,287.3439636230469,0.7938512563705444
256,14,1067.1903076171875,79.7457275390625,1104.9224853515625,175.6849822998047,0.6864886283874512
256,4,1677.12890625,34.913726806640625,1731.6416015625,195.1082305908203,0.6223795413970947
256,9,952.564697265625,175.68609619140625,988.3876342773438,221.96788024902344,0.5994195938110352
256,6,1117.538818359375,31.092487335205078,1302.4443359375,83.8316879272461,0.5710780620574951
256,8,954.3397216796875,39.28547286987305,1126.4229736328125,85.9520034790039,0.5616520643234253
256,7,1305.0814208984375,42.24547576904297,1488.48681640625,178.99887084960938,0.49699291586875916
256,11,1102.9798583984375,77.22750091552734,1135.2877197265625,168.76487731933594,0.4899831712245941
256,5,1213.6473388671875,68.79377746582031,1266.1900634765625,192.0344696044922,0.4737236201763153
256,10,1082.086669921875,175.95558166503906,1181.295654296875,296.4432678222656,0.43771904706954956
256,20,261.5122375488281,78.60399627685547,291.4476318359375,173.18798828125,0.43491294980049133
256,15,1306.3125,42.65388107299805,1488.0054931640625,89.85098266601562,0.404451847076416
256,12,1117.63232421875,31.741561889648438,1302.6346435546875,195.1657257080078,0.39433521032333374
257,1,0.49710845947265625,260.1347351074219,140.33807373046875,470.441162109375,0.9083730578422546
257,2,266.12457275390625,111.92692565917969,518.71240234375,245.56622314453125,0.8851601481437683
257,3,0.3339385986328125,120.01229095458984,266.1317443847656,221.96307373046875,0.8756092190742493
257,19,588.5311889648438,145.77719116210938,643.0983276367188,288.81903076171875,0.8188025951385498
257,14,1067.1280517578125,79.91075134277344,1104.925537109375,175.5985565185547,0.6846824884414673
257,4,1677.00732421875,34.890933990478516,1731.6917724609375,193.6490478515625,0.6320814490318298
257,9,952.5362548828125,175.3453826904297,988.4271240234375,221.8779296875,0.5996679663658142
257,6,1117.822998046875,31.123443603515625,1302.4427490234375,83.8736343383789,0.5702157616615295
257,8,954.952880859375,39.29857635498047,1126.883056640625,86.02924346923828,0.5624856352806091
257,7,1304.8597412109375,42.189353942871094,1487.7572021484375,179.06021118164062,0.4850294589996338
257,11,1102.9573974609375,77.79057312011719,1135.0159912109375,168.1968536376953,0.473234087228775
257,5,1213.6898193359375,68.5067138671875,1266.106689453125,192.13784790039062,0.4664878249168396
257,10,1082.2071533203125,175.814208984375,1181.451416015625,296.5122985839844,0.45128023624420166
257,15,1306.0718994140625,42.65730285644531,1487.38525390625,89.99272155761719,0.41003984212875366
257,12,1117.85009765625,31.775413513183594,1302.5635986328125,195.0399627685547,0.3947499990463257
258,1,0.4908714294433594,260.1426086425781,140.3858184814453,470.3689270019531,0.9081791043281555
258,2,266.0788879394531,111.92498779296875,518.8099365234375,245.49147033691406,0.8845502138137817
258,3,0.33544921875,120.03195190429688,266.4507751464844,221.677734375,0.8739352226257324
258,19,586.4470825195312,143.68080139160156,642.0311279296875,287.8729248046875,0.8235156536102295
258,14,1067.19140625,79.87994384765625,1105.103759765625,175.94261169433594,0.6939533352851868
258,4,1676.9212646484375,34.952842712402344,1731.362548828125,191.99972534179688,0.6505028009414673
258,9,952.4991455078125,175.25990295410156,988.3048706054688,221.8824920654297,0.6049985289573669
258,6,1117.9066162109375,31.088756561279297,1302.4083251953125,83.76809692382812,0.5702168941497803
258,8,954.7080688476562,39.13747024536133,1126.661865234375,86.10887145996094,0.5671926736831665
258,5,1213.640625,68.618408203125,1266.1820068359375,192.2867889404297,0.4906090497970581
258,7,1304.70166015625,42.12135696411133,1487.703857421875,179.72181701660156,0.46727320551872253
258,11,1103.0390625,77.62939453125,1134.895751953125,168.56304931640625,0.464163601398468
258,10,1082.3408203125,176.52044677734375,1181.165771484375,296.2114562988281,0.43699342012405396
258,15,1306.1181640625,42.21126937866211,1487.1669921875,90.97785949707031,0.4193560779094696
258,12,1117.9827880859375,31.777908325195312,1302.5703125,194.76470947265625,0.3963240385055542
259,1,0.49207305908203125,260.10333251953125,140.409912109375,470.3702087402344,0.9074428081512451
259,2,266.0452880859375,111.9690170288086,518.917236328125,245.45738220214844,0.8876503109931946
259,3,0.3654327392578125,119.96601104736328,267.005859375,221.65550231933594,0.8746806383132935
259,19,585.0813598632812,143.60519409179688,642.3294067382812,284.92279052734375,0.8274543285369873
259,14,1067.2884521484375,80.02340698242188,1105.1707763671875,175.92494201660156,0.7002588510513306
259,4,1677.285400390625,35.05865478515625,1730.75,192.1109161376953,0.6437346339225769
259,9,952.18359375,175.14048767089844,988.445068359375,221.6497802734375,0.6125329732894897
259,8,955.4441528320312,39.030670166015625,1126.732666015625,86.03567504882812,0.5706872344017029
259,6,1117.554931640625,31.132495880126953,1302.1783447265625,83.49815368652344,0.564129650592804
259,5,1213.8013916015625,68.84905242919922,1266.2740478515625,192.3800506591797,0.5022789239883423
259,11,1103.142822265625,77.49549865722656,1135.0361328125,168.63345336914062,0.47085702419281006
259,7,1304.508544921875,42.148887634277344,1487.438232421875,180.21487426757812,0.46786046028137207
259,15,1305.7713623046875,42.62233352661133,1487.063720703125,91.16775512695312,0.4204932451248169
259,10,1082.40869140625,176.62440490722656,1181.0970458984375,296.3728942871094,0.41870591044425964
259,12,1117.6292724609375,31.85664939880371,1302.3526611328125,194.4630889892578,0.3968263268470764
260,1,0.48918914794921875,259.87908935546875,140.40170288085938,470.4623107910156,0.9069845676422119
260,2,265.97894287109375,111.83700561523438,519.0503540039062,245.3936004638672,0.8880396485328674
260,3,0.574951171875,119.46524810791016,266.4897766113281,222.21322631835938,0.8764404654502869
260,19,584.4204711914062,144.09632873535156,642.8424682617188,285.30108642578125,0.7951762080192566
260,14,1067.192138671875,79.71235656738281,1105.15673828125,175.42213439941406,0.6865003108978271
260,4,1677.0001220703125,35.104652404785156,1729.8641357421875,191.29376220703125,0.6271728277206421
260,9,952.1654663085938,175.2480010986328,988.5108032226562,221.62879943847656,0.6082008481025696
260,20,265.2488708496094,78.98284149169922,300.1088562011719,175.6014404296875,0.5979083180427551
260,8,955.8323364257812,39.08960723876953,1126.6435546875,86.00843811035156,0.5754470825195312
260,6,1117.72119140625,31.033092498779297,1302.3270263671875,83.36579895019531,0.5632002353668213
260,5,1213.95556640625,68.9424819946289,1266.368896484375,192.4950408935547,0.4898052215576172
260,11,1103.4730224609375,77.88228607177734,1135.9625244140625,170.88729858398438,0.4815075993537903
260,7,1304.430908203125,42.111419677734375,1487.3330078125,179.86166381835938,0.4713336229324341
260,15,1305.6654052734375,42.61471176147461,1486.960693359375,91.67163848876953,0.42279279232025146
260,10,1082.7337646484375,176.4699249267578,1181.13720703125,296.3616027832031,0.42199617624282837
260,12,1117.8388671875,31.787979125976562,1302.5260009765625,194.40234375,0.39744922518730164
261,1,0.49346923828125,259.9286804199219,140.4102325439453,470.3430480957031,0.9069298505783081
261,2,266.1159362792969,111.85758209228516,519.1376953125,245.49188232421875,0.8870164155960083
261,3,0.49687957763671875,119.58036804199219,266.7139587402344,222.05397033691406,0.8765630125999451
261,19,584.6441040039062,145.12527465820312,641.9979858398438,274.0979919433594,0.7780439257621765
261,14,1067.0999755859375,79.84959411621094,1105.217041015625,175.7731475830078,0.6874418258666992
261,4,1677.017578125,35.13425827026367,1729.392333984375,191.10540771484375,0.6304603815078735
261,9,952.0565795898438,175.34518432617188,988.4508056640625,221.61978149414062,0.5882490277290344
261,8,956.5389404296875,39.077030181884766,1126.6982421875,86.0882568359375,0.5790658593177795
261,6,1117.7640380859375,31.047592163085938,1302.28271484375,83.348876953125,0.5774956941604614
261,20,266.6419372558594,81.35836029052734,300.1044616699219,174.01194763183594,0.5714596509933472
261,5,1213.924560546875,68.87782287597656,1266.25830078125,192.3453369140625,0.5292928814888
261,7,1304.5433349609375,42.14945983886719,1487.3389892578125,179.1526336669922,0.47484952211380005
261,11,1103.2064208984375,77.59140014648438,1135.218017578125,167.8399200439453,0.4686970114707947
261,10,1082.9534912109375,176.5941925048828,1181.06787109375,296.2002258300781,0.42353132367134094
261,15,1305.9749755859375,42.18564987182617,1486.9229736328125,92.07003021240234,0.41790178418159485
261,12,1117.73876953125,31.74916648864746,1302.5111083984375,194.2873077392578,0.386457234621048
262,1,0.49655914306640625,259.9229736328125,140.32598876953125,470.3345031738281,0.9069094061851501
262,2,266.0138854980469,111.82489776611328,519.1580200195312,245.43264770507812,0.8878164291381836
262,3,0.6063766479492188,119.42329406738281,266.6968994140625,222.12863159179688,0.8776403069496155
262,19,584.5551147460938,144.18003845214844,641.7861938476562,266.2311706542969,0.7188346982002258
262,14,1067.0938720703125,79.82988739013672,1105.229248046875,175.59164428710938,0.6914944648742676
262,4,1676.871826171875,35.30010223388672,1729.357177734375,191.27252197265625,0.619502067565918
262,20,265.0997314453125,79.84407806396484,300.29473876953125,174.58895874023438,0.5875942707061768
262,8,956.127197265625,39.14692306518555,1126.7738037109375,86.24576568603516,0.582240104675293
262,9,952.1480712890625,175.2886962890625,988.37548828125,221.74557495117188,0.5803559422492981
262,6,1118.1116943359375,31.03411102294922,1302.3634033203125,83.30648803710938,0.5746596455574036
262,5,1213.8216552734375,68.77718353271484,1266.2486572265625,192.5306854248047,0.522842526435852
262,7,1304.8480224609375,42.15238952636719,1487.2452392578125,178.91213989257812,0.4840814173221588
262,11,1103.047607421875,77.68341064453125,1135.301513671875,167.60426330566406,0.4650232195854187
262,10,1082.956787109375,177.02993774414062,1180.674560546875,296.414794921875,0.42832836508750916
262,15,1306.048095703125,42.594947814941406,1486.900634765625,90.22581481933594,0.40851926803588867
262,12,1118.056640625,31.769439697265625,1302.6016845703125,194.66758728027344,0.3912505805492401
262,25,976.1867065429688,186.97793579101562,1048.1793212890625,286.7295227050781,0.3068389594554901
263,1,0.4909400939941406,260.0223083496094,140.36300659179688,470.36956787109375,0.9067079424858093
263,2,266.06231689453125,111.86829376220703,519.135498046875,245.56256103515625,0.8909537196159363
263,3,0.6056671142578125,119.57977294921875,267.129638671875,222.02687072753906,0.8736354112625122
263,19,584.2343139648438,143.13758850097656,641.1085205078125,264.8138122558594,0.7415547370910645
263,14,1067.21533203125,79.70329284667969,1105.253662109375,175.5963592529297,0.7004464268684387
263,4,1675.2349853515625,35.91448974609375,1728.7384033203125,216.40113830566406,0.6063507795333862
263,9,952.2960205078125,175.46388244628906,988.1683959960938,221.79295349121094,0.5812885761260986
263,8,956.5463256835938,39.208343505859375,1126.563720703125,86.34949493408203,0.5764029026031494
263,6,1118.2734375,31.094707489013672,1302.353515625,83.35366821289062,0.5739070177078247
263,5,1213.751953125,69.04753875732422,1266.1439208984375,193.1022491455078,0.5343937277793884
263,7,1304.9071044921875,42.23368835449219,1487.3629150390625,178.75283813476562,0.488303005695343
263,11,1102.9464111328125,78.02725982666016,1135.1407470703125,167.1990203857422,0.4726322591304779
263,20,266.9608459472656,86.29408264160156,302.4273681640625,174.03204345703125,0.46413254737854004
263,10,1083.146484375,176.1394500732422,1180.6094970703125,296.46441650390625,0.43307968974113464
263,15,1306.128662109375,42.686798095703125,1486.947509765625,90.02954864501953,0.40580061078071594
263,12,1118.347412109375,31.83281707763672,1302.6346435546875,195.26316833496094,0.3915843963623047
263,25,976.2625122070312,186.9964599609375,1048.3199462890625,286.6815490722656,0.3186261057853699
264,1,0.4889030456542969,260.1891174316406,140.3660125732422,470.6271057128906,0.907039225101471
264,2,266.1493225097656,111.59773254394531,519.4212646484375,245.4873046875,0.8918031454086304
264,3,0.6074981689453125,119.66656494140625,267.01116943359375,221.78919982910156,0.8738874197006226
264,19,585.57177734375,144.1409454345703,641.1320190429688,265.98626708984375,0.7677413821220398
264,4,1675.6728515625,36.56359100341797,1729.25244140625,214.55479431152344,0.6874914169311523
264,14,1067.1453857421875,79.56145477294922,1105.47119140625,174.59249877929688,0.6749652028083801
264,20,267.3916931152344,83.92552185058594,302.117431640625,173.97268676757812,0.6313629150390625
264,9,952.4779052734375,176.28607177734375,987.8057250976562,221.13436889648438,0.58336341381073
264,6,1118.4727783203125,31.142658233642578,1302.1832275390625,83.66959381103516,0.5713029503822327
264,8,956.2459716796875,39.719329833984375,1127.2467041015625,86.78517150878906,0.5606909394264221
264,5,1213.7288818359375,69.05994415283203,1266.2552490234375,190.70468139648438,0.5216970443725586
264,7,1304.7132568359375,42.26376724243164,1486.9866943359375,178.83901977539062,0.5186268091201782
264,15,1306.0528564453125,42.746681213378906,1486.734375,89.89331817626953,0.3952278792858124
264,12,1118.2535400390625,31.79248809814453,1302.6048583984375,193.39137268066406,0.3890235424041748
264,27,939.350830078125,43.87049102783203,973.4384765625,161.0093536376953,0.3819420635700226
264,10,1083.796875,176.48153686523438,1180.0474853515625,296.6466369628906,0.3659939765930176
264,11,1101.833984375,78.79522705078125,1134.48828125,168.81912231445312,0.34456560015678406
264,26,601.6586303710938,106.04267120361328,650.1646728515625,161.23193359375,0.32541707158088684
265,1,0.48486328125,260.2109069824219,140.39471435546875,470.6587829589844,0.907454252243042
265,2,266.89794921875,111.59552764892578,519.7102661132812,245.60459899902344,0.8974984884262085
265,3,0.38220977783203125,119.99519348144531,267.61566162109375,221.47879028320312,0.8730217218399048
265,14,1067.09619140625,79.49571990966797,1105.4022216796875,174.29864501953125,0.6929002404212952
265,19,586.727294921875,141.75091552734375,638.8740844726562,265.2369689941406,0.6872833371162415
265,4,1675.8717041015625,36.70928192138672,1729.3187255859375,214.1217041015625,0.6701604127883911
265,9,952.421875,176.28338623046875,987.7548217773438,221.32449340820312,0.5923904180526733
265,6,1118.25,31.14209747314453,1301.9447021484375,83.49948120117188,0.5646409392356873
265,8,956.3843994140625,39.71986770629883,1126.919677734375,86.69145202636719,0.5624451637268066
265,7,1304.752197265625,42.188072204589844,1487.1673583984375,178.75991821289062,0.5204175710678101
265,20,268.85687255859375,88.88566589355469,300.75,172.59765625,0.5114714503288269
265,5,1213.48388671875,69.04840850830078,1266.252685546875,190.57662963867188,0.5107301473617554
265,27,939.7831420898438,44.11839294433594,973.3123168945312,160.8589324951172,0.3992455303668976
265,15,1306.0689697265625,42.628604888916016,1486.9112548828125,89.63204956054688,0.3935258090496063
265,12,1118.1441650390625,31.813316345214844,1302.2757568359375,193.46282958984375,0.3934401869773865
265,11,1102.444091796875,78.86732482910156,1135.4404296875,168.31532287597656,0.38832661509513855
265,10,1083.498046875,176.42642211914062,1180.1373291015625,296.43731689453125,0.3527495861053467
266,1,0.4875297546386719,260.16485595703125,140.4201202392578,470.58380126953125,0.907444953918457
266,2,267.0903015136719,111.40617370605469,519.6264038085938,245.71275329589844,0.8952042460441589
266,3,0.410797119140625,120.0165786743164,267.6101379394531,221.499755859375,0.8733498454093933
266,14,1067.114501953125,79.39720916748047,1105.34033203125,173.93226623535156,0.7007306814193726
266,19,593.257568359375,140.13075256347656,640.1182861328125,264.4656677246094,0.6979394555091858
266,4,1675.7362060546875,36.50593566894531,1729.31982421875,214.18685913085938,0.6844980120658875
266,9,952.4947509765625,176.29824829101562,987.8690795898438,221.48959350585938,0.6105824708938599
266,6,1118.24267578125,31.117961883544922,1301.71142578125,83.39532470703125,0.5720129609107971
266,8,956.3527221679688,39.703311920166016,1126.8992919921875,86.62367248535156,0.5597127676010132
266,5,1213.2923583984375,68.96129608154297,1266.43798828125,190.5181884765625,0.538195013999939
266,20,270.576171875,89.583984375,302.7318420410156,173.21759033203125,0.5221708416938782
266,7,1304.8543701171875,42.068115234375,1487.3990478515625,179.31227111816406,0.521968424320221
266,11,1102.9625244140625,78.67254638671875,1135.480224609375,168.5211181640625,0.41040199995040894
266,15,1306.14697265625,42.526222229003906,1487.12109375,89.40092468261719,0.3951113820075989
266,12,1118.102783203125,31.80896759033203,1302.047607421875,193.40821838378906,0.3861805498600006
266,27,939.7413940429688,43.897674560546875,972.6890258789062,161.06842041015625,0.3740693926811218
266,10,1083.3721923828125,176.23818969726562,1180.199462890625,296.4443664550781,0.364510178565979
266,26,599.7946166992188,105.58055877685547,650.0185546875,160.5750732421875,0.3141750693321228
267,1,0.4885826110839844,260.0614013671875,140.3501434326172,470.6165771484375,0.9063467383384705
267,2,266.49456787109375,111.62169647216797,519.2955322265625,245.8524627685547,0.8918070197105408
267,3,0.39971923828125,120.04862213134766,267.7350158691406,221.74639892578125,0.8723967671394348
267,19,594.4871826171875,135.64503479003906,641.76611328125,265.5729064941406,0.7754793763160706
267,14,1067.383544921875,79.28153228759766,1104.929443359375,172.9221649169922,0.6826220750808716
267,4,1676.189208984375,35.43463897705078,1729.5194091796875,210.9239501953125,0.6596655249595642
267,9,952.2139892578125,175.761474609375,988.182861328125,221.65859985351562,0.579893946647644
267,6,1118.10400390625,31.086444854736328,1301.5909423828125,83.41519165039062,0.5599554777145386
267,8,956.5752563476562,39.774078369140625,1125.7685546875,86.3448257446289,0.5510556101799011
267,5,1213.29833984375,69.06722259521484,1266.15869140625,190.61001586914062,0.52841717004776
267,7,1305.3013916015625,42.11846923828125,1488.0087890625,179.89100646972656,0.507967472076416
267,20,275.1812744140625,87.70587158203125,304.87237548828125,171.06459045410156,0.4781530499458313
267,11,1103.6572265625,78.63839721679688,1135.68701171875,165.22906494140625,0.4504219889640808
267,15,1306.4395751953125,42.72732162475586,1487.6929931640625,89.16121673583984,0.3950957655906677
267,12,1118.133544921875,31.837984085083008,1301.8465576171875,193.64659118652344,0.3939889073371887
267,10,1082.8936767578125,175.3678436279297,1181.54541015625,297.05853271484375,0.39243775606155396
268,1,0.4873237609863281,260.052978515625,140.441162109375,470.6393737792969,0.9070174694061279
268,2,266.76531982421875,111.24524688720703,519.3977661132812,245.7541961669922,0.8953102827072144
268,3,0.5638504028320312,120.08331298828125,268.0246276855469,222.16571044921875,0.8756251335144043
268,14,1067.3887939453125,79.30247497558594,1105.031005859375,174.1461181640625,0.7218504548072815
268,4,1675.9859619140625,35.456336975097656,1729.7098388671875,212.13148498535156,0.6911495327949524
268,19,596.5559692382812,131.59320068359375,643.7741088867188,265.7291259765625,0.6811959147453308
268,20,274.6551818847656,86.16114807128906,305.02679443359375,170.91709899902344,0.5968760251998901
268,9,952.2775268554688,175.8247833251953,988.1423950195312,221.7502899169922,0.5955180525779724
268,6,1118.0738525390625,31.09603500366211,1301.7396240234375,83.4449234008789,0.5599075555801392
268,8,956.5892944335938,39.56849670410156,1126.255126953125,85.88717651367188,0.5597493052482605
268,5,1213.246337890625,69.01778411865234,1266.3663330078125,190.72824096679688,0.5275359153747559
268,7,1305.1702880859375,42.064842224121094,1488.1195068359375,180.42115783691406,0.49625569581985474
268,11,1103.7535400390625,78.68506622314453,1135.792724609375,167.74603271484375,0.47188228368759155
268,15,1306.3280029296875,42.67844009399414,1487.766845703125,89.12860870361328,0.401182621717453
268,12,1118.1707763671875,31.817733764648438,1302.0291748046875,193.6443328857422,0.393584281206131
268,10,1083.5850830078125,175.37022399902344,1181.58056640625,297.33154296875,0.3666369616985321
268,27,940.0519409179688,43.50627136230469,973.0427856445312,161.16542053222656,0.3260270655155182
269,1,0.4907569885253906,259.78778076171875,139.83811950683594,471.1813049316406,0.9070925712585449
269,2,266.819580078125,111.18223571777344,519.4161987304688,245.81021118164062,0.8936669826507568
269,3,0.5332717895507812,120.06908416748047,267.940673828125,222.1175994873047,0.8730754852294922
269,19,595.3646850585938,130.6877899169922,650.4179077148438,266.16851806640625,0.7385569214820862
269,14,1067.329833984375,79.15422821044922,1105.10302734375,174.74374389648438,0.7341662049293518
269,4,1676.5294189453125,35.4802131652832,1729.8717041015625,208.4579315185547,0.6359351873397827
269,9,952.4725341796875,175.88026428222656,988.133056640625,221.89906311035156,0.591701090335846
269,20,274.283203125,86.82209014892578,304.51446533203125,171.58346557617188,0.5657714605331421
269,8,955.7274780273438,39.55286407470703,1127.17333984375,85.92542266845703,0.5619629621505737
269,6,1118.0338134765625,31.29037857055664,1301.78125,83.45609283447266,0.5608257055282593
269,5,1213.2703857421875,68.90620422363281,1266.36181640625,191.01136779785156,0.5340489149093628
269,7,1305.2744140625,42.014671325683594,1488.4132080078125,180.7261199951172,0.4981338083744049
269,11,1103.313232421875,78.48552703857422,1135.1812744140625,167.5582275390625,0.46582353115081787
269,15,1306.356201171875,42.66621780395508,1488.080322265625,89.27838897705078,0.39772936701774597
269,12,1118.085693359375,32.06382751464844,1302.0887451171875,193.90257263183594,0.3938356935977936
269,10,1084.2177734375,175.84439086914062,1181.5225830078125,296.9976806640625,0.34961000084877014
270,1,0.4893150329589844,259.9718017578125,140.81634521484375,470.43927001953125,0.9082621932029724
270,2,266.9565124511719,111.7039566040039,519.0571899414062,245.51220703125,0.888526976108551
270,3,0.392486572265625,120.2182846069336,267.9081726074219,221.86648559570312,0.8736791014671326
270,14,1067.3829345703125,78.97162628173828,1105.2696533203125,177.15542602539062,0.7645861506462097
270,19,595.8823852539062,130.88621520996094,646.3235473632812,263.13458251953125,0.7261541485786438
270,9,951.6028442382812,175.15196228027344,988.4121704101562,222.05726623535156,0.6250912547111511
270,4,1677.36328125,34.78974151611328,1729.80029296875,191.9062042236328,0.6182882785797119
270,20,274.3801574707031,88.01250457763672,304.7435302734375,171.11473083496094,0.6036486029624939
270,8,956.1859130859375,39.42564392089844,1126.962158203125,86.08504486083984,0.5686801671981812
270,6,1117.797119140625,31.147109985351562,1301.9805908203125,83.68376159667969,0.559357762336731
270,5,1213.734375,68.88395690917969,1266.69287109375,190.88800048828125,0.5297949314117432
270,11,1103.7015380859375,78.17349243164062,1136.5924072265625,169.39279174804688,0.5215858817100525
270,7,1305.0633544921875,41.85260009765625,1488.523681640625,180.71607971191406,0.5019529461860657
270,15,1306.162841796875,42.53260040283203,1488.121337890625,89.644775390625,0.3964398205280304
270,10,1082.2607421875,176.23397827148438,1181.39404296875,296.78338623046875,0.39276158809661865
270,12,1118.0599365234375,31.927419662475586,1302.25927734375,193.2578887939453,0.39218756556510925
271,1,0.4896812438964844,259.96063232421875,140.83065795898438,470.5197448730469,0.9080100059509277
271,2,266.8750915527344,111.5877685546875,519.0791015625,245.50836181640625,0.8864091038703918
271,3,0.41315460205078125,120.23636627197266,267.9795227050781,221.88937377929688,0.871727466583252
271,14,1067.41455078125,78.8957290649414,1105.360595703125,177.20582580566406,0.7672497630119324
271,19,595.5284423828125,132.5997314453125,645.724609375,263.6788330078125,0.7533096075057983
271,4,1677.2076416015625,34.704349517822266,1730.9564208984375,194.27243041992188,0.6362241506576538
271,20,277.58721923828125,89.2430419921875,305.464599609375,170.27243041992188,0.6264496445655823
271,9,951.5377807617188,174.98858642578125,988.4247436523438,222.3779754638672,0.6232014298439026
271,8,956.4144287109375,39.28158187866211,1126.638916015625,86.14449310302734,0.5670680999755859
271,6,1117.9779052734375,31.181007385253906,1301.7464599609375,83.69780731201172,0.5625892877578735
271,5,1213.8370361328125,68.94957733154297,1266.7109375,191.15809631347656,0.5401841998100281
271,11,1103.528076171875,78.10757446289062,1136.4561767578125,170.0394744873047,0.5300424695014954
271,7,1305.2747802734375,41.717742919921875,1488.288330078125,180.94967651367188,0.5070847272872925
271,15,1306.3973388671875,42.44294738769531,1487.8936767578125,89.7140121459961,0.4001905918121338
271,12,1118.2119140625,31.93853759765625,1301.957763671875,193.4966583251953,0.3924823999404907
271,10,1082.117431640625,176.06488037109375,1181.2615966796875,296.8140563964844,0.3917744755744934
271,27,940.1327514648438,43.20417404174805,972.7216796875,162.44244384765625,0.30396148562431335
272,1,0.4957695007324219,260.00335693359375,140.7535400390625,470.6015625,0.9081064462661743
272,2,266.90460205078125,111.67253112792969,519.0205688476562,245.46322631835938,0.8880237340927124
272,3,0.384613037109375,120.22332000732422,267.31549072265625,221.8625030517578,0.8723465800285339
272,14,1067.3306884765625,78.89371490478516,1105.222900390625,177.0504608154297,0.7633539438247681
272,19,598.2019653320312,132.99046325683594,646.4850463867188,263.6280517578125,0.7367570996284485
272,4,1677.3988037109375,34.647743225097656,1731.4281005859375,192.44679260253906,0.6429649591445923
272,9,951.3605346679688,174.93429565429688,988.5631713867188,222.59092712402344,0.6191626191139221
272,20,277.7076416015625,89.52420043945312,305.40032958984375,169.87094116210938,0.6069236993789673
272,8,957.0294799804688,39.330745697021484,1125.7021484375,86.01256561279297,0.5671750903129578
272,6,1118.0087890625,31.21523666381836,1301.94775390625,83.71759033203125,0.5649746656417847
272,5,1213.753173828125,68.83273315429688,1266.6966552734375,191.29820251464844,0.5543370842933655
272,11,1103.3714599609375,77.70062255859375,1136.457275390625,169.78570556640625,0.537377119064331
272,7,1304.9736328125,41.65279006958008,1488.1373291015625,180.5797576904297,0.5095541477203369
272,10,1081.9921875,176.02813720703125,1181.486572265625,296.55377197265625,0.40223219990730286
272,15,1306.1495361328125,42.4067268371582,1487.788330078125,89.71101379394531,0.39568665623664856
272,12,1118.228759765625,31.9735164642334,1302.239501953125,193.67005920410156,0.3891456127166748
272,27,940.042236328125,43.3282470703125,973.9844970703125,163.09149169921875,0.35273972153663635
273,1,0.500152587890625,260.0038146972656,140.60777282714844,470.5523986816406,0.9084880352020264
273,2,266.9660339355469,111.8313217163086,519.1165161132812,245.4996337890625,0.8893740177154541
273,3,0.36838531494140625,120.22634887695312,266.7044982910156,221.7820587158203,0.8694588541984558
273,14,1067.3084716796875,79.00238800048828,1105.2484130859375,176.82666015625,0.7554830312728882
273,19,597.028076171875,132.288818359375,647.5283813476562,261.371337890625,0.6676562428474426
273,4,1677.3870849609375,34.68305969238281,1731.7239990234375,193.266357421875,0.6279411315917969
273,9,951.3348999023438,175.15383911132812,988.6353149414062,222.85748291015625,0.605762779712677
273,20,277.5375061035156,88.69489288330078,305.05645751953125,168.7866668701172,0.5644908547401428
273,8,957.703857421875,39.39484405517578,1126.0921630859375,86.01004028320312,0.5583749413490295
273,6,1117.9354248046875,31.13656997680664,1301.6390380859375,83.61888885498047,0.5569842457771301
273,5,1213.791259765625,68.88196563720703,1266.594482421875,191.34005737304688,0.5430155396461487
273,11,1103.2452392578125,77.73715209960938,1136.446044921875,169.14730834960938,0.5148533582687378
273,7,1304.915771484375,41.74529266357422,1488.240234375,180.37216186523438,0.5129737854003906
273,10,1081.89013671875,176.15565490722656,1181.251953125,296.71722412109375,0.4198489785194397
273,27,939.8633422851562,43.82892608642578,973.4507446289062,163.01097106933594,0.40221041440963745
273,15,1306.1253662109375,42.49971008300781,1487.826416015625,89.6725845336914,0.39720574021339417
273,12,1118.140869140625,31.89847755432129,1301.901123046875,193.657470703125,0.3925979733467102
273,25,976.5552978515625,186.9829559326172,1048.3106689453125,285.89971923828125,0.32065126299858093
274,1,0.4976692199707031,259.95684814453125,140.5966339111328,470.5621032714844,0.9087560176849365
274,2,267.47412109375,111.86769104003906,519.27783203125,245.5806884765625,0.8934372067451477
274,3,0.33249664306640625,120.28800201416016,266.28424072265625,221.79434204101562,0.8660115003585815
274,14,1067.3311767578125,79.09435272216797,1105.418701171875,176.62551879882812,0.7401699423789978
274,19,599.0563354492188,132.8870086669922,648.0369873046875,261.0789489746094,0.7213906645774841
274,4,1677.777587890625,34.7305793762207,1731.7193603515625,193.80880737304688,0.6113024950027466
274,9,951.1818237304688,175.1037139892578,988.6902465820312,222.80625915527344,0.5741848945617676
274,6,1117.360595703125,31.069072723388672,1301.6075439453125,83.66041564941406,0.5590469837188721
274,8,958.0677490234375,39.29056930541992,1126.7847900390625,86.34619903564453,0.5581210255622864
274,5,1213.6324462890625,68.83477020263672,1266.5361328125,191.38719177246094,0.5442469716072083
274,7,1304.867431640625,41.71733474731445,1488.3104248046875,179.80224609375,0.512663722038269
274,11,1103.1741943359375,77.98667907714844,1136.524658203125,170.56393432617188,0.48274946212768555
274,10,1081.791748046875,176.15391540527344,1181.3389892578125,296.70733642578125,0.4071706533432007
274,15,1306.0726318359375,42.41291809082031,1487.8831787109375,89.66141510009766,0.39470452070236206
274,12,1117.4219970703125,31.77985382080078,1301.8692626953125,193.7882080078125,0.3912067115306854
274,20,276.5830993652344,91.12101745605469,305.09765625,167.9292755126953,0.38382306694984436
274,27,940.1011962890625,43.434608459472656,973.4584350585938,162.50209045410156,0.36987754702568054
274,25,976.1041259765625,186.95077514648438,1048.3114013671875,285.93511962890625,0.3145691454410553
275,1,0.4882164001464844,260.0206604003906,140.54269409179688,470.5657653808594,0.9089828133583069
275,2,267.2938232421875,111.91516876220703,519.1107788085938,245.5382080078125,0.8925290107727051
275,3,0.421600341796875,120.6126708984375,265.8453369140625,221.16458129882812,0.8666520714759827
275,19,602.3919067382812,131.7747344970703,649.6087646484375,257.0054016113281,0.7931731343269348
275,14,1067.291259765625,79.21376037597656,1105.5252685546875,177.20022583007812,0.744046151638031
275,4,1677.8515625,34.77388000488281,1731.6856689453125,193.00323486328125,0.6365569829940796
275,9,950.765869140625,174.82447814941406,988.8836669921875,222.5496368408203,0.580726146697998
275,6,1117.0523681640625,31.179725646972656,1301.6776123046875,83.7679672241211,0.5642868876457214
275,8,957.127685546875,39.50530242919922,1125.9927978515625,86.40861511230469,0.555802583694458
275,5,1213.787841796875,69.19017791748047,1266.5130615234375,191.23060607910156,0.5409243702888489
275,11,1103.351318359375,77.96992492675781,1136.609619140625,173.0402069091797,0.5126664638519287
275,7,1305.0384521484375,41.48982238769531,1488.7811279296875,178.3145294189453,0.5029729008674622
275,10,1081.9822998046875,176.268310546875,1181.3331298828125,296.76214599609375,0.42239928245544434
275,15,1306.1925048828125,42.2417106628418,1488.341796875,89.5841293334961,0.398097425699234
275,12,1117.0943603515625,31.860877990722656,1301.92578125,193.83445739746094,0.3910212218761444
275,27,940.204833984375,43.516685485839844,973.1846923828125,162.33335876464844,0.3540209233760834
275,25,976.2528686523438,186.76785278320312,1048.06298828125,285.6139831542969,0.311445951461792
275,20,276.0936584472656,91.37539672851562,304.71990966796875,168.00949096679688,0.30197346210479736
276,1,0.5215530395507812,259.45294189453125,140.54786682128906,470.6485290527344,0.9089438915252686
276,2,267.01751708984375,112.37954711914062,518.9837036132812,245.62705993652344,0.8884149789810181
276,3,0.51763916015625,120.7647933959961,265.66436767578125,223.0652618408203,0.86946702003479
276,19,603.4317626953125,130.6556854248047,650.2876586914062,255.4109344482422,0.8003467321395874
276,14,1067.1053466796875,78.66437530517578,1105.14404296875,177.15245056152344,0.747982919216156
276,9,951.7289428710938,173.92977905273438,989.2930297851562,221.86083984375,0.6517836451530457
276,4,1677.79443359375,34.842857360839844,1731.7962646484375,191.50790405273438,0.5946541428565979
276,8,956.7456665039062,39.45457077026367,1125.9471435546875,86.52180480957031,0.5739685893058777
276,6,1117.03564453125,30.899517059326172,1301.9278564453125,83.80058288574219,0.5556412935256958
276,11,1103.73779296875,78.7152328491211,1137.2413330078125,175.03684997558594,0.555535614490509
276,5,1214.34326171875,69.20647430419922,1266.1888427734375,191.33827209472656,0.5177274942398071
276,7,1304.800537109375,41.50531768798828,1488.947021484375,179.39332580566406,0.49034783244132996
276,10,1081.950439453125,176.624267578125,1179.5518798828125,297.3880920410156,0.41862601041793823
276,15,1305.947021484375,42.180702209472656,1488.5269775390625,89.54347229003906,0.40337079763412476
276,12,1117.1148681640625,31.614898681640625,1302.1107177734375,195.18846130371094,0.3992343842983246
277,1,0.523590087890625,259.4809265136719,140.59181213378906,470.67718505859375,0.9089376330375671
277,2,267.1229248046875,112.37793731689453,518.9588623046875,245.6622314453125,0.8904669284820557
277,3,0.59857177734375,120.82781982421875,265.2915344238281,223.36033630371094,0.8705781102180481
277,19,605.9827880859375,130.518310546875,652.2830200195312,254.51797485351562,0.814521849155426
277,14,1067.1756591796875,78.68980407714844,1105.096435546875,177.3013458251953,0.7531256079673767
277,9,951.6458129882812,173.94891357421875,989.2033081054688,221.84884643554688,0.6535515785217285
277,4,1677.904541015625,34.72686767578125,1731.799072265625,192.16360473632812,0.5912815928459167
277,8,957.2337036132812,39.5565299987793,1126.029052734375,86.5254135131836,0.5774844884872437
277,11,1103.8505859375,78.69502258300781,1137.2982177734375,174.82342529296875,0.5700498223304749
277,6,1117.7264404296875,30.9195556640625,1301.889404296875,83.73676300048828,0.562148928642273
277,5,1214.25439453125,69.09022521972656,1266.293212890625,191.3290252685547,0.5372545719146729
277,7,1304.547119140625,41.46727752685547,1489.4197998046875,179.0595703125,0.47904911637306213
277,10,1082.0816650390625,176.5100555419922,1179.6285400390625,297.49285888671875,0.41074755787849426
277,15,1305.729248046875,42.092926025390625,1489.0357666015625,89.47265625,0.40976181626319885
277,12,1117.884521484375,31.66944122314453,1302.06298828125,194.9816436767578,0.39332735538482666
278,1,0.5249290466308594,259.521240234375,140.57835388183594,470.5745544433594,0.9087098836898804
278,2,266.7855529785156,112.73621368408203,518.8225708007812,245.32342529296875,0.8920156359672546
278,3,0.586944580078125,120.71710968017578,264.90667724609375,223.3029022216797,0.8708515167236328
278,19,607.2203369140625,127.09754180908203,654.3956298828125,253.86126708984375,0.7901737689971924
278,14,1067.18603515625,78.62031555175781,1105.2763671875,177.1289520263672,0.7494196891784668
278,9,951.5958251953125,173.76571655273438,989.2014770507812,221.85076904296875,0.6265888214111328
278,4,1677.6668701171875,34.73908233642578,1731.6785888671875,192.21437072753906,0.6065629124641418
278,8,957.2224731445312,39.64242935180664,1126.6455078125,86.53509521484375,0.5815275311470032
278,11,1103.73193359375,78.62919616699219,1137.5167236328125,174.49314880371094,0.5601884722709656
278,6,1117.818359375,30.915172576904297,1301.92529296875,83.7227554321289,0.5593979358673096
278,5,1214.5916748046875,68.48062133789062,1268.14599609375,191.029541015625,0.5393338799476624
278,7,1304.81298828125,41.579593658447266,1489.7392578125,179.1012725830078,0.46580761671066284
278,15,1304.61328125,42.393951416015625,1489.49267578125,86.2690200805664,0.42420482635498047
278,10,1082.032958984375,176.55482482910156,1179.594482421875,297.5396423339844,0.4235086739063263
278,12,1117.8841552734375,31.660005569458008,1302.0582275390625,194.95144653320312,0.3947775959968567
279,1,0.5256156921386719,259.5955810546875,140.5796661376953,470.6408386230469,0.9088146090507507
279,2,267.4122619628906,112.08293151855469,519.0432739257812,245.26766967773438,0.893958330154419
279,3,0.5104293823242188,120.58900451660156,265.46026611328125,222.86334228515625,0.87308269739151
279,19,607.1429443359375,125.11555480957031,655.8949584960938,254.24208068847656,0.7806718349456787
279,14,1067.1849365234375,78.35980224609375,1105.044189453125,176.90817260742188,0.7482381463050842
279,9,951.3290405273438,173.65966796875,989.2871704101562,221.8420867919922,0.6242367625236511
279,8,957.2341918945312,39.793731689453125,1126.1474609375,86.30738067626953,0.585036039352417
279,4,1677.7265625,34.74268341064453,1731.34423828125,192.1767578125,0.573236346244812
279,6,1117.5157470703125,30.77581787109375,1302.013916015625,83.53994750976562,0.5613596439361572
279,11,1103.807861328125,78.61214447021484,1137.5142822265625,173.3016815185547,0.5428244471549988
279,5,1214.5810546875,68.03279113769531,1268.2611083984375,191.02455139160156,0.5365607142448425
279,7,1304.6766357421875,41.61374282836914,1489.9764404296875,178.9639434814453,0.4645545184612274
279,10,1082.2401123046875,176.59698486328125,1179.8023681640625,297.66632080078125,0.42991718649864197
279,15,1304.60595703125,42.42241287231445,1489.710205078125,86.29363250732422,0.4232671856880188
279,12,1117.498046875,31.52695655822754,1302.1435546875,195.0223846435547,0.39736229181289673
279,25,976.0332641601562,187.34934997558594,1049.333984375,285.480224609375,0.3132494390010834
280,1,0.5253868103027344,259.6188049316406,140.5377960205078,470.6876220703125,0.9086546301841736
280,2,267.35443115234375,111.9158935546875,519.0303955078125,245.3639373779297,0.8946624994277954
280,3,0.546112060546875,120.556640625,265.5031433105469,223.01284790039062,0.8736073970794678
280,19,606.5036010742188,127.20065307617188,656.8343505859375,253.8061065673828,0.8020377159118652
280,14,1067.1724853515625,78.31040954589844,1104.959228515625,176.9593963623047,0.7459786534309387
280,9,951.4910888671875,173.96302795410156,989.2628173828125,221.79754638671875,0.6446847319602966
280,4,1677.64599609375,34.69413757324219,1729.995849609375,191.19984436035156,0.59925377368927
280,8,958.3584594726562,39.64002227783203,1125.5699462890625,85.68026733398438,0.5907576680183411
280,11,1103.5555419921875,78.28763580322266,1137.46044921875,173.2143096923828,0.5613057017326355
280,6,1118.03076171875,30.760459899902344,1302.278076171875,83.4573745727539,0.5603436827659607
280,5,1214.614501953125,68.02386474609375,1268.23876953125,191.30882263183594,0.5284307599067688
280,7,1304.9857177734375,41.516990661621094,1490.0703125,177.99966430664062,0.4542563259601593
280,15,1304.9547119140625,42.36433410644531,1489.7572021484375,86.32999420166016,0.43697690963745117
280,10,1082.376708984375,176.38174438476562,1179.7723388671875,297.4115295410156,0.41681861877441406
280,12,1118.208251953125,31.569305419921875,1302.4683837890625,195.19761657714844,0.3999825417995453
280,20,279.811279296875,97.12472534179688,303.9715881347656,161.87159729003906,0.3282985985279083
280,25,976.0091552734375,187.3175048828125,1049.5107421875,285.5740051269531,0.3034707307815552
281,1,0.5245285034179688,259.77667236328125,140.4884490966797,470.6551208496094,0.9086990356445312
281,2,266.7938232421875,112.17475891113281,518.700439453125,245.55661010742188,0.8890815377235413
281,3,0.45352935791015625,120.47466278076172,266.39483642578125,222.6562957763672,0.8703204393386841
281,19,606.1111450195312,127.80562591552734,659.412353515625,254.13356018066406,0.8257090449333191
281,14,1067.1522216796875,78.37232208251953,1104.7984619140625,176.7772674560547,0.7449584603309631
281,9,951.6529541015625,174.32997131347656,989.2650146484375,221.56019592285156,0.6419735550880432
281,8,958.3994750976562,39.44977951049805,1125.3648681640625,85.5699234008789,0.5914580225944519
281,4,1678.0894775390625,34.787750244140625,1728.7060546875,191.4550323486328,0.5867945551872253
281,11,1103.0772705078125,77.85589599609375,1137.702880859375,168.98904418945312,0.5568413138389587
281,6,1118.4686279296875,30.70085906982422,1302.47021484375,83.45645141601562,0.5543351769447327
281,5,1214.5570068359375,68.19932556152344,1268.3065185546875,191.71559143066406,0.521320104598999
281,7,1304.959716796875,41.444549560546875,1489.9786376953125,177.39447021484375,0.4664600193500519
281,15,1304.854736328125,42.29182434082031,1489.6455078125,86.54907989501953,0.42681485414505005
281,10,1082.11669921875,176.09349060058594,1180.2630615234375,297.63055419921875,0.42181798815727234
281,12,1118.7392578125,31.544076919555664,1302.6002197265625,195.3339385986328,0.4023393392562866
281,20,280.59588623046875,99.21327209472656,305.2335510253906,167.1643524169922,0.327856183052063
281,25,975.9168090820312,187.12684631347656,1049.469482421875,285.6421203613281,0.30925270915031433
282,1,0.5261077880859375,259.8858947753906,140.51268005371094,470.65301513671875,0.9092898368835449
282,2,267.3988952636719,111.43107604980469,518.9480590820312,245.47288513183594,0.890444815158844
282,3,0.446502685546875,120.46417999267578,265.95428466796875,222.743408203125,0.8708899617195129
282,19,607.0750122070312,128.0411376953125,661.2220458984375,253.87217712402344,0.8131558299064636
282,14,1067.0516357421875,78.35002899169922,1104.76171875,176.2378387451172,0.7200939655303955
282,4,1677.8463134765625,34.74952697753906,1728.327392578125,190.7760467529297,0.6406270861625671
282,9,951.4097900390625,174.44757080078125,989.2699584960938,221.52330017089844,0.6283822655677795
282,8,957.67529296875,39.47422409057617,1125.3665771484375,85.59212493896484,0.5876315236091614
282,6,1118.113037109375,30.590606689453125,1302.327392578125,83.27650451660156,0.5575191974639893
282,5,1214.484130859375,68.30248260498047,1268.3741455078125,191.5616455078125,0.5339410901069641
282,11,1103.0523681640625,77.65461730957031,1137.7933349609375,163.4110107421875,0.5297272801399231
282,7,1304.7677001953125,41.5032958984375,1490.1392822265625,177.20513916015625,0.46010345220565796
282,15,1304.526123046875,42.35430908203125,1489.8017578125,86.65853118896484,0.43277913331985474
282,10,1081.7021484375,176.2507781982422,1180.226318359375,297.2437438964844,0.4299216866493225
282,12,1118.400634765625,31.40826416015625,1302.4146728515625,195.3812255859375,0.4072583317756653
282,27,939.5244140625,45.7722053527832,971.8126831054688,161.31710815429688,0.3281356692314148
282,20,279.90234375,99.58918762207031,307.00213623046875,167.93984985351562,0.3111536204814911
282,25,975.9830932617188,187.29734802246094,1049.5712890625,285.7298583984375,0.3055482804775238
283,1,0.5220565795898438,259.7919616699219,140.56674194335938,470.6294860839844,0.9092919230461121
283,2,266.73858642578125,111.88243865966797,518.5759887695312,245.47792053222656,0.8896071314811707
283,3,0.4577178955078125,120.43203735351562,265.74517822265625,222.79380798339844,0.8700138330459595
283,19,609.58447265625,128.1842803955078,662.8480224609375,252.23699951171875,0.7879503965377808
283,14,1067.28125,78.29324340820312,1104.3436279296875,176.40968322753906,0.6626344323158264
283,4,1677.591064453125,34.642826080322266,1727.6337890625,189.73773193359375,0.6282276511192322
283,9,951.54052734375,174.4266357421875,989.29833984375,221.87521362304688,0.6222010254859924
283,8,957.2845458984375,39.47555923461914,1125.7928466796875,85.7850570678711,0.579073965549469
283,6,1117.416015625,30.874614715576172,1302.53173828125,83.59717559814453,0.5498448014259338
283,5,1214.43359375,67.84375762939453,1268.3446044921875,191.69944763183594,0.5176977515220642
283,7,1304.6961669921875,41.64571762084961,1489.969970703125,177.14920043945312,0.4584302008152008
283,11,1102.20458984375,77.1463851928711,1137.17919921875,156.2283935546875,0.44325175881385803
283,10,1081.7490234375,176.51611328125,1180.3946533203125,297.2650146484375,0.44242703914642334
283,15,1304.4522705078125,42.502017974853516,1489.660400390625,86.5848388671875,0.43289250135421753
283,12,1117.592041015625,31.728744506835938,1302.5919189453125,195.34597778320312,0.415712833404541
283,25,975.8162841796875,187.3965606689453,1049.7066650390625,285.6312255859375,0.3185166120529175
283,27,939.5790405273438,45.11437225341797,972.0132446289062,161.26361083984375,0.31639787554740906
284,1,0.525146484375,259.8240051269531,140.55111694335938,470.3939208984375,0.9095106720924377
284,2,266.636474609375,112.09405517578125,518.6273803710938,245.5173797607422,0.8899426460266113
284,3,0.47882080078125,120.41348266601562,265.63037109375,222.91127014160156,0.8688812851905823
284,19,609.673828125,128.5810546875,662.8150634765625,250.2476806640625,0.7266190052032471
284,4,1677.6234130859375,34.632545471191406,1727.5595703125,190.1217498779297,0.6304680109024048
284,9,951.5934448242188,174.48870849609375,989.2688598632812,221.8377685546875,0.6221856474876404
284,14,1067.6839599609375,78.12462615966797,1103.959716796875,171.46348571777344,0.5770617127418518
284,8,957.4949340820312,39.390438079833984,1125.995849609375,85.68949890136719,0.5661961436271667
284,6,1117.6292724609375,30.812576293945312,1302.36181640625,83.4757080078125,0.5448940992355347
284,5,1214.4613037109375,67.86426544189453,1268.260498046875,191.45166015625,0.5172122120857239
284,7,1304.7916259765625,41.62514114379883,1489.5750732421875,176.92868041992188,0.46260085701942444
284,10,1081.843505859375,176.63323974609375,1180.4901123046875,297.532470703125,0.44857701659202576
284,11,1101.4293212890625,77.46858215332031,1137.04736328125,160.23147583007812,0.41901102662086487
284,12,1117.7833251953125,31.67713165283203,1302.367919921875,195.09999084472656,0.4176158905029297
284,15,1304.25,42.53378677368164,1489.2572021484375,86.46712493896484,0.4123605191707611
284,25,975.82177734375,187.2638397216797,1049.759033203125,285.7287902832031,0.3149202764034271
285,1,0.5285568237304688,259.8050537109375,140.5616912841797,470.5869140625,0.9095085859298706
285,2,266.6928405761719,112.42771911621094,518.79345703125,245.5206298828125,0.8934686183929443
285,3,0.5393600463867188,120.27678680419922,264.9695129394531,223.0373992919922,0.8691443800926208
285,19,611.713623046875,127.69908142089844,664.4835815429688,248.14874267578125,0.7379806637763977
285,9,951.6046142578125,174.21734619140625,989.2999877929688,221.95486450195312,0.6314288377761841
285,4,1677.598388671875,34.667110443115234,1727.55615234375,191.84808349609375,0.6246621608734131
285,8,957.7115478515625,39.456153869628906,1126.740966796875,85.6497802734375,0.5627327561378479
285,6,1117.7821044921875,30.89044189453125,1302.5113525390625,83.77714538574219,0.5403007864952087
285,5,1214.4041748046875,68.11317443847656,1268.3507080078125,191.44044494628906,0.5166424512863159
285,14,1067.2535400390625,78.48770141601562,1104.4588623046875,178.15806579589844,0.506256639957428
285,7,1304.8406982421875,41.719520568847656,1489.3331298828125,177.0087432861328,0.463909387588501
285,10,1081.9349365234375,176.46116638183594,1180.861328125,297.7490234375,0.4514557123184204
285,12,1118.0548095703125,31.810134887695312,1302.5584716796875,194.9934539794922,0.41967663168907166
285,15,1305.8572998046875,42.27186584472656,1488.8289794921875,89.50952911376953,0.40847262740135193
285,11,1100.446044921875,77.61893463134766,1136.50390625,160.91973876953125,0.3358272314071655
285,25,975.5740356445312,187.16029357910156,1049.771240234375,285.79296875,0.31713154911994934
286,1,0.5244483947753906,259.76837158203125,140.57386779785156,470.5102233886719,0.909356951713562
286,2,266.6158447265625,112.45942687988281,518.6412963867188,245.46405029296875,0.8954241871833801
286,3,0.4340972900390625,120.20603942871094,265.64447021484375,222.72372436523438,0.8693282604217529
286,19,614.4193725585938,126.08428192138672,666.3206787109375,245.6392364501953,0.7762957215309143
286,9,951.61376953125,174.49484252929688,989.209716796875,221.9238739013672,0.6254521012306213
286,4,1677.7679443359375,34.811500549316406,1727.91943359375,191.4635467529297,0.6159845590591431
286,8,958.3452758789062,39.39445495605469,1127.3294677734375,85.53385162353516,0.5577094554901123
286,14,1067.4228515625,78.73223876953125,1104.60986328125,177.8782196044922,0.5501328110694885
286,6,1117.6519775390625,30.634849548339844,1302.7913818359375,84.05266571044922,0.5471532344818115
286,5,1214.1727294921875,68.051513671875,1268.561279296875,191.34201049804688,0.5182831883430481
286,7,1304.7562255859375,41.740264892578125,1489.334228515625,177.7942352294922,0.4521576166152954
286,12,1117.8392333984375,31.17377471923828,1302.8189697265625,193.29153442382812,0.4239608347415924
286,10,1081.3968505859375,176.66180419921875,1180.6510009765625,297.3126525878906,0.4221217632293701
286,15,1305.70751953125,42.29054641723633,1488.8446044921875,89.65228271484375,0.4110982120037079
286,25,975.7992553710938,187.09295654296875,1049.64599609375,285.7145690917969,0.3084929883480072
287,1,0.5246429443359375,259.906005859375,140.67689514160156,470.6113586425781,0.9088374972343445
287,2,266.5730895996094,112.4181137084961,518.5988159179688,245.63914489746094,0.8890480995178223
287,3,0.19470977783203125,119.85328674316406,266.48492431640625,223.0894775390625,0.8703481554985046
287,19,616.7015991210938,127.41891479492188,667.2910766601562,232.7716827392578,0.7159677743911743
287,9,951.7978515625,174.69700622558594,989.279541015625,221.7130889892578,0.6228424906730652
287,14,1067.8626708984375,78.73493957519531,1103.800537109375,175.63197326660156,0.6214907765388489
287,4,1677.1739501953125,35.069908142089844,1728.617431640625,192.17848205566406,0.6041696667671204
287,8,958.9072265625,39.379512786865234,1126.682373046875,85.35340118408203,0.5593581199645996
287,6,1118.334228515625,30.924659729003906,1302.8609619140625,84.23811340332031,0.5505731701850891
287,5,1213.9659423828125,67.53632354736328,1268.5767822265625,191.56851196289062,0.521370530128479
287,7,1304.6400146484375,41.808448791503906,1489.3179931640625,177.29159545898438,0.4573895335197449
287,10,1081.6959228515625,176.6263885498047,1180.983154296875,297.2178039550781,0.4399659037590027
287,12,1118.6737060546875,31.472471237182617,1302.9620361328125,193.73255920410156,0.4393620491027832
287,15,1305.81787109375,42.5990104675293,1489.2777099609375,87.79163360595703,0.41175520420074463
287,11,1099.2572021484375,77.95985412597656,1134.2010498046875,170.50003051757812,0.3573821485042572
287,25,975.7967529296875,186.98863220214844,1049.6248779296875,285.62469482421875,0.30573537945747375
288,1,0.5206146240234375,260.41094970703125,140.60009765625,470.74237060546875,0.9089524149894714
288,2,266.4537658691406,112.71926879882812,518.5032348632812,245.76425170898438,0.8898677229881287
288,3,0.32970428466796875,119.9792709350586,267.224609375,223.02406311035156,0.86881023645401
288,9,951.931640625,174.2086944580078,989.2393798828125,221.13514709472656,0.6054458022117615
288,14,1067.441162109375,78.67705535888672,1103.485595703125,175.77403259277344,0.5910941362380981
288,4,1676.712158203125,35.06989288330078,1728.9111328125,195.30349731445312,0.5869013667106628
288,8,958.6400756835938,39.71027755737305,1125.921142578125,85.52310180664062,0.5443989634513855
288,6,1118.6365966796875,31.083709716796875,1302.8616943359375,84.09588623046875,0.5405625700950623
288,10,1081.150634765625,176.2544403076172,1181.41845703125,296.6499328613281,0.4993574023246765
288,19,621.4246215820312,125.17066955566406,670.3646850585938,218.890869140625,0.471393883228302
288,5,1213.3265380859375,67.547607421875,1268.32763671875,191.59732055664062,0.46856191754341125
288,7,1305.0042724609375,41.6864128112793,1488.2745361328125,176.7329559326172,0.4483187198638916
288,12,1119.1845703125,31.494735717773438,1302.9764404296875,193.80784606933594,0.43492206931114197
288,15,1306.1337890625,42.03456497192383,1487.47998046875,89.51609802246094,0.4149038791656494
288,25,975.6476440429688,186.9037628173828,1049.3841552734375,285.3358459472656,0.3587929606437683
288,11,1097.5133056640625,77.87603759765625,1133.6451416015625,172.2167510986328,0.34993430972099304
289,1,0.5215072631835938,260.4075622558594,140.68728637695312,470.7298278808594,0.9088929295539856
289,2,266.372314453125,112.71514892578125,518.47412109375,245.71463012695312,0.8918591737747192
289,3,0.34265899658203125,120.06907653808594,267.0799255371094,222.9810333251953,0.8692429065704346
289,14,1067.896240234375,78.79710388183594,1103.468505859375,176.32449340820312,0.6127181053161621
289,9,951.8448486328125,174.53125,989.121826171875,221.05899047851562,0.6004725694656372
289,4,1675.57958984375,36.90464782714844,1729.2218017578125,214.16831970214844,0.592762291431427
289,6,1118.3177490234375,30.938827514648438,1302.8056640625,84.06761169433594,0.5477866530418396
289,8,958.5902709960938,39.610679626464844,1126.13671875,85.61615753173828,0.5374248027801514
289,10,1081.2642822265625,176.5616912841797,1181.6441650390625,296.6495361328125,0.4977097511291504
289,5,1213.12548828125,67.44747161865234,1268.331787109375,191.41815185546875,0.4545363187789917
289,19,626.1375732421875,125.91819763183594,666.22998046875,204.13201904296875,0.4463203549385071
289,7,1304.6522216796875,41.76869201660156,1488.2960205078125,177.10606384277344,0.4446546733379364
289,12,1118.7559814453125,31.302749633789062,1302.8392333984375,193.74769592285156,0.42254677414894104
289,15,1305.837890625,42.09954071044922,1487.425048828125,89.05785369873047,0.4147191047668457
289,25,975.6028442382812,186.8067626953125,1049.4451904296875,285.34881591796875,0.3449549078941345
289,11,1096.8790283203125,78.41663360595703,1130.35400390625,172.97998046875,0.32346028089523315
290,1,0.5104751586914062,260.564208984375,140.64450073242188,470.74237060546875,0.909425675868988
290,2,266.3346862792969,113.14686584472656,518.4933471679688,245.63241577148438,0.8937586545944214
290,3,0.401641845703125,119.82795715332031,267.4497985839844,222.99234008789062,0.8677900433540344
290,14,1067.7213134765625,78.77586364746094,1103.8740234375,176.6055908203125,0.6718187928199768
290,9,952.0973510742188,174.6910858154297,989.2183227539062,221.32191467285156,0.6005749702453613
290,4,1675.393798828125,37.522499084472656,1730.599365234375,214.6526336669922,0.5850434899330139
290,6,1118.4869384765625,30.78105926513672,1302.8067626953125,84.14015197753906,0.5476003289222717
290,8,958.5340576171875,39.6158561706543,1126.0360107421875,85.6622085571289,0.5362691879272461
290,10,1081.15869140625,176.3539581298828,1181.6912841796875,296.9363098144531,0.4777756929397583
290,7,1304.5244140625,41.647430419921875,1488.4666748046875,178.45188903808594,0.4551776945590973
290,5,1213.3026123046875,67.51231384277344,1268.35107421875,190.98916625976562,0.4550481140613556
290,12,1118.956787109375,31.16462516784668,1302.9022216796875,193.66412353515625,0.4235224723815918
290,15,1305.7071533203125,42.69091796875,1488.458251953125,86.77667999267578,0.4007546007633209
290,19,630.2140502929688,124.04109954833984,664.2176513671875,204.44691467285156,0.39937731623649597
290,11,1097.683349609375,78.15495300292969,1129.159912109375,174.2544708251953,0.38306909799575806
290,25,975.2554321289062,187.13919067382812,1049.64013671875,285.4613342285156,0.34217339754104614
291,1,0.48332977294921875,260.18756103515625,140.71339416503906,470.71527099609375,0.9098163843154907
291,2,266.51849365234375,112.93682098388672,518.3002319335938,245.56344604492188,0.8916102647781372
291,3,0.30759429931640625,119.59262084960938,267.4935607910156,222.93077087402344,0.8679766654968262
291,14,1068.521728515625,79.10387420654297,1104.567138671875,176.92416381835938,0.6628363728523254
291,9,952.1570434570312,174.69085693359375,989.1026000976562,221.21566772460938,0.607153058052063
291,4,1675.352783203125,37.85796356201172,1731.503173828125,214.48956298828125,0.6001759767532349
291,8,958.9684448242188,39.91529083251953,1125.993896484375,85.9925537109375,0.5350450277328491
291,6,1118.373779296875,30.708343505859375,1302.33251953125,84.11798858642578,0.5337197184562683
291,10,1081.5965576171875,176.4001922607422,1181.940673828125,296.70758056640625,0.46912866830825806
291,7,1304.6654052734375,41.46272277832031,1488.4981689453125,177.5103759765625,0.46619436144828796
291,12,1119.0067138671875,31.132112503051758,1302.430419921875,193.56222534179688,0.4367813766002655
291,5,1213.1134033203125,68.28156280517578,1266.043701171875,190.9067840576172,0.4223707616329193
291,15,1305.76171875,42.598655700683594,1488.5263671875,86.64582824707031,0.3984086215496063
291,11,1097.0086669921875,78.39196014404297,1127.3433837890625,174.4759979248047,0.39033040404319763
291,25,975.4478759765625,186.87057495117188,1049.7919921875,285.853271484375,0.30480673909187317
292,1,0.4809379577636719,260.15625,140.69281005859375,470.66802978515625,0.9100285768508911
292,2,266.5274963378906,112.99740600585938,518.2994384765625,245.46835327148438,0.8875311613082886
292,3,0.31642913818359375,119.50605010986328,267.2740478515625,222.8077392578125,0.8668575286865234
292,14,1068.982177734375,79.537353515625,1105.85595703125,177.11082458496094,0.6419720649719238
292,4,1675.225341796875,37.907066345214844,1731.58740234375,216.33660888671875,0.6380278468132019
292,9,952.1774291992188,174.1640167236328,989.111083984375,221.2053680419922,0.6030415296554565
292,6,1118.09033203125,30.777019500732422,1302.3099365234375,84.00714111328125,0.5482581257820129
292,8,958.80029296875,39.78571701049805,1126.6922607421875,86.20075225830078,0.5425237417221069
292,10,1081.4862060546875,176.9853057861328,1181.6405029296875,296.62457275390625,0.4843800365924835
292,7,1304.6136474609375,41.55354309082031,1488.57275390625,177.792724609375,0.46485868096351624
292,19,634.8018188476562,121.2436752319336,678.2130126953125,217.10244750976562,0.45299604535102844
292,12,1118.48779296875,31.09779167175293,1302.361572265625,193.80076599121094,0.41832655668258667
292,5,1213.326904296875,68.00788879394531,1266.027099609375,191.3030548095703,0.4089890420436859
292,15,1305.7156982421875,42.69818115234375,1488.58203125,86.6770248413086,0.40244048833847046
292,11,1097.15234375,78.92948913574219,1127.7174072265625,175.12637329101562,0.3680242598056793
292,25,975.6718139648438,186.94725036621094,1049.816650390625,285.8046569824219,0.33153843879699707
293,1,0.4828033447265625,260.1228332519531,140.6426544189453,470.6974182128906,0.9096413850784302
293,2,266.5168762207031,113.10399627685547,518.4615478515625,245.61375427246094,0.8857259750366211
293,3,0.325836181640625,119.54583740234375,267.2492370605469,222.7661590576172,0.8663416504859924
293,4,1675.0518798828125,37.843711853027344,1731.7398681640625,216.6769561767578,0.6346667408943176
293,9,951.9043579101562,174.00929260253906,989.1806030273438,221.18678283691406,0.6107611060142517
293,14,1071.1224365234375,79.48768615722656,1108.1925048828125,176.29458618164062,0.5995452404022217
293,19,637.2890625,120.75668334960938,680.6339721679688,238.33319091796875,0.5808032751083374
293,6,1117.629638671875,30.826709747314453,1301.9564208984375,83.83614349365234,0.5450793504714966
293,8,958.8585815429688,39.64822006225586,1126.853759765625,86.3335189819336,0.5336863398551941
293,10,1081.215087890625,177.0465545654297,1181.4261474609375,296.6272277832031,0.4903671145439148
293,7,1304.836669921875,41.650062561035156,1488.4442138671875,177.5361328125,0.4664393663406372
293,12,1117.909912109375,31.191123962402344,1302.0037841796875,193.53878784179688,0.42657917737960815
293,5,1213.177734375,67.84286499023438,1266.022705078125,191.26068115234375,0.40412765741348267
293,15,1305.997314453125,42.54899597167969,1488.0726318359375,88.06709289550781,0.3989916443824768
293,11,1096.9293212890625,79.16098022460938,1129.2203369140625,174.53443908691406,0.34028732776641846
293,25,975.8221435546875,187.012939453125,1049.8260498046875,285.8326721191406,0.3341551423072815
294,1,0.482025146484375,260.0010681152344,140.6733856201172,470.6722412109375,0.9094710350036621
294,2,266.5628356933594,113.03311157226562,518.4537963867188,245.6172637939453,0.8855515122413635
294,3,0.2996978759765625,119.47947692871094,267.3084716796875,222.7880401611328,0.8666023015975952
294,4,1675.307373046875,37.56861877441406,1731.796142578125,215.9125213623047,0.6246936917304993
294,9,951.9244995117188,174.0664825439453,989.18115234375,221.38294982910156,0.6194173693656921
294,14,1070.860595703125,78.45451354980469,1107.3505859375,176.19593811035156,0.593500018119812
294,6,1117.720703125,30.93365478515625,1301.9593505859375,83.86209869384766,0.541854739189148
294,8,958.3480224609375,39.60887145996094,1127.0482177734375,86.23880767822266,0.5232738852500916
294,10,1081.52490234375,177.15408325195312,1181.5968017578125,296.843017578125,0.49673745036125183
294,7,1304.694580078125,41.832618713378906,1488.296630859375,177.92918395996094,0.46508684754371643
294,19,640.8043823242188,123.18521881103516,683.3053588867188,224.70162963867188,0.44000470638275146
294,12,1117.96142578125,31.291677474975586,1302.025634765625,193.6406707763672,0.4329394996166229
294,15,1305.8734130859375,42.693511962890625,1487.911376953125,88.40283966064453,0.4048720896244049
294,5,1213.2567138671875,67.78912353515625,1266.0203857421875,191.59814453125,0.40401262044906616
294,30,641.4512939453125,123.89927673339844,682.0803833007812,193.82235717773438,0.3802097737789154
294,11,1097.2091064453125,81.0487060546875,1132.4744873046875,174.0601043701172,0.34211790561676025
294,25,975.7875366210938,187.10922241210938,1049.752197265625,285.8206481933594,0.3278340995311737
295,1,0.4834098815917969,259.9494323730469,140.72547912597656,470.7022705078125,0.9090153574943542
295,2,266.54150390625,113.21534729003906,518.4117431640625,245.53079223632812,0.8868201375007629
295,3,0.2761688232421875,119.27564239501953,267.33123779296875,222.80767822265625,0.8659807443618774
295,9,951.799072265625,173.84994506835938,989.2254638671875,221.25228881835938,0.5905908346176147
295,4,1675.6209716796875,36.00428009033203,1731.046630859375,216.36817932128906,0.5882624983787537
295,6,1117.9476318359375,30.853900909423828,1301.7957763671875,83.77228546142578,0.5529182553291321
295,8,957.743408203125,39.67477798461914,1127.5645751953125,86.26239013671875,0.5213590860366821
295,14,1070.250732421875,78.82260131835938,1108.3758544921875,175.27908325195312,0.50094074010849
295,10,1081.559814453125,176.7091064453125,1181.56396484375,296.5770263671875,0.48737505078315735
295,30,642.9186401367188,125.17447662353516,674.9302368164062,193.42172241210938,0.47824999690055847
295,7,1304.5975341796875,41.8098030090332,1488.485595703125,178.34307861328125,0.4706675410270691
295,5,1213.4154052734375,67.86154174804688,1266.14794921875,191.60574340820312,0.43555086851119995
295,12,1118.1551513671875,31.22911262512207,1301.8560791015625,193.78602600097656,0.432084321975708
295,15,1305.7991943359375,42.68115234375,1488.0816650390625,88.6219253540039,0.40447378158569336
295,25,975.7592163085938,187.03610229492188,1049.783203125,285.87835693359375,0.3287428915500641
295,11,1097.8525390625,81.60813903808594,1132.1727294921875,172.4307861328125,0.30880406498908997
296,1,0.4878044128417969,259.97076416015625,140.64601135253906,470.6996154785156,0.9090476632118225
296,2,266.6075134277344,113.25901794433594,518.3577270507812,245.49114990234375,0.8880372643470764
296,3,0.23838043212890625,119.08293914794922,267.3093566894531,222.91893005371094,0.8679265975952148
296,9,951.7131958007812,173.8000030517578,989.2172241210938,221.1660919189453,0.5875993967056274
296,4,1675.219482421875,36.045928955078125,1730.994140625,215.71665954589844,0.5806903839111328
296,14,1072.1041259765625,79.02273559570312,1109.2393798828125,175.45262145996094,0.5628324747085571
296,6,1117.7740478515625,30.67902374267578,1301.59619140625,83.62449645996094,0.5604366064071655
296,8,956.7435302734375,39.7979736328125,1126.5941162109375,86.36670684814453,0.5190892815589905
296,10,1081.8582763671875,175.73419189453125,1181.4334716796875,296.6451721191406,0.4918704628944397
296,7,1304.8948974609375,41.754478454589844,1488.5570068359375,178.09388732910156,0.4683579206466675
296,5,1213.631103515625,68.12738800048828,1266.252197265625,192.11106872558594,0.4506677985191345
296,30,645.9991455078125,125.73360443115234,684.2122192382812,190.87171936035156,0.4333558678627014
296,12,1117.9683837890625,31.0176944732666,1301.7613525390625,194.23324584960938,0.41859564185142517
296,15,1305.9591064453125,42.60302734375,1488.1190185546875,88.9244155883789,0.4107208549976349
296,11,1099.365966796875,80.50106048583984,1131.097412109375,172.68585205078125,0.35129356384277344
296,25,975.5921630859375,187.34033203125,1049.791015625,285.92608642578125,0.33715304732322693
297,1,0.4839134216308594,259.8459167480469,140.58128356933594,470.658447265625,0.9093104600906372
297,2,266.45965576171875,113.2823257446289,518.3606567382812,245.62188720703125,0.8941996097564697
297,3,0.342498779296875,119.0046157836914,267.04425048828125,222.9637451171875,0.8667578101158142
297,9,951.88427734375,173.75161743164062,989.2723999023438,221.035400390625,0.6031230688095093
297,14,1074.445556640625,78.97469329833984,1108.6514892578125,175.29574584960938,0.5988052487373352
297,6,1118.825439453125,30.634872436523438,1301.431396484375,83.50094604492188,0.567817747592926
297,4,1676.8170166015625,34.98040008544922,1731.899169921875,194.33094787597656,0.5572250485420227
297,30,647.2369995117188,122.31804656982422,683.65869140625,190.04000854492188,0.5425797700881958
297,11,1099.232421875,78.79625701904297,1129.93505859375,174.0560302734375,0.506504237651825
297,8,957.3209838867188,39.6510124206543,1125.8988037109375,85.9142074584961,0.503760039806366
297,10,1081.1163330078125,174.9437255859375,1182.1270751953125,297.5945739746094,0.47806334495544434
297,5,1213.9302978515625,67.91191864013672,1266.103515625,191.35598754882812,0.461463987827301
297,7,1304.96923828125,41.727630615234375,1488.1224365234375,179.23312377929688,0.4594787657260895
297,15,1306.0394287109375,42.57340621948242,1487.7774658203125,89.0992431640625,0.4129103720188141
297,12,1119.000244140625,31.369760513305664,1301.398193359375,195.61582946777344,0.40921691060066223
297,25,975.5679931640625,187.28741455078125,1049.9688720703125,286.1957702636719,0.338316410779953
298,1,0.47900390625,259.7733459472656,140.58551025390625,470.7008056640625,0.9092311263084412
298,2,266.4385986328125,113.08515930175781,518.4221801757812,245.48117065429688,0.892859697341919
298,3,0.3058319091796875,119.87644958496094,267.3333740234375,222.50592041015625,0.8664924502372742
298,30,648.9012451171875,121.23246002197266,688.0801391601562,187.4288330078125,0.6720438599586487
298,9,952.0892944335938,173.65603637695312,989.0934448242188,220.916748046875,0.6173859238624573
298,14,1074.936767578125,79.0550308227539,1110.45556640625,175.12684631347656,0.5971528887748718
298,4,1677.11572265625,34.91901397705078,1731.7562255859375,194.1624755859375,0.5714558959007263
298,6,1118.835693359375,30.715679168701172,1301.20068359375,83.52720642089844,0.5639743804931641
298,8,957.8111572265625,39.732994079589844,1125.2469482421875,85.61089324951172,0.5046918392181396
298,11,1099.3851318359375,78.87066650390625,1129.917236328125,174.45455932617188,0.5040488839149475
298,10,1081.1490478515625,175.09739685058594,1181.7545166015625,297.9638977050781,0.4831765592098236
298,5,1213.79931640625,67.88740539550781,1266.18798828125,191.1536865234375,0.48245200514793396
298,7,1305.0223388671875,41.554039001464844,1488.128173828125,180.07992553710938,0.4646807312965393
298,12,1118.8084716796875,31.438980102539062,1301.1954345703125,195.03396606445312,0.41094547510147095
298,15,1306.0777587890625,42.55337905883789,1487.841064453125,88.98029327392578,0.40530675649642944
298,25,975.6251220703125,187.2594451904297,1049.843994140625,285.90411376953125,0.3417532444000244
299,1,0.48138427734375,260.0819396972656,140.51234436035156,470.65496826171875,0.908969521522522
299,2,266.4542541503906,113.11209869384766,518.3988647460938,245.48480224609375,0.8941388130187988
299,3,0.30841827392578125,119.98226928710938,266.9202575683594,222.43089294433594,0.8649993538856506
299,30,651.9862060546875,121.57406616210938,690.2184448242188,187.74600219726562,0.6740290522575378
299,9,951.9899291992188,173.8205108642578,989.0383911132812,220.8757781982422,0.6158338189125061
299,4,1677.0538330078125,34.87542724609375,1731.7408447265625,195.1947021484375,0.5722899436950684
299,6,1118.833740234375,30.67009735107422,1301.04345703125,83.31747436523438,0.5705775022506714
299,14,1075.1756591796875,79.3938217163086,1109.0574951171875,174.59481811523438,0.5601512789726257
299,8,957.8977661132812,39.737571716308594,1125.7076416015625,85.48043060302734,0.5117751955986023
299,5,1213.787109375,67.5630111694336,1266.1475830078125,191.0906219482422,0.49771061539649963
299,10,1080.9569091796875,175.7094268798828,1182.0626220703125,298.0781555175781,0.48304224014282227
299,11,1097.4931640625,79.09320831298828,1129.99658203125,175.05404663085938,0.4768321216106415
299,7,1304.85986328125,41.524658203125,1487.9854736328125,179.7307586669922,0.4692938029766083
299,12,1118.7081298828125,31.403549194335938,1301.116943359375,195.3149871826172,0.4099227488040924
299,15,1306.0621337890625,42.49236297607422,1487.7293701171875,88.50018310546875,0.4004930555820465
299,25,975.9195556640625,187.629638671875,1049.8895263671875,285.8300476074219,0.34497833251953125
